index,iteration,test_accuracy,test_loss,timestamp,training_accuracy,training_loss
0,0,,,2018-08-04 09:56:02.012562,0.203125,2.3007242679595947
1,1,,,2018-08-04 09:56:02.942498,0.109375,2.3055641651153564
2,2,,,2018-08-04 09:56:03.826493,0.09375,2.302901268005371
3,3,,,2018-08-04 09:56:04.739077,0.109375,2.308668851852417
4,4,,,2018-08-04 09:56:05.550204,0.078125,2.3038196563720703
5,5,,,2018-08-04 09:56:06.379085,0.0625,2.302427291870117
6,6,,,2018-08-04 09:56:07.265898,0.140625,2.2988991737365723
7,7,,,2018-08-04 09:56:08.190205,0.09375,2.31005859375
8,8,,,2018-08-04 09:56:09.024867,0.1875,2.2929375171661377
9,9,,,2018-08-04 09:56:09.893699,0.109375,2.305206060409546
10,10,,,2018-08-04 09:56:10.767415,0.125,2.304216146469116
11,11,,,2018-08-04 09:56:11.699862,0.140625,2.2978577613830566
12,12,,,2018-08-04 09:56:12.577187,0.03125,2.3164823055267334
13,13,,,2018-08-04 09:56:13.452703,0.09375,2.304121494293213
14,14,,,2018-08-04 09:56:14.351665,0.125,2.3065876960754395
15,15,,,2018-08-04 09:56:15.157480,0.09375,2.3074028491973877
16,16,,,2018-08-04 09:56:15.955505,0.078125,2.3104493618011475
17,17,,,2018-08-04 09:56:16.792630,0.125,2.3062305450439453
18,18,,,2018-08-04 09:56:17.661753,0.109375,2.3026070594787598
19,19,,,2018-08-04 09:56:18.493467,0.09375,2.3017356395721436
20,20,0.1,2.3028483390808105,2018-08-04 09:56:19.332327,0.0625,2.3095970153808594
21,21,,,2018-08-04 09:57:10.150720,0.0625,2.3012256622314453
22,22,,,2018-08-04 09:57:10.966158,0.125,2.3014752864837646
23,23,,,2018-08-04 09:57:11.860713,0.125,2.3017520904541016
24,24,,,2018-08-04 09:57:12.811779,0.109375,2.302534818649292
25,25,,,2018-08-04 09:57:13.673176,0.203125,2.294745683670044
26,26,,,2018-08-04 09:57:14.538902,0.09375,2.3038294315338135
27,27,,,2018-08-04 09:57:15.377462,0.0625,2.304579019546509
28,28,,,2018-08-04 09:57:16.295252,0.140625,2.308537006378174
29,29,,,2018-08-04 09:57:17.263399,0.046875,2.3113763332366943
30,30,,,2018-08-04 09:57:18.213340,0.109375,2.30308198928833
31,31,,,2018-08-04 09:57:19.090281,0.09375,2.3056440353393555
32,32,,,2018-08-04 09:57:19.966786,0.125,2.3032243251800537
33,33,,,2018-08-04 09:57:20.828840,0.046875,2.3078982830047607
34,34,,,2018-08-04 09:57:21.786438,0.15625,2.3011507987976074
35,35,,,2018-08-04 09:57:22.717240,0.046875,2.301985740661621
36,36,,,2018-08-04 09:57:23.678605,0.09375,2.304966449737549
37,37,,,2018-08-04 09:57:24.617391,0.109375,2.3013529777526855
38,38,,,2018-08-04 09:57:25.446398,0.078125,2.305346727371216
39,39,,,2018-08-04 09:57:26.300463,0.0625,2.3027381896972656
40,40,0.1,2.302459478378296,2018-08-04 09:57:27.187722,0.15625,2.296450138092041
41,41,,,2018-08-04 09:58:17.259452,0.140625,2.2938075065612793
42,42,,,2018-08-04 09:58:18.212038,0.140625,2.296224355697632
43,43,,,2018-08-04 09:58:19.095202,0.109375,2.303166389465332
44,44,,,2018-08-04 09:58:20.024076,0.078125,2.3051259517669678
45,45,,,2018-08-04 09:58:20.925214,0.125,2.3054914474487305
46,46,,,2018-08-04 09:58:21.802269,0.046875,2.303377151489258
47,47,,,2018-08-04 09:58:22.613040,0.171875,2.296471357345581
48,48,,,2018-08-04 09:58:23.473251,0.125,2.30234694480896
49,49,,,2018-08-04 09:58:24.357532,0.078125,2.3018202781677246
50,50,,,2018-08-04 09:58:25.266766,0.046875,2.312983751296997
51,51,,,2018-08-04 09:58:26.157758,0.09375,2.2998180389404297
52,52,,,2018-08-04 09:58:27.059304,0.125,2.3100812435150146
53,53,,,2018-08-04 09:58:27.940633,0.09375,2.3013041019439697
54,54,,,2018-08-04 09:58:28.896603,0.09375,2.3025896549224854
55,55,,,2018-08-04 09:58:29.799255,0.03125,2.3040530681610107
56,56,,,2018-08-04 09:58:30.654852,0.09375,2.30877947807312
57,57,,,2018-08-04 09:58:31.605484,0.078125,2.3015408515930176
58,58,,,2018-08-04 09:58:32.501917,0.09375,2.304922580718994
59,59,,,2018-08-04 09:58:33.457160,0.078125,2.305690288543701
60,60,0.1,2.3017258644104004,2018-08-04 09:58:34.371296,0.15625,2.3001575469970703
61,61,,,2018-08-04 09:59:24.424882,0.078125,2.3038744926452637
62,62,,,2018-08-04 09:59:25.277060,0.109375,2.3035197257995605
63,63,,,2018-08-04 09:59:26.189932,0.0625,2.3047518730163574
64,64,,,2018-08-04 09:59:27.098606,0.078125,2.3039963245391846
65,65,,,2018-08-04 09:59:27.990628,0.078125,2.305091142654419
66,66,,,2018-08-04 09:59:28.893735,0.09375,2.304624080657959
67,67,,,2018-08-04 09:59:29.839236,0.125,2.300487518310547
68,68,,,2018-08-04 09:59:30.768005,0.1875,2.3009443283081055
69,69,,,2018-08-04 09:59:31.648996,0.15625,2.3009772300720215
70,70,,,2018-08-04 09:59:32.562809,0.15625,2.299694061279297
71,71,,,2018-08-04 09:59:33.486540,0.0625,2.302001953125
72,72,,,2018-08-04 09:59:34.446502,0.203125,2.29988431930542
73,73,,,2018-08-04 09:59:35.376522,0.171875,2.298982620239258
74,74,,,2018-08-04 09:59:36.279942,0.09375,2.302884817123413
75,75,,,2018-08-04 09:59:37.198958,0.125,2.303279399871826
76,76,,,2018-08-04 09:59:38.086270,0.078125,2.298950672149658
77,77,,,2018-08-04 09:59:38.971090,0.234375,2.2968661785125732
78,78,,,2018-08-04 09:59:39.904665,0.109375,2.301835536956787
79,79,,,2018-08-04 09:59:40.753800,0.109375,2.2991111278533936
80,80,0.1,2.301429033279419,2018-08-04 09:59:41.580466,0.140625,2.2962820529937744
81,81,,,2018-08-04 10:00:32.254400,0.046875,2.302995443344116
82,82,,,2018-08-04 10:00:33.090871,0.125,2.2935261726379395
83,83,,,2018-08-04 10:00:34.035168,0.125,2.3052868843078613
84,84,,,2018-08-04 10:00:34.908398,0.15625,2.302122116088867
85,85,,,2018-08-04 10:00:35.832983,0.15625,2.2939019203186035
86,86,,,2018-08-04 10:00:36.666364,0.09375,2.303210496902466
87,87,,,2018-08-04 10:00:37.539070,0.09375,2.305171012878418
88,88,,,2018-08-04 10:00:38.381910,0.109375,2.3032448291778564
89,89,,,2018-08-04 10:00:39.345920,0.0625,2.3008856773376465
90,90,,,2018-08-04 10:00:40.233270,0.140625,2.2975971698760986
91,91,,,2018-08-04 10:00:41.172611,0.0625,2.301842212677002
92,92,,,2018-08-04 10:00:42.049348,0.203125,2.2953269481658936
93,93,,,2018-08-04 10:00:42.928198,0.140625,2.303511619567871
94,94,,,2018-08-04 10:00:43.867225,0.15625,2.2973835468292236
95,95,,,2018-08-04 10:00:44.798998,0.15625,2.3040599822998047
96,96,,,2018-08-04 10:00:45.672407,0.125,2.297196626663208
97,97,,,2018-08-04 10:00:46.606865,0.171875,2.2974863052368164
98,98,,,2018-08-04 10:00:47.499657,0.0625,2.308896541595459
99,99,,,2018-08-04 10:00:48.394548,0.15625,2.309828042984009
100,100,0.1656,2.300288200378418,2018-08-04 10:00:49.230631,0.109375,2.304109573364258
101,101,,,2018-08-04 10:01:39.119509,0.203125,2.297492027282715
102,102,,,2018-08-04 10:01:40.089760,0.203125,2.299455404281616
103,103,,,2018-08-04 10:01:40.977739,0.0625,2.3074188232421875
104,104,,,2018-08-04 10:01:41.896399,0.078125,2.304255485534668
105,105,,,2018-08-04 10:01:42.813635,0.171875,2.303107500076294
106,106,,,2018-08-04 10:01:43.730994,0.09375,2.2970545291900635
107,107,,,2018-08-04 10:01:44.609311,0.0625,2.2965774536132812
108,108,,,2018-08-04 10:01:45.491172,0.171875,2.297694206237793
109,109,,,2018-08-04 10:01:46.412469,0.09375,2.298097848892212
110,110,,,2018-08-04 10:01:47.385686,0.125,2.300200939178467
111,111,,,2018-08-04 10:01:48.357322,0.078125,2.2984259128570557
112,112,,,2018-08-04 10:01:49.272061,0.0625,2.3005833625793457
113,113,,,2018-08-04 10:01:50.176201,0.203125,2.2932119369506836
114,114,,,2018-08-04 10:01:51.099015,0.0625,2.3014750480651855
115,115,,,2018-08-04 10:01:51.954237,0.21875,2.2972664833068848
116,116,,,2018-08-04 10:01:52.865795,0.078125,2.295260190963745
117,117,,,2018-08-04 10:01:53.792660,0.140625,2.2961714267730713
118,118,,,2018-08-04 10:01:54.706822,0.15625,2.2941155433654785
119,119,,,2018-08-04 10:01:55.560163,0.078125,2.3038430213928223
120,120,0.1,2.2980458736419678,2018-08-04 10:01:56.455341,0.140625,2.2979979515075684
121,121,,,2018-08-04 10:02:46.343099,0.0625,2.294679641723633
122,122,,,2018-08-04 10:02:47.246128,0.171875,2.293508529663086
123,123,,,2018-08-04 10:02:48.143845,0.046875,2.295548677444458
124,124,,,2018-08-04 10:02:48.991923,0.1875,2.2970426082611084
125,125,,,2018-08-04 10:02:49.867115,0.078125,2.3006608486175537
126,126,,,2018-08-04 10:02:50.715491,0.0625,2.300031900405884
127,127,,,2018-08-04 10:02:51.568849,0.125,2.2955799102783203
128,128,,,2018-08-04 10:02:52.427318,0.125,2.305266857147217
129,129,,,2018-08-04 10:02:53.285734,0.125,2.294072151184082
130,130,,,2018-08-04 10:02:54.151386,0.09375,2.3008029460906982
131,131,,,2018-08-04 10:02:55.021397,0.09375,2.3064656257629395
132,132,,,2018-08-04 10:02:55.841389,0.21875,2.294837474822998
133,133,,,2018-08-04 10:02:56.708993,0.171875,2.29826283454895
134,134,,,2018-08-04 10:02:57.603682,0.1875,2.29360032081604
135,135,,,2018-08-04 10:02:58.425998,0.140625,2.2980451583862305
136,136,,,2018-08-04 10:02:59.315252,0.109375,2.300943374633789
137,137,,,2018-08-04 10:03:00.101742,0.28125,2.2923526763916016
138,138,,,2018-08-04 10:03:00.931090,0.1875,2.294187307357788
139,139,,,2018-08-04 10:03:01.815173,0.203125,2.2907607555389404
140,140,0.1405,2.293874502182007,2018-08-04 10:03:02.729731,0.109375,2.297895669937134
141,141,,,2018-08-04 10:03:53.683156,0.140625,2.2917978763580322
142,142,,,2018-08-04 10:03:54.503782,0.109375,2.297454833984375
143,143,,,2018-08-04 10:03:55.369952,0.203125,2.296119451522827
144,144,,,2018-08-04 10:03:56.330496,0.09375,2.2998173236846924
145,145,,,2018-08-04 10:03:57.265172,0.09375,2.2955431938171387
146,146,,,2018-08-04 10:03:58.245949,0.109375,2.2940640449523926
147,147,,,2018-08-04 10:03:59.146540,0.1875,2.2927136421203613
148,148,,,2018-08-04 10:04:00.111813,0.15625,2.2949979305267334
149,149,,,2018-08-04 10:04:01.038744,0.125,2.295243978500366
150,150,,,2018-08-04 10:04:01.923162,0.234375,2.2889349460601807
151,151,,,2018-08-04 10:04:02.873224,0.09375,2.299405336380005
152,152,,,2018-08-04 10:04:03.782068,0.0625,2.292337656021118
153,153,,,2018-08-04 10:04:04.664977,0.203125,2.2830188274383545
154,154,,,2018-08-04 10:04:05.589361,0.03125,2.297846794128418
155,155,,,2018-08-04 10:04:06.535491,0.171875,2.290085554122925
156,156,,,2018-08-04 10:04:07.511883,0.171875,2.2869820594787598
157,157,,,2018-08-04 10:04:08.455694,0.125,2.2879528999328613
158,158,,,2018-08-04 10:04:09.358515,0.1875,2.2886595726013184
159,159,,,2018-08-04 10:04:10.242293,0.21875,2.286076545715332
160,160,0.1791,2.2831993103027344,2018-08-04 10:04:11.233138,0.09375,2.2871885299682617
161,161,,,2018-08-04 10:04:59.757903,0.1875,2.290203332901001
162,162,,,2018-08-04 10:05:00.558829,0.234375,2.2760558128356934
163,163,,,2018-08-04 10:05:01.492544,0.125,2.282715082168579
164,164,,,2018-08-04 10:05:02.415153,0.15625,2.282588005065918
165,165,,,2018-08-04 10:05:03.292567,0.125,2.2781498432159424
166,166,,,2018-08-04 10:05:04.247864,0.21875,2.2807018756866455
167,167,,,2018-08-04 10:05:05.181674,0.21875,2.278672218322754
168,168,,,2018-08-04 10:05:06.160447,0.1875,2.2817838191986084
169,169,,,2018-08-04 10:05:07.082025,0.171875,2.2771801948547363
170,170,,,2018-08-04 10:05:08.020255,0.140625,2.280198335647583
171,171,,,2018-08-04 10:05:08.875544,0.09375,2.273371458053589
172,172,,,2018-08-04 10:05:09.757285,0.296875,2.250901460647583
173,173,,,2018-08-04 10:05:10.674404,0.25,2.2601451873779297
174,174,,,2018-08-04 10:05:11.598404,0.1875,2.27435564994812
175,175,,,2018-08-04 10:05:12.487223,0.25,2.268120527267456
176,176,,,2018-08-04 10:05:13.401430,0.125,2.2514774799346924
177,177,,,2018-08-04 10:05:14.232825,0.15625,2.2583625316619873
178,178,,,2018-08-04 10:05:15.075525,0.15625,2.2740025520324707
179,179,,,2018-08-04 10:05:15.936887,0.234375,2.225496530532837
180,180,0.1924,2.243729591369629,2018-08-04 10:05:16.864416,0.125,2.255093574523926
181,181,,,2018-08-04 10:06:07.651912,0.25,2.2340712547302246
182,182,,,2018-08-04 10:06:08.592849,0.171875,2.245070219039917
183,183,,,2018-08-04 10:06:09.519025,0.09375,2.254554271697998
184,184,,,2018-08-04 10:06:10.382783,0.171875,2.245927572250366
185,185,,,2018-08-04 10:06:11.303659,0.1875,2.1994597911834717
186,186,,,2018-08-04 10:06:12.251767,0.125,2.2528905868530273
187,187,,,2018-08-04 10:06:13.187580,0.140625,2.199239730834961
188,188,,,2018-08-04 10:06:14.087154,0.234375,2.1963958740234375
189,189,,,2018-08-04 10:06:14.926616,0.125,2.218639850616455
190,190,,,2018-08-04 10:06:15.774577,0.234375,2.208036184310913
191,191,,,2018-08-04 10:06:16.616526,0.234375,2.1327226161956787
192,192,,,2018-08-04 10:06:17.435530,0.21875,2.1166749000549316
193,193,,,2018-08-04 10:06:18.290197,0.171875,2.2463419437408447
194,194,,,2018-08-04 10:06:19.133504,0.25,2.1030659675598145
195,195,,,2018-08-04 10:06:20.112914,0.234375,2.0809459686279297
196,196,,,2018-08-04 10:06:21.015568,0.171875,2.181615114212036
197,197,,,2018-08-04 10:06:21.879097,0.234375,2.172443151473999
198,198,,,2018-08-04 10:06:22.807616,0.234375,2.1307361125946045
199,199,,,2018-08-04 10:06:23.755651,0.15625,2.1494486331939697
200,200,0.1678,2.1898977756500244,2018-08-04 10:06:24.662875,0.21875,2.0903165340423584
201,201,,,2018-08-04 10:07:14.305849,0.125,2.229889392852783
202,202,,,2018-08-04 10:07:15.228551,0.1875,2.1102283000946045
203,203,,,2018-08-04 10:07:16.117434,0.21875,2.1561155319213867
204,204,,,2018-08-04 10:07:17.014611,0.25,2.091883420944214
205,205,,,2018-08-04 10:07:17.873427,0.171875,2.0968284606933594
206,206,,,2018-08-04 10:07:18.709450,0.203125,2.0837507247924805
207,207,,,2018-08-04 10:07:19.680923,0.140625,2.16049861907959
208,208,,,2018-08-04 10:07:20.505786,0.140625,2.1859495639801025
209,209,,,2018-08-04 10:07:21.432970,0.21875,2.1669583320617676
210,210,,,2018-08-04 10:07:22.341679,0.171875,2.094855546951294
211,211,,,2018-08-04 10:07:23.263054,0.109375,2.2417659759521484
212,212,,,2018-08-04 10:07:24.105925,0.21875,1.9900084733963013
213,213,,,2018-08-04 10:07:24.965494,0.203125,2.3008909225463867
214,214,,,2018-08-04 10:07:25.884659,0.0625,2.224942207336426
215,215,,,2018-08-04 10:07:26.758889,0.21875,2.09529709815979
216,216,,,2018-08-04 10:07:27.727095,0.203125,2.136537551879883
217,217,,,2018-08-04 10:07:28.585147,0.1875,2.1700522899627686
218,218,,,2018-08-04 10:07:29.488842,0.140625,2.1088902950286865
219,219,,,2018-08-04 10:07:30.386267,0.25,2.0053093433380127
220,220,0.1066,2.3882710933685303,2018-08-04 10:07:31.383867,0.125,2.2279958724975586
221,221,,,2018-08-04 10:08:20.557788,0.078125,2.355058193206787
222,222,,,2018-08-04 10:08:21.504372,0.171875,2.237097978591919
223,223,,,2018-08-04 10:08:22.453538,0.25,2.1595425605773926
224,224,,,2018-08-04 10:08:23.406905,0.265625,2.0947093963623047
225,225,,,2018-08-04 10:08:24.387742,0.171875,2.0666251182556152
226,226,,,2018-08-04 10:08:25.263129,0.21875,2.0516083240509033
227,227,,,2018-08-04 10:08:26.184421,0.109375,2.189706325531006
228,228,,,2018-08-04 10:08:27.131354,0.1875,2.093099594116211
229,229,,,2018-08-04 10:08:28.090536,0.203125,2.123835802078247
230,230,,,2018-08-04 10:08:29.084758,0.21875,2.1680116653442383
231,231,,,2018-08-04 10:08:30.013994,0.265625,2.135230779647827
232,232,,,2018-08-04 10:08:30.892465,0.296875,2.0417866706848145
233,233,,,2018-08-04 10:08:31.792279,0.265625,2.0523486137390137
234,234,,,2018-08-04 10:08:32.760877,0.140625,2.1533589363098145
235,235,,,2018-08-04 10:08:33.702374,0.125,2.1551413536071777
236,236,,,2018-08-04 10:08:34.550007,0.171875,2.1289961338043213
237,237,,,2018-08-04 10:08:35.487083,0.1875,2.1187729835510254
238,238,,,2018-08-04 10:08:36.425033,0.09375,2.0892229080200195
239,239,,,2018-08-04 10:08:37.306834,0.265625,2.058560609817505
240,240,0.1296,2.4890358448028564,2018-08-04 10:08:38.200718,0.15625,2.1219637393951416
241,241,,,2018-08-04 10:09:30.804574,0.125,2.6201653480529785
242,242,,,2018-08-04 10:09:31.656878,0.1875,2.130249500274658
243,243,,,2018-08-04 10:09:32.542245,0.203125,2.2253172397613525
244,244,,,2018-08-04 10:09:33.539707,0.234375,2.0603795051574707
245,245,,,2018-08-04 10:09:34.495500,0.078125,2.2659738063812256
246,246,,,2018-08-04 10:09:35.461363,0.21875,2.082925796508789
247,247,,,2018-08-04 10:09:36.469602,0.21875,2.132215976715088
248,248,,,2018-08-04 10:09:37.500471,0.171875,2.1044039726257324
249,249,,,2018-08-04 10:09:38.483048,0.1875,2.1685678958892822
250,250,,,2018-08-04 10:09:39.468292,0.109375,2.112230062484741
251,251,,,2018-08-04 10:09:40.394668,0.203125,2.6941652297973633
252,252,,,2018-08-04 10:09:41.390160,0.15625,2.0480756759643555
253,253,,,2018-08-04 10:09:42.350513,0.09375,2.219409704208374
254,254,,,2018-08-04 10:09:43.264452,0.234375,2.168165922164917
255,255,,,2018-08-04 10:09:44.130040,0.171875,2.1464240550994873
256,256,,,2018-08-04 10:09:45.133817,0.140625,2.196052074432373
257,257,,,2018-08-04 10:09:46.061320,0.21875,2.0925300121307373
258,258,,,2018-08-04 10:09:47.045501,0.234375,2.0238473415374756
259,259,,,2018-08-04 10:09:48.006001,0.15625,2.153348445892334
260,260,0.1584,2.3110694885253906,2018-08-04 10:09:48.953885,0.125,2.0941359996795654
261,261,,,2018-08-04 10:10:39.287868,0.25,2.047934055328369
262,262,,,2018-08-04 10:10:40.222984,0.234375,2.2559056282043457
263,263,,,2018-08-04 10:10:41.173231,0.234375,2.078204870223999
264,264,,,2018-08-04 10:10:42.047886,0.171875,2.059180498123169
265,265,,,2018-08-04 10:10:43.044388,0.125,2.156881332397461
266,266,,,2018-08-04 10:10:43.997799,0.25,1.9592400789260864
267,267,,,2018-08-04 10:10:44.885638,0.171875,2.0647313594818115
268,268,,,2018-08-04 10:10:45.869038,0.171875,2.16605806350708
269,269,,,2018-08-04 10:10:46.859402,0.15625,2.2600746154785156
270,270,,,2018-08-04 10:10:47.778132,0.21875,2.0735905170440674
271,271,,,2018-08-04 10:10:48.645744,0.15625,2.2860159873962402
272,272,,,2018-08-04 10:10:49.545424,0.21875,2.1638011932373047
273,273,,,2018-08-04 10:10:50.475978,0.15625,2.2306854724884033
274,274,,,2018-08-04 10:10:51.473136,0.109375,2.2355539798736572
275,275,,,2018-08-04 10:10:52.343294,0.1875,2.1512842178344727
276,276,,,2018-08-04 10:10:53.266983,0.109375,2.1495344638824463
277,277,,,2018-08-04 10:10:54.231754,0.25,2.0756771564483643
278,278,,,2018-08-04 10:10:55.265656,0.140625,2.1401455402374268
279,279,,,2018-08-04 10:10:56.277617,0.109375,2.098209857940674
280,280,0.1068,2.6113908290863037,2018-08-04 10:10:57.269379,0.28125,2.0029044151306152
281,281,,,2018-08-04 10:11:47.040155,0.140625,2.468418598175049
282,282,,,2018-08-04 10:11:47.999531,0.140625,2.2327468395233154
283,283,,,2018-08-04 10:11:48.914305,0.140625,2.191673517227173
284,284,,,2018-08-04 10:11:49.859174,0.140625,2.2324063777923584
285,285,,,2018-08-04 10:11:50.741462,0.140625,2.1745402812957764
286,286,,,2018-08-04 10:11:51.661365,0.265625,2.130969762802124
287,287,,,2018-08-04 10:11:52.635603,0.140625,2.1847429275512695
288,288,,,2018-08-04 10:11:53.532981,0.140625,2.151876449584961
289,289,,,2018-08-04 10:11:54.517266,0.234375,2.0412256717681885
290,290,,,2018-08-04 10:11:55.518783,0.171875,2.098405122756958
291,291,,,2018-08-04 10:11:56.395829,0.078125,4.38478422164917
292,292,,,2018-08-04 10:11:57.352454,0.125,2.2581398487091064
293,293,,,2018-08-04 10:11:58.336922,0.171875,2.2246265411376953
294,294,,,2018-08-04 10:11:59.273246,0.125,2.2001633644104004
295,295,,,2018-08-04 10:12:00.257974,0.21875,2.193225145339966
296,296,,,2018-08-04 10:12:01.142058,0.21875,2.275151014328003
297,297,,,2018-08-04 10:12:02.049519,0.1875,2.2152206897735596
298,298,,,2018-08-04 10:12:03.029628,0.15625,2.1992228031158447
299,299,,,2018-08-04 10:12:04.035840,0.09375,2.172342538833618
300,300,0.1859,2.178035259246826,2018-08-04 10:12:05.084688,0.171875,2.1924800872802734
301,301,,,2018-08-04 10:12:57.346184,0.109375,2.3685078620910645
302,302,,,2018-08-04 10:12:58.268200,0.203125,2.1014387607574463
303,303,,,2018-08-04 10:12:59.147988,0.1875,2.047614336013794
304,304,,,2018-08-04 10:13:00.048603,0.09375,2.114147663116455
305,305,,,2018-08-04 10:13:00.918697,0.21875,1.9308005571365356
306,306,,,2018-08-04 10:13:01.781752,0.234375,2.0180816650390625
307,307,,,2018-08-04 10:13:02.683147,0.15625,2.0363359451293945
308,308,,,2018-08-04 10:13:03.604228,0.171875,1.974924921989441
309,309,,,2018-08-04 10:13:04.439561,0.234375,1.9873234033584595
310,310,,,2018-08-04 10:13:05.332919,0.21875,1.9671292304992676
311,311,,,2018-08-04 10:13:06.291617,0.234375,2.2150800228118896
312,312,,,2018-08-04 10:13:07.227138,0.140625,2.314129114151001
313,313,,,2018-08-04 10:13:08.128339,0.171875,2.166480302810669
314,314,,,2018-08-04 10:13:08.987999,0.171875,2.1891987323760986
315,315,,,2018-08-04 10:13:09.847768,0.21875,2.2512271404266357
316,316,,,2018-08-04 10:13:10.668284,0.21875,2.1395065784454346
317,317,,,2018-08-04 10:13:11.547601,0.1875,2.1709465980529785
318,318,,,2018-08-04 10:13:12.601580,0.28125,2.0945205688476562
319,319,,,2018-08-04 10:13:13.523650,0.171875,2.2357654571533203
320,320,0.1475,2.175956964492798,2018-08-04 10:13:14.449253,0.25,2.1331381797790527
321,321,,,2018-08-04 10:14:04.916928,0.078125,2.1907880306243896
322,322,,,2018-08-04 10:14:05.891225,0.140625,2.161820411682129
323,323,,,2018-08-04 10:14:06.889837,0.140625,2.1466615200042725
324,324,,,2018-08-04 10:14:07.864591,0.125,2.2229421138763428
325,325,,,2018-08-04 10:14:08.786889,0.15625,2.1520261764526367
326,326,,,2018-08-04 10:14:09.710610,0.203125,2.1700406074523926
327,327,,,2018-08-04 10:14:10.625485,0.109375,2.195622682571411
328,328,,,2018-08-04 10:14:11.547817,0.234375,2.034820318222046
329,329,,,2018-08-04 10:14:12.481683,0.203125,2.076935291290283
330,330,,,2018-08-04 10:14:13.375167,0.25,2.1463048458099365
331,331,,,2018-08-04 10:14:14.245648,0.1875,2.3664138317108154
332,332,,,2018-08-04 10:14:15.136693,0.0625,2.2221124172210693
333,333,,,2018-08-04 10:14:15.985288,0.203125,2.1210427284240723
334,334,,,2018-08-04 10:14:16.925334,0.25,2.0918619632720947
335,335,,,2018-08-04 10:14:17.855527,0.203125,2.176826000213623
336,336,,,2018-08-04 10:14:18.800431,0.15625,2.168461799621582
337,337,,,2018-08-04 10:14:19.803966,0.25,2.0928285121917725
338,338,,,2018-08-04 10:14:20.790369,0.3125,2.0430519580841064
339,339,,,2018-08-04 10:14:21.738493,0.21875,2.0661964416503906
340,340,0.1824,2.13350772857666,2018-08-04 10:14:22.592384,0.125,2.165518283843994
341,341,,,2018-08-04 10:15:15.125770,0.203125,2.1754226684570312
342,342,,,2018-08-04 10:15:16.049773,0.203125,2.0274577140808105
343,343,,,2018-08-04 10:15:17.004904,0.140625,2.0535168647766113
344,344,,,2018-08-04 10:15:18.083154,0.109375,2.0670950412750244
345,345,,,2018-08-04 10:15:19.064656,0.125,2.123565673828125
346,346,,,2018-08-04 10:15:20.004845,0.15625,2.0625534057617188
347,347,,,2018-08-04 10:15:21.021008,0.140625,2.0277676582336426
348,348,,,2018-08-04 10:15:22.011971,0.1875,2.0153298377990723
349,349,,,2018-08-04 10:15:22.978577,0.09375,2.1077158451080322
350,350,,,2018-08-04 10:15:23.964849,0.1875,1.9692271947860718
351,351,,,2018-08-04 10:15:24.870209,0.1875,2.4687159061431885
352,352,,,2018-08-04 10:15:25.817336,0.25,2.1436843872070312
353,353,,,2018-08-04 10:15:26.739157,0.1875,2.226522207260132
354,354,,,2018-08-04 10:15:27.651947,0.171875,2.0717437267303467
355,355,,,2018-08-04 10:15:28.559548,0.171875,2.122063398361206
356,356,,,2018-08-04 10:15:29.530311,0.1875,2.1599040031433105
357,357,,,2018-08-04 10:15:30.558160,0.1875,2.0910379886627197
358,358,,,2018-08-04 10:15:31.526911,0.203125,2.053417205810547
359,359,,,2018-08-04 10:15:32.453371,0.234375,2.0617589950561523
360,360,0.1562,2.238954782485962,2018-08-04 10:15:33.474553,0.25,2.063232183456421
361,361,,,2018-08-04 10:16:25.347216,0.1875,2.1491692066192627
362,362,,,2018-08-04 10:16:26.277128,0.15625,2.1873228549957275
363,363,,,2018-08-04 10:16:27.290403,0.140625,2.1213481426239014
364,364,,,2018-08-04 10:16:28.291098,0.109375,2.124058246612549
365,365,,,2018-08-04 10:16:29.248015,0.171875,2.225379705429077
366,366,,,2018-08-04 10:16:30.231194,0.265625,2.0361568927764893
367,367,,,2018-08-04 10:16:31.185774,0.28125,2.050741195678711
368,368,,,2018-08-04 10:16:32.096597,0.15625,2.0391547679901123
369,369,,,2018-08-04 10:16:33.016163,0.125,2.0561788082122803
370,370,,,2018-08-04 10:16:33.960740,0.21875,1.9032889604568481
371,371,,,2018-08-04 10:16:34.810920,0.203125,2.144331932067871
372,372,,,2018-08-04 10:16:35.703079,0.171875,2.1492223739624023
373,373,,,2018-08-04 10:16:36.668499,0.125,2.2482948303222656
374,374,,,2018-08-04 10:16:37.616823,0.15625,2.093877077102661
375,375,,,2018-08-04 10:16:38.487284,0.109375,2.2184510231018066
376,376,,,2018-08-04 10:16:39.408720,0.125,2.1870288848876953
377,377,,,2018-08-04 10:16:40.246202,0.140625,2.1482295989990234
378,378,,,2018-08-04 10:16:41.215139,0.234375,2.102931022644043
379,379,,,2018-08-04 10:16:42.214083,0.15625,2.146895170211792
380,380,0.1179,2.7543113231658936,2018-08-04 10:16:43.137203,0.0625,2.118164300918579
381,381,,,2018-08-04 10:17:35.848059,0.15625,2.6054434776306152
382,382,,,2018-08-04 10:17:36.728109,0.140625,2.17301344871521
383,383,,,2018-08-04 10:17:37.617253,0.15625,2.1672024726867676
384,384,,,2018-08-04 10:17:38.509174,0.21875,2.0776796340942383
385,385,,,2018-08-04 10:17:39.426903,0.34375,2.0374624729156494
386,386,,,2018-08-04 10:17:40.297947,0.1875,2.0168957710266113
387,387,,,2018-08-04 10:17:41.274929,0.109375,2.2451751232147217
388,388,,,2018-08-04 10:17:42.254277,0.328125,1.9904437065124512
389,389,,,2018-08-04 10:17:43.182733,0.140625,2.0821897983551025
390,390,,,2018-08-04 10:17:44.175466,0.203125,2.0112907886505127
391,391,,,2018-08-04 10:17:45.149249,0.15625,2.3524982929229736
392,392,,,2018-08-04 10:17:46.088617,0.125,2.1548213958740234
393,393,,,2018-08-04 10:17:46.980395,0.234375,2.09918212890625
394,394,,,2018-08-04 10:17:47.885969,0.1875,2.0278422832489014
395,395,,,2018-08-04 10:17:48.752680,0.125,2.1975152492523193
396,396,,,2018-08-04 10:17:49.702698,0.1875,2.175027847290039
397,397,,,2018-08-04 10:17:50.667024,0.265625,2.035271167755127
398,398,,,2018-08-04 10:17:51.602513,0.15625,2.0787532329559326
399,399,,,2018-08-04 10:17:52.560259,0.21875,2.0334575176239014
400,400,0.1006,3.581378221511841,2018-08-04 10:17:53.575707,0.25,2.0801548957824707
401,401,,,2018-08-04 10:18:44.581238,0.0625,4.200082302093506
402,402,,,2018-08-04 10:18:45.509243,0.03125,2.3160126209259033
403,403,,,2018-08-04 10:18:46.380699,0.15625,2.287564992904663
404,404,,,2018-08-04 10:18:47.353284,0.109375,2.241746187210083
405,405,,,2018-08-04 10:18:48.281358,0.09375,2.256939172744751
406,406,,,2018-08-04 10:18:49.290947,0.125,2.2694342136383057
407,407,,,2018-08-04 10:18:50.231381,0.125,2.2329211235046387
408,408,,,2018-08-04 10:18:51.154933,0.171875,2.244150161743164
409,409,,,2018-08-04 10:18:52.147416,0.0625,2.2296266555786133
410,410,,,2018-08-04 10:18:53.170574,0.171875,2.249558687210083
411,411,,,2018-08-04 10:18:54.185575,0.203125,2.1873786449432373
412,412,,,2018-08-04 10:18:55.166068,0.21875,2.130875587463379
413,413,,,2018-08-04 10:18:56.128253,0.25,2.1115477085113525
414,414,,,2018-08-04 10:18:57.043696,0.1875,2.0923140048980713
415,415,,,2018-08-04 10:18:58.100387,0.140625,2.135420322418213
416,416,,,2018-08-04 10:18:58.994574,0.171875,2.0679643154144287
417,417,,,2018-08-04 10:18:59.878453,0.09375,2.1750099658966064
418,418,,,2018-08-04 10:19:00.813053,0.234375,2.0441880226135254
419,419,,,2018-08-04 10:19:01.735045,0.1875,2.110656499862671
420,420,0.1,2.5167551040649414,2018-08-04 10:19:02.660048,0.125,2.106550455093384
421,421,,,2018-08-04 10:19:54.910204,0.109375,2.3850209712982178
422,422,,,2018-08-04 10:19:55.905382,0.09375,2.3711140155792236
423,423,,,2018-08-04 10:19:56.926476,0.0625,2.3882334232330322
424,424,,,2018-08-04 10:19:57.893648,0.140625,2.2402303218841553
425,425,,,2018-08-04 10:19:58.842123,0.140625,2.261871814727783
426,426,,,2018-08-04 10:19:59.735116,0.0625,2.311339855194092
427,427,,,2018-08-04 10:20:00.645095,0.046875,2.2997195720672607
428,428,,,2018-08-04 10:20:01.550020,0.140625,2.1460964679718018
429,429,,,2018-08-04 10:20:02.440651,0.140625,2.218615770339966
430,430,,,2018-08-04 10:20:03.367645,0.109375,2.331951141357422
431,431,,,2018-08-04 10:20:04.308464,0.03125,2.7447214126586914
432,432,,,2018-08-04 10:20:05.198835,0.078125,2.2943313121795654
433,433,,,2018-08-04 10:20:06.076219,0.125,2.1863057613372803
434,434,,,2018-08-04 10:20:06.876572,0.171875,2.083413600921631
435,435,,,2018-08-04 10:20:07.756287,0.109375,2.148607015609741
436,436,,,2018-08-04 10:20:08.651437,0.109375,2.206366539001465
437,437,,,2018-08-04 10:20:09.559090,0.125,2.222282886505127
438,438,,,2018-08-04 10:20:10.507725,0.171875,2.210441827774048
439,439,,,2018-08-04 10:20:11.408708,0.109375,2.157241106033325
440,440,0.1341,2.2291674613952637,2018-08-04 10:20:12.338360,0.1875,2.212045907974243
441,441,,,2018-08-04 10:21:03.926599,0.234375,2.2216413021087646
442,442,,,2018-08-04 10:21:04.879373,0.171875,2.212754726409912
443,443,,,2018-08-04 10:21:05.818647,0.140625,2.243972063064575
444,444,,,2018-08-04 10:21:06.665598,0.09375,2.2463841438293457
445,445,,,2018-08-04 10:21:07.562637,0.09375,2.1674468517303467
446,446,,,2018-08-04 10:21:08.499731,0.234375,2.1946394443511963
447,447,,,2018-08-04 10:21:09.443621,0.109375,2.2271900177001953
448,448,,,2018-08-04 10:21:10.325183,0.0625,2.25849986076355
449,449,,,2018-08-04 10:21:11.223462,0.125,2.1567156314849854
450,450,,,2018-08-04 10:21:12.128535,0.125,2.1906678676605225
451,451,,,2018-08-04 10:21:13.027791,0.078125,2.288954973220825
452,452,,,2018-08-04 10:21:14.015143,0.09375,2.2857816219329834
453,453,,,2018-08-04 10:21:14.864023,0.09375,2.3496272563934326
454,454,,,2018-08-04 10:21:15.819743,0.09375,2.3144819736480713
455,455,,,2018-08-04 10:21:16.771212,0.0625,2.3261594772338867
456,456,,,2018-08-04 10:21:17.728118,0.140625,2.2824387550354004
457,457,,,2018-08-04 10:21:18.703325,0.15625,2.2686474323272705
458,458,,,2018-08-04 10:21:19.564085,0.09375,2.315162181854248
459,459,,,2018-08-04 10:21:20.482801,0.015625,2.333951234817505
460,460,0.1579,2.217262029647827,2018-08-04 10:21:21.334783,0.109375,2.324805498123169
461,461,,,2018-08-04 10:22:14.891182,0.15625,2.2101001739501953
462,462,,,2018-08-04 10:22:15.833864,0.28125,2.2198171615600586
463,463,,,2018-08-04 10:22:16.788145,0.296875,2.162794589996338
464,464,,,2018-08-04 10:22:17.792703,0.140625,2.174532651901245
465,465,,,2018-08-04 10:22:18.746258,0.140625,2.107929229736328
466,466,,,2018-08-04 10:22:19.780850,0.15625,2.171774387359619
467,467,,,2018-08-04 10:22:20.821070,0.1875,2.213325262069702
468,468,,,2018-08-04 10:22:21.715067,0.203125,2.09517240524292
469,469,,,2018-08-04 10:22:22.590951,0.171875,2.072378158569336
470,470,,,2018-08-04 10:22:23.510584,0.15625,2.1228106021881104
471,471,,,2018-08-04 10:22:24.429579,0.15625,2.2412538528442383
472,472,,,2018-08-04 10:22:25.425473,0.125,2.138310194015503
473,473,,,2018-08-04 10:22:26.375098,0.125,2.157538414001465
474,474,,,2018-08-04 10:22:27.271499,0.21875,2.0647854804992676
475,475,,,2018-08-04 10:22:28.244687,0.15625,2.1576523780822754
476,476,,,2018-08-04 10:22:29.175594,0.125,2.091500759124756
477,477,,,2018-08-04 10:22:30.120959,0.265625,2.0553510189056396
478,478,,,2018-08-04 10:22:31.037255,0.140625,2.167038917541504
479,479,,,2018-08-04 10:22:31.982861,0.203125,2.1345863342285156
480,480,0.1654,4.07059907913208,2018-08-04 10:22:32.878114,0.125,2.039761781692505
481,481,,,2018-08-04 10:23:23.649829,0.171875,4.191892623901367
482,482,,,2018-08-04 10:23:24.545927,0.171875,2.1883440017700195
483,483,,,2018-08-04 10:23:25.445189,0.234375,2.151740074157715
484,484,,,2018-08-04 10:23:26.354283,0.171875,2.1309611797332764
485,485,,,2018-08-04 10:23:27.314530,0.203125,2.2319750785827637
486,486,,,2018-08-04 10:23:28.279729,0.1875,2.162524938583374
487,487,,,2018-08-04 10:23:29.163710,0.140625,2.130094051361084
488,488,,,2018-08-04 10:23:30.148503,0.203125,2.118009090423584
489,489,,,2018-08-04 10:23:31.080725,0.234375,2.0416882038116455
490,490,,,2018-08-04 10:23:32.078597,0.125,2.1856861114501953
491,491,,,2018-08-04 10:23:32.981360,0.203125,2.0404715538024902
492,492,,,2018-08-04 10:23:33.825733,0.171875,2.022202730178833
493,493,,,2018-08-04 10:23:34.699216,0.15625,2.034705877304077
494,494,,,2018-08-04 10:23:35.599992,0.15625,2.152369260787964
495,495,,,2018-08-04 10:23:36.596559,0.171875,2.0477514266967773
496,496,,,2018-08-04 10:23:37.488646,0.140625,2.013916254043579
497,497,,,2018-08-04 10:23:38.435484,0.109375,2.102504253387451
498,498,,,2018-08-04 10:23:39.434966,0.171875,2.0510263442993164
499,499,,,2018-08-04 10:23:40.411885,0.234375,2.1674842834472656
500,500,0.1033,2.3657774925231934,2018-08-04 10:23:41.396384,0.171875,2.066819906234741
501,501,,,2018-08-04 10:24:33.190228,0.078125,2.3779313564300537
502,502,,,2018-08-04 10:24:34.085547,0.078125,2.461106300354004
503,503,,,2018-08-04 10:24:34.969975,0.078125,2.356546640396118
504,504,,,2018-08-04 10:24:35.914219,0.1875,2.332927942276001
505,505,,,2018-08-04 10:24:36.798718,0.109375,2.2400755882263184
506,506,,,2018-08-04 10:24:37.677717,0.15625,2.2543890476226807
507,507,,,2018-08-04 10:24:38.547665,0.09375,2.300028085708618
508,508,,,2018-08-04 10:24:39.467626,0.140625,2.2254674434661865
509,509,,,2018-08-04 10:24:40.344268,0.125,2.277052879333496
510,510,,,2018-08-04 10:24:41.294471,0.15625,2.2721304893493652
511,511,,,2018-08-04 10:24:42.326132,0.09375,2.19228196144104
512,512,,,2018-08-04 10:24:43.240179,0.203125,2.1559553146362305
513,513,,,2018-08-04 10:24:44.188465,0.1875,2.2480740547180176
514,514,,,2018-08-04 10:24:45.094728,0.15625,2.220524787902832
515,515,,,2018-08-04 10:24:45.999186,0.125,2.247898578643799
516,516,,,2018-08-04 10:24:46.905774,0.171875,2.193054676055908
517,517,,,2018-08-04 10:24:47.855580,0.203125,2.1541244983673096
518,518,,,2018-08-04 10:24:48.710928,0.15625,2.1585326194763184
519,519,,,2018-08-04 10:24:49.628701,0.0625,2.1914217472076416
520,520,0.1593,2.202582359313965,2018-08-04 10:24:50.503189,0.171875,2.180589437484741
521,521,,,2018-08-04 10:25:41.780531,0.171875,2.1843245029449463
522,522,,,2018-08-04 10:25:42.693697,0.140625,2.1975176334381104
523,523,,,2018-08-04 10:25:43.637820,0.171875,2.1384458541870117
524,524,,,2018-08-04 10:25:44.533458,0.15625,2.1961474418640137
525,525,,,2018-08-04 10:25:45.431355,0.203125,2.149155378341675
526,526,,,2018-08-04 10:25:46.376104,0.125,2.1906368732452393
527,527,,,2018-08-04 10:25:47.395115,0.171875,2.1496665477752686
528,528,,,2018-08-04 10:25:48.341377,0.15625,2.0854082107543945
529,529,,,2018-08-04 10:25:49.242960,0.203125,2.1125481128692627
530,530,,,2018-08-04 10:25:50.172126,0.203125,2.0570647716522217
531,531,,,2018-08-04 10:25:51.082517,0.1875,2.3427648544311523
532,532,,,2018-08-04 10:25:52.019254,0.171875,2.3165290355682373
533,533,,,2018-08-04 10:25:52.966992,0.171875,2.1623337268829346
534,534,,,2018-08-04 10:25:53.822781,0.203125,2.15889835357666
535,535,,,2018-08-04 10:25:54.719771,0.109375,2.0811216831207275
536,536,,,2018-08-04 10:25:55.646693,0.125,2.1405229568481445
537,537,,,2018-08-04 10:25:56.495297,0.125,2.0916748046875
538,538,,,2018-08-04 10:25:57.463370,0.109375,2.141664743423462
539,539,,,2018-08-04 10:25:58.319618,0.21875,2.119189500808716
540,540,0.1712,2.1659996509552,2018-08-04 10:25:59.212642,0.078125,2.191725015640259
541,541,,,2018-08-04 10:26:50.413538,0.25,2.128558874130249
542,542,,,2018-08-04 10:26:51.317078,0.125,2.256115436553955
543,543,,,2018-08-04 10:26:52.217127,0.1875,2.042525291442871
544,544,,,2018-08-04 10:26:53.084669,0.15625,2.0963292121887207
545,545,,,2018-08-04 10:26:54.003667,0.265625,2.0035927295684814
546,546,,,2018-08-04 10:26:54.922579,0.125,2.0023257732391357
547,547,,,2018-08-04 10:26:55.879837,0.1875,2.1538891792297363
548,548,,,2018-08-04 10:26:56.806462,0.171875,2.0985913276672363
549,549,,,2018-08-04 10:26:57.709510,0.125,2.0711586475372314
550,550,,,2018-08-04 10:26:58.630328,0.171875,2.096248149871826
551,551,,,2018-08-04 10:26:59.540076,0.109375,2.8877902030944824
552,552,,,2018-08-04 10:27:00.496409,0.125,2.1968071460723877
553,553,,,2018-08-04 10:27:01.418843,0.3125,2.0345640182495117
554,554,,,2018-08-04 10:27:02.443544,0.1875,2.1636741161346436
555,555,,,2018-08-04 10:27:03.455794,0.171875,2.196342706680298
556,556,,,2018-08-04 10:27:04.415232,0.203125,2.043386220932007
557,557,,,2018-08-04 10:27:05.325784,0.234375,2.0848488807678223
558,558,,,2018-08-04 10:27:06.291933,0.203125,2.0301449298858643
559,559,,,2018-08-04 10:27:07.239140,0.234375,2.081120252609253
560,560,0.1728,2.179830551147461,2018-08-04 10:27:08.155077,0.09375,2.0552215576171875
561,561,,,2018-08-04 10:28:01.559139,0.171875,2.2644941806793213
562,562,,,2018-08-04 10:28:02.447219,0.15625,2.1890132427215576
563,563,,,2018-08-04 10:28:03.360754,0.1875,2.097684860229492
564,564,,,2018-08-04 10:28:04.213444,0.21875,2.083651542663574
565,565,,,2018-08-04 10:28:05.177502,0.1875,2.0279617309570312
566,566,,,2018-08-04 10:28:06.083033,0.171875,2.2480385303497314
567,567,,,2018-08-04 10:28:06.912261,0.1875,2.168799638748169
568,568,,,2018-08-04 10:28:07.782958,0.234375,2.049316167831421
569,569,,,2018-08-04 10:28:08.710658,0.078125,2.2047343254089355
570,570,,,2018-08-04 10:28:09.663261,0.171875,2.0452895164489746
571,571,,,2018-08-04 10:28:10.635742,0.15625,2.1416015625
572,572,,,2018-08-04 10:28:11.655269,0.140625,2.2094027996063232
573,573,,,2018-08-04 10:28:12.650566,0.1875,2.1696836948394775
574,574,,,2018-08-04 10:28:13.554225,0.296875,2.00818133354187
575,575,,,2018-08-04 10:28:14.522792,0.140625,2.2353851795196533
576,576,,,2018-08-04 10:28:15.368625,0.234375,2.0158538818359375
577,577,,,2018-08-04 10:28:16.271207,0.109375,2.140360116958618
578,578,,,2018-08-04 10:28:17.221976,0.109375,2.183039426803589
579,579,,,2018-08-04 10:28:18.099094,0.140625,2.0725584030151367
580,580,0.1801,2.1809425354003906,2018-08-04 10:28:19.128063,0.171875,2.0353777408599854
581,581,,,2018-08-04 10:29:08.662679,0.125,2.1488335132598877
582,582,,,2018-08-04 10:29:09.680000,0.21875,2.2596328258514404
583,583,,,2018-08-04 10:29:10.646991,0.171875,2.074526071548462
584,584,,,2018-08-04 10:29:11.600961,0.203125,2.090256690979004
585,585,,,2018-08-04 10:29:12.550206,0.21875,2.019505023956299
586,586,,,2018-08-04 10:29:13.409027,0.234375,2.1005005836486816
587,587,,,2018-08-04 10:29:14.299261,0.078125,2.0920603275299072
588,588,,,2018-08-04 10:29:15.190630,0.265625,2.0608575344085693
589,589,,,2018-08-04 10:29:16.075457,0.25,2.0410830974578857
590,590,,,2018-08-04 10:29:17.006716,0.21875,2.08274245262146
591,591,,,2018-08-04 10:29:17.934912,0.15625,2.142155408859253
592,592,,,2018-08-04 10:29:18.883320,0.171875,2.0851645469665527
593,593,,,2018-08-04 10:29:19.899247,0.140625,1.969868540763855
594,594,,,2018-08-04 10:29:20.887292,0.15625,2.0797317028045654
595,595,,,2018-08-04 10:29:21.796533,0.21875,2.071673631668091
596,596,,,2018-08-04 10:29:22.727500,0.1875,2.0750458240509033
597,597,,,2018-08-04 10:29:23.743758,0.1875,2.100759744644165
598,598,,,2018-08-04 10:29:24.799894,0.15625,2.0143465995788574
599,599,,,2018-08-04 10:29:25.747876,0.25,1.9596436023712158
600,600,0.1405,2.2966339588165283,2018-08-04 10:29:26.659209,0.15625,2.1460063457489014
601,601,,,2018-08-04 10:30:18.741411,0.171875,2.06681489944458
602,602,,,2018-08-04 10:30:19.719214,0.15625,2.2038755416870117
603,603,,,2018-08-04 10:30:20.732307,0.15625,2.1047282218933105
604,604,,,2018-08-04 10:30:21.689956,0.28125,2.089749813079834
605,605,,,2018-08-04 10:30:22.670125,0.203125,2.052109718322754
606,606,,,2018-08-04 10:30:23.622511,0.125,2.0995900630950928
607,607,,,2018-08-04 10:30:24.514342,0.21875,2.035630464553833
608,608,,,2018-08-04 10:30:25.440897,0.171875,2.0727484226226807
609,609,,,2018-08-04 10:30:26.388696,0.15625,1.9945768117904663
610,610,,,2018-08-04 10:30:27.356810,0.234375,2.0247626304626465
611,611,,,2018-08-04 10:30:28.261498,0.234375,1.997771978378296
612,612,,,2018-08-04 10:30:29.186406,0.28125,1.9347392320632935
613,613,,,2018-08-04 10:30:30.095815,0.1875,2.052738666534424
614,614,,,2018-08-04 10:30:31.005908,0.125,1.9781291484832764
615,615,,,2018-08-04 10:30:32.012499,0.15625,2.168283462524414
616,616,,,2018-08-04 10:30:33.028835,0.21875,1.9890161752700806
617,617,,,2018-08-04 10:30:34.006850,0.15625,2.00331974029541
618,618,,,2018-08-04 10:30:34.925219,0.203125,1.94376802444458
619,619,,,2018-08-04 10:30:35.862023,0.109375,2.042494773864746
620,620,0.1329,3.8100666999816895,2018-08-04 10:30:36.720152,0.1875,2.0342764854431152
621,621,,,2018-08-04 10:31:28.941964,0.25,3.490896701812744
622,622,,,2018-08-04 10:31:29.829377,0.1875,2.0827741622924805
623,623,,,2018-08-04 10:31:30.725094,0.171875,2.048949956893921
624,624,,,2018-08-04 10:31:31.605168,0.15625,2.083543062210083
625,625,,,2018-08-04 10:31:32.449134,0.203125,2.0334818363189697
626,626,,,2018-08-04 10:31:33.342783,0.203125,2.001812219619751
627,627,,,2018-08-04 10:31:34.203116,0.203125,2.010080575942993
628,628,,,2018-08-04 10:31:35.106613,0.25,1.9230844974517822
629,629,,,2018-08-04 10:31:36.099361,0.1875,1.9795048236846924
630,630,,,2018-08-04 10:31:37.013689,0.171875,2.0661563873291016
631,631,,,2018-08-04 10:31:37.907303,0.1875,1.9831032752990723
632,632,,,2018-08-04 10:31:38.793385,0.109375,2.05871319770813
633,633,,,2018-08-04 10:31:39.818753,0.15625,2.0061604976654053
634,634,,,2018-08-04 10:31:40.674900,0.171875,2.1191139221191406
635,635,,,2018-08-04 10:31:41.541630,0.28125,2.0041258335113525
636,636,,,2018-08-04 10:31:42.431448,0.1875,2.158634901046753
637,637,,,2018-08-04 10:31:43.368729,0.171875,2.1251156330108643
638,638,,,2018-08-04 10:31:44.298665,0.265625,2.0451323986053467
639,639,,,2018-08-04 10:31:45.173405,0.140625,2.0991013050079346
640,640,0.1,2.4997198581695557,2018-08-04 10:31:46.046227,0.28125,1.9136713743209839
641,641,,,2018-08-04 10:32:38.194938,0.140625,2.414104700088501
642,642,,,2018-08-04 10:32:39.123849,0.125,2.3022425174713135
643,643,,,2018-08-04 10:32:40.062337,0.0625,2.368222713470459
644,644,,,2018-08-04 10:32:40.997800,0.09375,2.409153938293457
645,645,,,2018-08-04 10:32:41.909978,0.078125,2.2143356800079346
646,646,,,2018-08-04 10:32:42.879664,0.125,2.141594409942627
647,647,,,2018-08-04 10:32:43.853164,0.046875,2.2439658641815186
648,648,,,2018-08-04 10:32:44.813993,0.078125,2.3047430515289307
649,649,,,2018-08-04 10:32:45.794343,0.15625,2.172048568725586
650,650,,,2018-08-04 10:32:46.732006,0.15625,2.2061362266540527
651,651,,,2018-08-04 10:32:47.690147,0.109375,2.171344041824341
652,652,,,2018-08-04 10:32:48.655021,0.234375,2.1309571266174316
653,653,,,2018-08-04 10:32:49.501145,0.125,2.1631581783294678
654,654,,,2018-08-04 10:32:50.475305,0.15625,2.1213622093200684
655,655,,,2018-08-04 10:32:51.385622,0.046875,2.0900583267211914
656,656,,,2018-08-04 10:32:52.260951,0.15625,2.1602890491485596
657,657,,,2018-08-04 10:32:53.111890,0.203125,2.0216827392578125
658,658,,,2018-08-04 10:32:54.000331,0.140625,2.1755244731903076
659,659,,,2018-08-04 10:32:54.931530,0.171875,2.0237677097320557
660,660,0.1888,2.158416986465454,2018-08-04 10:32:55.830468,0.203125,2.083310604095459
661,661,,,2018-08-04 10:33:45.942138,0.203125,2.1816604137420654
662,662,,,2018-08-04 10:33:46.865659,0.15625,2.162937879562378
663,663,,,2018-08-04 10:33:47.730947,0.28125,2.067580223083496
664,664,,,2018-08-04 10:33:48.663097,0.203125,2.120028495788574
665,665,,,2018-08-04 10:33:49.512737,0.21875,2.086299419403076
666,666,,,2018-08-04 10:33:50.425522,0.25,2.1953954696655273
667,667,,,2018-08-04 10:33:51.284389,0.203125,2.0665817260742188
668,668,,,2018-08-04 10:33:52.168755,0.171875,2.077993631362915
669,669,,,2018-08-04 10:33:53.117494,0.140625,2.1240761280059814
670,670,,,2018-08-04 10:33:54.072117,0.125,2.2197999954223633
671,671,,,2018-08-04 10:33:55.008333,0.140625,2.3448314666748047
672,672,,,2018-08-04 10:33:56.016728,0.125,2.29669189453125
673,673,,,2018-08-04 10:33:56.977574,0.1875,2.088932752609253
674,674,,,2018-08-04 10:33:57.890541,0.125,2.164379119873047
675,675,,,2018-08-04 10:33:58.796429,0.265625,2.0065724849700928
676,676,,,2018-08-04 10:33:59.700270,0.078125,2.140131950378418
677,677,,,2018-08-04 10:34:00.621392,0.28125,2.0069234371185303
678,678,,,2018-08-04 10:34:01.496617,0.1875,2.1263062953948975
679,679,,,2018-08-04 10:34:02.380366,0.1875,2.1538801193237305
680,680,0.2081,2.0407662391662598,2018-08-04 10:34:03.274132,0.265625,2.006406784057617
681,681,,,2018-08-04 10:34:54.842132,0.21875,2.1563141345977783
682,682,,,2018-08-04 10:34:55.785230,0.203125,1.9740252494812012
683,683,,,2018-08-04 10:34:56.635892,0.21875,2.0562264919281006
684,684,,,2018-08-04 10:34:57.544372,0.109375,2.0274498462677
685,685,,,2018-08-04 10:34:58.394298,0.25,1.9599666595458984
686,686,,,2018-08-04 10:34:59.267734,0.1875,2.0022168159484863
687,687,,,2018-08-04 10:35:00.137992,0.21875,1.9906362295150757
688,688,,,2018-08-04 10:35:01.044138,0.203125,1.9779448509216309
689,689,,,2018-08-04 10:35:01.936506,0.25,1.9472663402557373
690,690,,,2018-08-04 10:35:02.786554,0.109375,2.188507318496704
691,691,,,2018-08-04 10:35:03.754815,0.125,2.917720079421997
692,692,,,2018-08-04 10:35:04.666418,0.28125,1.9881609678268433
693,693,,,2018-08-04 10:35:05.586224,0.109375,2.074620008468628
694,694,,,2018-08-04 10:35:06.482036,0.125,2.054417371749878
695,695,,,2018-08-04 10:35:07.358790,0.265625,2.0434279441833496
696,696,,,2018-08-04 10:35:08.254610,0.171875,2.083714723587036
697,697,,,2018-08-04 10:35:09.256393,0.140625,2.065758466720581
698,698,,,2018-08-04 10:35:10.208596,0.171875,2.0078437328338623
699,699,,,2018-08-04 10:35:11.158824,0.171875,2.088545799255371
700,700,0.1642,2.284097671508789,2018-08-04 10:35:12.033574,0.234375,1.9697076082229614
701,701,,,2018-08-04 10:36:03.135414,0.21875,2.276576042175293
702,702,,,2018-08-04 10:36:04.075361,0.1875,2.0826737880706787
703,703,,,2018-08-04 10:36:04.957855,0.3125,2.024456024169922
704,704,,,2018-08-04 10:36:05.859948,0.3125,2.1349105834960938
705,705,,,2018-08-04 10:36:06.763953,0.21875,2.078193187713623
706,706,,,2018-08-04 10:36:07.699186,0.203125,1.9954050779342651
707,707,,,2018-08-04 10:36:08.597208,0.234375,1.9903666973114014
708,708,,,2018-08-04 10:36:09.610133,0.171875,2.0185494422912598
709,709,,,2018-08-04 10:36:10.504717,0.140625,2.117049217224121
710,710,,,2018-08-04 10:36:11.412873,0.234375,1.9079678058624268
711,711,,,2018-08-04 10:36:12.344760,0.15625,2.0818326473236084
712,712,,,2018-08-04 10:36:13.302904,0.15625,2.0676968097686768
713,713,,,2018-08-04 10:36:14.251372,0.203125,2.104807138442993
714,714,,,2018-08-04 10:36:15.065419,0.1875,2.0573816299438477
715,715,,,2018-08-04 10:36:15.933184,0.171875,2.01511287689209
716,716,,,2018-08-04 10:36:16.877884,0.28125,1.9585367441177368
717,717,,,2018-08-04 10:36:17.767099,0.25,1.9562510251998901
718,718,,,2018-08-04 10:36:18.665503,0.234375,1.9826750755310059
719,719,,,2018-08-04 10:36:19.495936,0.359375,1.8525753021240234
720,720,0.1024,2.7655341625213623,2018-08-04 10:36:20.369506,0.28125,1.938376545906067
721,721,,,2018-08-04 10:37:11.284738,0.078125,2.8272478580474854
722,722,,,2018-08-04 10:37:12.174489,0.0625,2.1735265254974365
723,723,,,2018-08-04 10:37:13.247234,0.15625,2.195122241973877
724,724,,,2018-08-04 10:37:14.227058,0.125,2.2768020629882812
725,725,,,2018-08-04 10:37:15.095976,0.171875,2.083921432495117
726,726,,,2018-08-04 10:37:16.020153,0.171875,2.163910150527954
727,727,,,2018-08-04 10:37:16.887074,0.171875,2.107196569442749
728,728,,,2018-08-04 10:37:17.735072,0.140625,2.1524057388305664
729,729,,,2018-08-04 10:37:18.546370,0.125,2.113574504852295
730,730,,,2018-08-04 10:37:19.437737,0.171875,2.0734877586364746
731,731,,,2018-08-04 10:37:20.445437,0.09375,2.478038787841797
732,732,,,2018-08-04 10:37:21.434492,0.25,2.0329031944274902
733,733,,,2018-08-04 10:37:22.449263,0.21875,1.8757508993148804
734,734,,,2018-08-04 10:37:23.423084,0.140625,2.199188709259033
735,735,,,2018-08-04 10:37:24.426977,0.21875,2.0958762168884277
736,736,,,2018-08-04 10:37:25.398008,0.34375,1.9840136766433716
737,737,,,2018-08-04 10:37:26.402630,0.1875,1.9596904516220093
738,738,,,2018-08-04 10:37:27.349410,0.28125,1.9136260747909546
739,739,,,2018-08-04 10:37:28.227850,0.21875,1.9511369466781616
740,740,0.165,2.2286643981933594,2018-08-04 10:37:29.263060,0.234375,1.9839930534362793
741,741,,,2018-08-04 10:38:20.653666,0.15625,2.3522660732269287
742,742,,,2018-08-04 10:38:21.594271,0.125,2.2432708740234375
743,743,,,2018-08-04 10:38:22.542496,0.15625,2.2371456623077393
744,744,,,2018-08-04 10:38:23.531306,0.28125,2.1378464698791504
745,745,,,2018-08-04 10:38:24.516642,0.1875,2.114248037338257
746,746,,,2018-08-04 10:38:25.466584,0.21875,2.086348056793213
747,747,,,2018-08-04 10:38:26.469824,0.21875,2.0949673652648926
748,748,,,2018-08-04 10:38:27.386842,0.3125,1.9872264862060547
749,749,,,2018-08-04 10:38:28.308456,0.171875,2.1374363899230957
750,750,,,2018-08-04 10:38:29.286294,0.21875,2.056504011154175
751,751,,,2018-08-04 10:38:30.247976,0.203125,2.294921398162842
752,752,,,2018-08-04 10:38:31.234446,0.140625,2.4877073764801025
753,753,,,2018-08-04 10:38:32.106224,0.1875,2.235311508178711
754,754,,,2018-08-04 10:38:33.119404,0.234375,2.1170685291290283
755,755,,,2018-08-04 10:38:34.047983,0.234375,2.2187514305114746
756,756,,,2018-08-04 10:38:34.979627,0.21875,2.1722288131713867
757,757,,,2018-08-04 10:38:35.911076,0.265625,2.092349052429199
758,758,,,2018-08-04 10:38:36.765189,0.234375,2.0742783546447754
759,759,,,2018-08-04 10:38:37.732808,0.25,2.053994655609131
760,760,0.228,2.002685070037842,2018-08-04 10:38:38.693206,0.109375,2.044877529144287
761,761,,,2018-08-04 10:39:29.418576,0.203125,2.0143749713897705
762,762,,,2018-08-04 10:39:30.338786,0.203125,1.9261866807937622
763,763,,,2018-08-04 10:39:31.262311,0.3125,1.8776154518127441
764,764,,,2018-08-04 10:39:32.155130,0.203125,1.9708789587020874
765,765,,,2018-08-04 10:39:33.162904,0.28125,1.950805425643921
766,766,,,2018-08-04 10:39:34.204582,0.203125,1.9116228818893433
767,767,,,2018-08-04 10:39:35.080981,0.140625,2.1239304542541504
768,768,,,2018-08-04 10:39:35.993800,0.265625,1.8523967266082764
769,769,,,2018-08-04 10:39:36.866380,0.25,1.920542597770691
770,770,,,2018-08-04 10:39:37.797738,0.21875,1.9365686178207397
771,771,,,2018-08-04 10:39:38.673488,0.125,2.4894962310791016
772,772,,,2018-08-04 10:39:39.687818,0.203125,1.9300692081451416
773,773,,,2018-08-04 10:39:40.668233,0.09375,2.2873761653900146
774,774,,,2018-08-04 10:39:41.606178,0.203125,2.018868923187256
775,775,,,2018-08-04 10:39:42.529179,0.171875,2.062063694000244
776,776,,,2018-08-04 10:39:43.438557,0.140625,2.002819061279297
777,777,,,2018-08-04 10:39:44.401219,0.28125,1.9007285833358765
778,778,,,2018-08-04 10:39:45.373275,0.1875,1.981865644454956
779,779,,,2018-08-04 10:39:46.298208,0.265625,2.0408942699432373
780,780,0.2303,2.179948329925537,2018-08-04 10:39:47.247838,0.21875,2.0284905433654785
781,781,,,2018-08-04 10:40:38.815795,0.1875,2.381812334060669
782,0,,,2018-08-04 10:41:29.309440,0.1875,1.9393794536590576
783,1,,,2018-08-04 10:41:30.238542,0.28125,1.9213552474975586
784,2,,,2018-08-04 10:41:31.154372,0.328125,2.0000882148742676
785,3,,,2018-08-04 10:41:32.127031,0.21875,1.926957607269287
786,4,,,2018-08-04 10:41:33.074649,0.234375,1.85498046875
787,5,,,2018-08-04 10:41:33.946684,0.171875,2.0928094387054443
788,6,,,2018-08-04 10:41:34.857978,0.234375,1.8490644693374634
789,7,,,2018-08-04 10:41:35.674041,0.28125,1.8552190065383911
790,8,,,2018-08-04 10:41:36.655039,0.15625,1.9484963417053223
791,9,,,2018-08-04 10:41:37.578897,0.09375,2.7540698051452637
792,10,,,2018-08-04 10:41:38.500951,0.140625,2.310275077819824
793,11,,,2018-08-04 10:41:39.432880,0.1875,2.075000286102295
794,12,,,2018-08-04 10:41:40.450913,0.140625,2.099294424057007
795,13,,,2018-08-04 10:41:41.402801,0.234375,2.0584206581115723
796,14,,,2018-08-04 10:41:42.342014,0.171875,2.127659797668457
797,15,,,2018-08-04 10:41:43.266968,0.1875,2.0859735012054443
798,16,,,2018-08-04 10:41:44.089958,0.21875,2.014889717102051
799,17,,,2018-08-04 10:41:44.966744,0.234375,2.0321555137634277
800,18,,,2018-08-04 10:41:45.973879,0.28125,1.955979347229004
801,19,,,2018-08-04 10:41:46.947895,0.15625,2.3778979778289795
802,20,0.2038,2.1188528537750244,2018-08-04 10:41:47.907218,0.171875,2.3174548149108887
803,21,,,2018-08-04 10:42:41.154642,0.1875,2.0501134395599365
804,22,,,2018-08-04 10:42:42.042827,0.265625,2.10170841217041
805,23,,,2018-08-04 10:42:42.980154,0.21875,2.064436197280884
806,24,,,2018-08-04 10:42:43.857895,0.171875,2.046316385269165
807,25,,,2018-08-04 10:42:44.766496,0.140625,2.0443038940429688
808,26,,,2018-08-04 10:42:45.745294,0.296875,2.009199857711792
809,27,,,2018-08-04 10:42:46.719172,0.234375,2.0242788791656494
810,28,,,2018-08-04 10:42:47.695648,0.203125,2.0780060291290283
811,29,,,2018-08-04 10:42:48.714091,0.234375,2.13219952583313
812,30,,,2018-08-04 10:42:49.708617,0.171875,2.0519723892211914
813,31,,,2018-08-04 10:42:50.757527,0.25,1.9340258836746216
814,32,,,2018-08-04 10:42:51.791973,0.265625,1.9366356134414673
815,33,,,2018-08-04 10:42:52.755773,0.140625,1.9826771020889282
816,34,,,2018-08-04 10:42:53.748884,0.1875,1.9925732612609863
817,35,,,2018-08-04 10:42:54.660909,0.15625,1.991773247718811
818,36,,,2018-08-04 10:42:55.577818,0.265625,1.9348560571670532
819,37,,,2018-08-04 10:42:56.443273,0.359375,1.9262635707855225
820,38,,,2018-08-04 10:42:57.387750,0.25,1.9927271604537964
821,39,,,2018-08-04 10:42:58.335771,0.21875,2.444309949874878
822,40,0.2371,2.0429868698120117,2018-08-04 10:42:59.272857,0.171875,2.276693105697632
823,41,,,2018-08-04 10:43:50.863023,0.140625,2.1794514656066895
824,42,,,2018-08-04 10:43:51.843470,0.328125,1.9854696989059448
825,43,,,2018-08-04 10:43:52.775227,0.1875,2.0685536861419678
826,44,,,2018-08-04 10:43:53.668748,0.265625,2.025477647781372
827,45,,,2018-08-04 10:43:54.538597,0.28125,1.9550226926803589
828,46,,,2018-08-04 10:43:55.468179,0.28125,1.838301658630371
829,47,,,2018-08-04 10:43:56.361408,0.234375,1.8502137660980225
830,48,,,2018-08-04 10:43:57.201563,0.265625,1.8605982065200806
831,49,,,2018-08-04 10:43:58.071208,0.15625,2.179448127746582
832,50,,,2018-08-04 10:43:59.013433,0.203125,2.013115644454956
833,51,,,2018-08-04 10:43:59.944922,0.140625,2.1336474418640137
834,52,,,2018-08-04 10:44:00.859623,0.25,1.87261962890625
835,53,,,2018-08-04 10:44:01.860044,0.203125,1.910422444343567
836,54,,,2018-08-04 10:44:02.774455,0.234375,2.0558812618255615
837,55,,,2018-08-04 10:44:03.700481,0.28125,1.8989664316177368
838,56,,,2018-08-04 10:44:04.567082,0.21875,1.9223798513412476
839,57,,,2018-08-04 10:44:05.471405,0.375,1.8792582750320435
840,58,,,2018-08-04 10:44:06.421320,0.1875,1.833807110786438
841,59,,,2018-08-04 10:44:07.237411,0.234375,2.9121193885803223
842,60,0.2138,2.0894150733947754,2018-08-04 10:44:08.120459,0.15625,2.217068910598755
843,61,,,2018-08-04 10:44:58.758593,0.1875,1.9774854183197021
844,62,,,2018-08-04 10:44:59.712733,0.140625,2.2803914546966553
845,63,,,2018-08-04 10:45:00.684896,0.28125,1.9740674495697021
846,64,,,2018-08-04 10:45:01.620207,0.25,1.9934401512145996
847,65,,,2018-08-04 10:45:02.536182,0.359375,1.8030697107315063
848,66,,,2018-08-04 10:45:03.485353,0.203125,1.9493834972381592
849,67,,,2018-08-04 10:45:04.406562,0.265625,1.9510908126831055
850,68,,,2018-08-04 10:45:05.300602,0.296875,1.9041199684143066
851,69,,,2018-08-04 10:45:06.217968,0.171875,2.088595390319824
852,70,,,2018-08-04 10:45:07.068785,0.1875,2.026747226715088
853,71,,,2018-08-04 10:45:08.029453,0.265625,1.9812489748001099
854,72,,,2018-08-04 10:45:09.035579,0.1875,2.0757761001586914
855,73,,,2018-08-04 10:45:10.028199,0.296875,1.8509656190872192
856,74,,,2018-08-04 10:45:11.071762,0.234375,1.9915202856063843
857,75,,,2018-08-04 10:45:12.031601,0.25,1.9426531791687012
858,76,,,2018-08-04 10:45:12.849298,0.28125,1.8319143056869507
859,77,,,2018-08-04 10:45:13.906950,0.3125,1.8599175214767456
860,78,,,2018-08-04 10:45:14.976935,0.4375,1.7848235368728638
861,79,,,2018-08-04 10:45:15.794654,0.140625,2.9715113639831543
862,80,0.1562,2.1893036365509033,2018-08-04 10:45:16.715974,0.140625,2.165813684463501
863,81,,,2018-08-04 10:46:08.768686,0.140625,2.174203872680664
864,82,,,2018-08-04 10:46:09.735911,0.078125,2.276979684829712
865,83,,,2018-08-04 10:46:10.672461,0.1875,2.0474298000335693
866,84,,,2018-08-04 10:46:11.649543,0.1875,2.0845539569854736
867,85,,,2018-08-04 10:46:12.576374,0.15625,2.1770033836364746
868,86,,,2018-08-04 10:46:13.520679,0.21875,2.058274269104004
869,87,,,2018-08-04 10:46:14.438892,0.21875,2.2827377319335938
870,88,,,2018-08-04 10:46:15.337577,0.109375,2.1521339416503906
871,89,,,2018-08-04 10:46:16.266054,0.1875,2.4240269660949707
872,90,,,2018-08-04 10:46:17.162461,0.1875,2.0597033500671387
873,91,,,2018-08-04 10:46:18.145132,0.34375,1.9677577018737793
874,92,,,2018-08-04 10:46:19.034913,0.1875,2.142855405807495
875,93,,,2018-08-04 10:46:20.037891,0.359375,1.898330569267273
876,94,,,2018-08-04 10:46:20.918687,0.3125,2.0436387062072754
877,95,,,2018-08-04 10:46:21.811930,0.390625,2.015463352203369
878,96,,,2018-08-04 10:46:22.743541,0.3125,1.8825076818466187
879,97,,,2018-08-04 10:46:23.707569,0.3125,1.888274908065796
880,98,,,2018-08-04 10:46:24.661559,0.25,1.8292888402938843
881,99,,,2018-08-04 10:46:25.540421,0.140625,2.2776825428009033
882,100,0.1765,2.1482298374176025,2018-08-04 10:46:26.353119,0.15625,2.1905572414398193
883,101,,,2018-08-04 10:47:15.939412,0.28125,2.1029534339904785
884,102,,,2018-08-04 10:47:16.946573,0.234375,2.1829752922058105
885,103,,,2018-08-04 10:47:17.852402,0.15625,2.1502609252929688
886,104,,,2018-08-04 10:47:18.775776,0.171875,2.236987590789795
887,105,,,2018-08-04 10:47:19.705970,0.15625,2.168259620666504
888,106,,,2018-08-04 10:47:20.594193,0.1875,2.1083664894104004
889,107,,,2018-08-04 10:47:21.464820,0.21875,2.090057134628296
890,108,,,2018-08-04 10:47:22.369734,0.140625,2.053740978240967
891,109,,,2018-08-04 10:47:23.266249,0.078125,2.2491564750671387
892,110,,,2018-08-04 10:47:24.234601,0.109375,2.2781856060028076
893,111,,,2018-08-04 10:47:25.150869,0.125,2.161940097808838
894,112,,,2018-08-04 10:47:26.052121,0.09375,2.1493337154388428
895,113,,,2018-08-04 10:47:26.975297,0.140625,2.1877973079681396
896,114,,,2018-08-04 10:47:27.887355,0.125,2.184802770614624
897,115,,,2018-08-04 10:47:28.801852,0.234375,2.1414973735809326
898,116,,,2018-08-04 10:47:29.684478,0.109375,2.198028564453125
899,117,,,2018-08-04 10:47:30.538641,0.140625,2.1243720054626465
900,118,,,2018-08-04 10:47:31.433063,0.21875,2.1468052864074707
901,119,,,2018-08-04 10:47:32.370683,0.15625,2.3052008152008057
902,120,0.2209,2.120744228363037,2018-08-04 10:47:33.207595,0.28125,2.2065227031707764
903,121,,,2018-08-04 10:48:26.182214,0.15625,2.164193630218506
904,122,,,2018-08-04 10:48:27.061809,0.28125,2.075502634048462
905,123,,,2018-08-04 10:48:27.911867,0.3125,2.1439931392669678
906,124,,,2018-08-04 10:48:28.792733,0.21875,2.184495449066162
907,125,,,2018-08-04 10:48:29.724205,0.140625,2.10456919670105
908,126,,,2018-08-04 10:48:30.655411,0.203125,2.0568201541900635
909,127,,,2018-08-04 10:48:31.571109,0.21875,2.12483811378479
910,128,,,2018-08-04 10:48:32.540380,0.296875,2.048872709274292
911,129,,,2018-08-04 10:48:33.515877,0.078125,2.219881772994995
912,130,,,2018-08-04 10:48:34.391702,0.265625,1.973077416419983
913,131,,,2018-08-04 10:48:35.262683,0.25,1.8647598028182983
914,132,,,2018-08-04 10:48:36.276110,0.328125,1.86483895778656
915,133,,,2018-08-04 10:48:37.181044,0.265625,2.044304847717285
916,134,,,2018-08-04 10:48:38.030679,0.25,1.8773311376571655
917,135,,,2018-08-04 10:48:38.915759,0.1875,2.124540090560913
918,136,,,2018-08-04 10:48:39.798764,0.3125,1.8654316663742065
919,137,,,2018-08-04 10:48:40.732663,0.328125,1.9449303150177002
920,138,,,2018-08-04 10:48:41.723188,0.21875,1.9477391242980957
921,139,,,2018-08-04 10:48:42.649675,0.125,2.230884552001953
922,140,0.2616,1.9778211116790771,2018-08-04 10:48:43.540227,0.40625,1.9635781049728394
923,141,,,2018-08-04 10:49:34.837624,0.234375,2.213810682296753
924,142,,,2018-08-04 10:49:35.755378,0.28125,1.9637020826339722
925,143,,,2018-08-04 10:49:36.603920,0.328125,1.8512660264968872
926,144,,,2018-08-04 10:49:37.534693,0.203125,1.907856822013855
927,145,,,2018-08-04 10:49:38.495828,0.375,1.7656424045562744
928,146,,,2018-08-04 10:49:39.425163,0.328125,1.8038740158081055
929,147,,,2018-08-04 10:49:40.297000,0.3125,1.910489559173584
930,148,,,2018-08-04 10:49:41.259451,0.359375,1.7368950843811035
931,149,,,2018-08-04 10:49:42.124687,0.1875,2.192634105682373
932,150,,,2018-08-04 10:49:42.936774,0.265625,1.9711958169937134
933,151,,,2018-08-04 10:49:43.905308,0.328125,1.902725338935852
934,152,,,2018-08-04 10:49:44.789903,0.25,1.8640745878219604
935,153,,,2018-08-04 10:49:45.754338,0.234375,1.9080945253372192
936,154,,,2018-08-04 10:49:46.747196,0.296875,1.8434075117111206
937,155,,,2018-08-04 10:49:47.679112,0.28125,1.7899621725082397
938,156,,,2018-08-04 10:49:48.633567,0.265625,1.8242462873458862
939,157,,,2018-08-04 10:49:49.576964,0.21875,1.8430382013320923
940,158,,,2018-08-04 10:49:50.466106,0.234375,1.8744337558746338
941,159,,,2018-08-04 10:49:51.332918,0.15625,2.2282650470733643
942,160,0.1996,2.0282247066497803,2018-08-04 10:49:52.282767,0.203125,2.0762200355529785
943,161,,,2018-08-04 10:50:43.326267,0.140625,2.066922664642334
944,162,,,2018-08-04 10:50:44.225728,0.265625,1.983512282371521
945,163,,,2018-08-04 10:50:45.163834,0.25,1.905874490737915
946,164,,,2018-08-04 10:50:46.033490,0.234375,1.9092962741851807
947,165,,,2018-08-04 10:50:47.039815,0.21875,1.9035030603408813
948,166,,,2018-08-04 10:50:47.895294,0.234375,1.9546548128128052
949,167,,,2018-08-04 10:50:48.765209,0.21875,1.951440691947937
950,168,,,2018-08-04 10:50:49.675600,0.265625,1.997006893157959
951,169,,,2018-08-04 10:50:50.561903,0.265625,2.1656856536865234
952,170,,,2018-08-04 10:50:51.533070,0.21875,2.2421352863311768
953,171,,,2018-08-04 10:50:52.496302,0.234375,1.9401789903640747
954,172,,,2018-08-04 10:50:53.523531,0.265625,1.9016425609588623
955,173,,,2018-08-04 10:50:54.459569,0.34375,1.6861573457717896
956,174,,,2018-08-04 10:50:55.339058,0.265625,1.8761303424835205
957,175,,,2018-08-04 10:50:56.238165,0.34375,1.722741961479187
958,176,,,2018-08-04 10:50:57.091517,0.21875,1.8276299238204956
959,177,,,2018-08-04 10:50:58.006698,0.375,1.8331660032272339
960,178,,,2018-08-04 10:50:58.935657,0.25,1.9827519655227661
961,179,,,2018-08-04 10:50:59.885956,0.1875,2.27701735496521
962,180,0.2372,1.983840823173523,2018-08-04 10:51:00.769865,0.234375,2.1059703826904297
963,181,,,2018-08-04 10:51:51.967985,0.28125,1.940393090248108
964,182,,,2018-08-04 10:51:52.822515,0.390625,1.6807918548583984
965,183,,,2018-08-04 10:51:53.737920,0.21875,1.9954259395599365
966,184,,,2018-08-04 10:51:54.661746,0.34375,1.739829659461975
967,185,,,2018-08-04 10:51:55.551583,0.265625,1.7116082906723022
968,186,,,2018-08-04 10:51:56.476662,0.15625,2.0765631198883057
969,187,,,2018-08-04 10:51:57.361652,0.3125,1.82891047000885
970,188,,,2018-08-04 10:51:58.352004,0.3125,1.8763234615325928
971,189,,,2018-08-04 10:51:59.200938,0.265625,3.2711408138275146
972,190,,,2018-08-04 10:52:00.100072,0.21875,2.286571979522705
973,191,,,2018-08-04 10:52:01.034645,0.203125,1.9543392658233643
974,192,,,2018-08-04 10:52:01.965497,0.296875,1.9273802042007446
975,193,,,2018-08-04 10:52:02.828750,0.3125,1.9279483556747437
976,194,,,2018-08-04 10:52:03.768791,0.3125,1.8438084125518799
977,195,,,2018-08-04 10:52:04.683196,0.453125,1.8624086380004883
978,196,,,2018-08-04 10:52:05.647693,0.21875,1.9508336782455444
979,197,,,2018-08-04 10:52:06.532155,0.328125,1.9409253597259521
980,198,,,2018-08-04 10:52:07.349784,0.203125,2.003821611404419
981,199,,,2018-08-04 10:52:08.174537,0.34375,1.9167636632919312
982,200,0.2427,1.9579625129699707,2018-08-04 10:52:09.045183,0.109375,2.0790979862213135
983,201,,,2018-08-04 10:52:59.256335,0.265625,1.8973935842514038
984,202,,,2018-08-04 10:53:00.189190,0.296875,1.8788502216339111
985,203,,,2018-08-04 10:53:01.229724,0.25,1.9301234483718872
986,204,,,2018-08-04 10:53:02.174309,0.234375,2.0446231365203857
987,205,,,2018-08-04 10:53:03.101265,0.296875,1.968098759651184
988,206,,,2018-08-04 10:53:04.017108,0.265625,1.8536720275878906
989,207,,,2018-08-04 10:53:04.978618,0.1875,2.048826217651367
990,208,,,2018-08-04 10:53:05.910937,0.234375,2.099090814590454
991,209,,,2018-08-04 10:53:06.895666,0.078125,2.3339526653289795
992,210,,,2018-08-04 10:53:07.888590,0.234375,2.068021535873413
993,211,,,2018-08-04 10:53:08.844530,0.1875,2.2047057151794434
994,212,,,2018-08-04 10:53:09.807790,0.234375,2.057295322418213
995,213,,,2018-08-04 10:53:10.712765,0.296875,1.9674054384231567
996,214,,,2018-08-04 10:53:11.601682,0.203125,2.076610565185547
997,215,,,2018-08-04 10:53:12.495112,0.296875,2.0190367698669434
998,216,,,2018-08-04 10:53:13.481888,0.28125,1.9394499063491821
999,217,,,2018-08-04 10:53:14.521216,0.328125,1.9287467002868652
1000,218,,,2018-08-04 10:53:15.508098,0.34375,1.81670081615448
1001,219,,,2018-08-04 10:53:16.408054,0.203125,2.327556610107422
1002,220,0.2156,2.144068956375122,2018-08-04 10:53:17.325085,0.171875,2.202388286590576
1003,221,,,2018-08-04 10:54:09.488796,0.21875,2.210848569869995
1004,222,,,2018-08-04 10:54:10.412671,0.21875,2.0425381660461426
1005,223,,,2018-08-04 10:54:11.358167,0.25,2.0962650775909424
1006,224,,,2018-08-04 10:54:12.394859,0.3125,2.0767788887023926
1007,225,,,2018-08-04 10:54:13.377690,0.203125,2.1395885944366455
1008,226,,,2018-08-04 10:54:14.339188,0.1875,2.1460368633270264
1009,227,,,2018-08-04 10:54:15.250416,0.328125,2.016530752182007
1010,228,,,2018-08-04 10:54:16.183948,0.25,2.0227673053741455
1011,229,,,2018-08-04 10:54:17.157623,0.140625,2.2682526111602783
1012,230,,,2018-08-04 10:54:18.008101,0.15625,2.0628113746643066
1013,231,,,2018-08-04 10:54:18.905305,0.15625,2.003357172012329
1014,232,,,2018-08-04 10:54:19.940641,0.25,1.928818702697754
1015,233,,,2018-08-04 10:54:20.887152,0.25,1.9005720615386963
1016,234,,,2018-08-04 10:54:21.809126,0.265625,1.9739398956298828
1017,235,,,2018-08-04 10:54:22.652665,0.203125,1.8606845140457153
1018,236,,,2018-08-04 10:54:23.584993,0.1875,1.9476861953735352
1019,237,,,2018-08-04 10:54:24.492937,0.25,1.917795181274414
1020,238,,,2018-08-04 10:54:25.386462,0.265625,1.7981334924697876
1021,239,,,2018-08-04 10:54:26.272034,0.203125,2.418882131576538
1022,240,0.237,1.9495145082473755,2018-08-04 10:54:27.135100,0.21875,2.184185266494751
1023,241,,,2018-08-04 10:55:19.827118,0.25,1.9016326665878296
1024,242,,,2018-08-04 10:55:20.771580,0.234375,1.9561710357666016
1025,243,,,2018-08-04 10:55:21.654768,0.265625,1.9078431129455566
1026,244,,,2018-08-04 10:55:22.536173,0.171875,2.0286905765533447
1027,245,,,2018-08-04 10:55:23.466687,0.21875,1.930598497390747
1028,246,,,2018-08-04 10:55:24.377400,0.171875,1.9551939964294434
1029,247,,,2018-08-04 10:55:25.433525,0.203125,1.974672555923462
1030,248,,,2018-08-04 10:55:26.390691,0.4375,1.7455865144729614
1031,249,,,2018-08-04 10:55:27.319276,0.21875,1.8617010116577148
1032,250,,,2018-08-04 10:55:28.178886,0.296875,1.9454944133758545
1033,251,,,2018-08-04 10:55:29.138578,0.28125,1.9748564958572388
1034,252,,,2018-08-04 10:55:30.113270,0.21875,1.862715244293213
1035,253,,,2018-08-04 10:55:31.016407,0.265625,1.867311716079712
1036,254,,,2018-08-04 10:55:31.974248,0.25,1.9943586587905884
1037,255,,,2018-08-04 10:55:32.866242,0.25,1.9921647310256958
1038,256,,,2018-08-04 10:55:33.702865,0.25,1.889313817024231
1039,257,,,2018-08-04 10:55:34.601183,0.296875,1.7539770603179932
1040,258,,,2018-08-04 10:55:35.496515,0.3125,1.9128247499465942
1041,259,,,2018-08-04 10:55:36.415939,0.203125,2.4200429916381836
1042,260,0.2362,2.0331568717956543,2018-08-04 10:55:37.274018,0.265625,1.9098529815673828
1043,261,,,2018-08-04 10:56:29.788506,0.265625,2.0052313804626465
1044,262,,,2018-08-04 10:56:30.782353,0.328125,1.9827297925949097
1045,263,,,2018-08-04 10:56:31.732822,0.28125,1.8540910482406616
1046,264,,,2018-08-04 10:56:32.647977,0.328125,1.9181193113327026
1047,265,,,2018-08-04 10:56:33.530982,0.234375,1.870082974433899
1048,266,,,2018-08-04 10:56:34.436889,0.375,1.858397126197815
1049,267,,,2018-08-04 10:56:35.311660,0.3125,1.8376765251159668
1050,268,,,2018-08-04 10:56:36.172517,0.421875,1.7442326545715332
1051,269,,,2018-08-04 10:56:37.084044,0.234375,1.9704632759094238
1052,270,,,2018-08-04 10:56:38.025481,0.28125,1.9123951196670532
1053,271,,,2018-08-04 10:56:38.977588,0.296875,1.858633279800415
1054,272,,,2018-08-04 10:56:39.920959,0.265625,1.9492892026901245
1055,273,,,2018-08-04 10:56:40.882153,0.265625,1.9404778480529785
1056,274,,,2018-08-04 10:56:41.792514,0.296875,1.784000277519226
1057,275,,,2018-08-04 10:56:42.715900,0.328125,1.8409454822540283
1058,276,,,2018-08-04 10:56:43.548524,0.265625,1.8338202238082886
1059,277,,,2018-08-04 10:56:44.370037,0.21875,1.9774761199951172
1060,278,,,2018-08-04 10:56:45.369841,0.28125,1.8051244020462036
1061,279,,,2018-08-04 10:56:46.385058,0.234375,2.5773069858551025
1062,280,0.2364,2.0220398902893066,2018-08-04 10:56:47.377532,0.234375,2.186879873275757
1063,281,,,2018-08-04 10:57:36.407491,0.203125,2.121312141418457
1064,282,,,2018-08-04 10:57:37.271927,0.203125,2.0194449424743652
1065,283,,,2018-08-04 10:57:38.198571,0.3125,1.924871802330017
1066,284,,,2018-08-04 10:57:39.105973,0.359375,1.875360369682312
1067,285,,,2018-08-04 10:57:40.009888,0.296875,2.043938398361206
1068,286,,,2018-08-04 10:57:40.935727,0.28125,1.8477625846862793
1069,287,,,2018-08-04 10:57:41.810234,0.234375,1.990973949432373
1070,288,,,2018-08-04 10:57:42.673840,0.296875,1.8721064329147339
1071,289,,,2018-08-04 10:57:43.536350,0.265625,2.1573901176452637
1072,290,,,2018-08-04 10:57:44.536140,0.1875,2.1196846961975098
1073,291,,,2018-08-04 10:57:45.418920,0.21875,2.123816967010498
1074,292,,,2018-08-04 10:57:46.382934,0.1875,1.885759711265564
1075,293,,,2018-08-04 10:57:47.296063,0.359375,1.7423973083496094
1076,294,,,2018-08-04 10:57:48.149454,0.25,1.9262683391571045
1077,295,,,2018-08-04 10:57:49.103831,0.203125,2.149549961090088
1078,296,,,2018-08-04 10:57:50.001702,0.28125,1.9532086849212646
1079,297,,,2018-08-04 10:57:51.016788,0.25,1.794736623764038
1080,298,,,2018-08-04 10:57:52.028946,0.390625,1.6698983907699585
1081,299,,,2018-08-04 10:57:52.994803,0.265625,2.2314341068267822
1082,300,0.2351,2.0291576385498047,2018-08-04 10:57:53.960442,0.203125,2.163372039794922
1083,301,,,2018-08-04 10:58:43.115957,0.265625,1.9138820171356201
1084,302,,,2018-08-04 10:58:44.057825,0.1875,2.102954387664795
1085,303,,,2018-08-04 10:58:44.980243,0.25,1.8559808731079102
1086,304,,,2018-08-04 10:58:45.932555,0.28125,1.8132351636886597
1087,305,,,2018-08-04 10:58:46.966344,0.25,2.087014675140381
1088,306,,,2018-08-04 10:58:47.916088,0.328125,1.887205719947815
1089,307,,,2018-08-04 10:58:48.915169,0.28125,1.8954187631607056
1090,308,,,2018-08-04 10:58:49.964579,0.21875,1.8853789567947388
1091,309,,,2018-08-04 10:58:50.893275,0.09375,2.650306463241577
1092,310,,,2018-08-04 10:58:51.837909,0.109375,2.1920557022094727
1093,311,,,2018-08-04 10:58:52.839956,0.265625,2.0464699268341064
1094,312,,,2018-08-04 10:58:53.786978,0.15625,2.098219394683838
1095,313,,,2018-08-04 10:58:54.786565,0.140625,2.061807632446289
1096,314,,,2018-08-04 10:58:55.820755,0.28125,1.8439278602600098
1097,315,,,2018-08-04 10:58:56.716134,0.21875,1.9811409711837769
1098,316,,,2018-08-04 10:58:57.673683,0.21875,1.9161032438278198
1099,317,,,2018-08-04 10:58:58.533652,0.25,1.9204262495040894
1100,318,,,2018-08-04 10:58:59.408864,0.296875,2.010590076446533
1101,319,,,2018-08-04 10:59:00.368735,0.203125,2.1641664505004883
1102,320,0.2447,1.9930517673492432,2018-08-04 10:59:01.282519,0.28125,1.9781277179718018
1103,321,,,2018-08-04 10:59:51.519972,0.28125,2.0014986991882324
1104,322,,,2018-08-04 10:59:52.411711,0.1875,2.1687352657318115
1105,323,,,2018-08-04 10:59:53.349245,0.34375,1.8304736614227295
1106,324,,,2018-08-04 10:59:54.360587,0.265625,1.9398518800735474
1107,325,,,2018-08-04 10:59:55.247387,0.203125,1.9685122966766357
1108,326,,,2018-08-04 10:59:56.150366,0.234375,1.966408371925354
1109,327,,,2018-08-04 10:59:57.049188,0.328125,1.7800484895706177
1110,328,,,2018-08-04 10:59:57.924993,0.28125,1.792548418045044
1111,329,,,2018-08-04 10:59:58.922485,0.234375,1.984193205833435
1112,330,,,2018-08-04 10:59:59.903643,0.15625,2.0424721240997314
1113,331,,,2018-08-04 11:00:00.826286,0.21875,1.8393678665161133
1114,332,,,2018-08-04 11:00:01.748639,0.296875,1.8441256284713745
1115,333,,,2018-08-04 11:00:02.588978,0.21875,1.905742883682251
1116,334,,,2018-08-04 11:00:03.453104,0.25,1.8338559865951538
1117,335,,,2018-08-04 11:00:04.349161,0.34375,1.8703525066375732
1118,336,,,2018-08-04 11:00:05.310500,0.265625,1.920180320739746
1119,337,,,2018-08-04 11:00:06.330753,0.328125,1.8178114891052246
1120,338,,,2018-08-04 11:00:07.325027,0.453125,1.7116334438323975
1121,339,,,2018-08-04 11:00:08.294816,0.15625,2.588714838027954
1122,340,0.2582,1.8927258253097534,2018-08-04 11:00:09.204764,0.171875,2.1343770027160645
1123,341,,,2018-08-04 11:01:00.135685,0.171875,2.018857002258301
1124,342,,,2018-08-04 11:01:01.064312,0.265625,1.8170480728149414
1125,343,,,2018-08-04 11:01:02.004304,0.28125,2.048600196838379
1126,344,,,2018-08-04 11:01:02.879444,0.3125,1.7841682434082031
1127,345,,,2018-08-04 11:01:03.862084,0.21875,1.9273172616958618
1128,346,,,2018-08-04 11:01:04.844095,0.25,1.9452240467071533
1129,347,,,2018-08-04 11:01:05.708488,0.3125,1.8194825649261475
1130,348,,,2018-08-04 11:01:06.568311,0.359375,1.8291633129119873
1131,349,,,2018-08-04 11:01:07.404875,0.3125,1.8688246011734009
1132,350,,,2018-08-04 11:01:08.270481,0.328125,1.7355272769927979
1133,351,,,2018-08-04 11:01:09.156405,0.328125,1.7032842636108398
1134,352,,,2018-08-04 11:01:10.047359,0.296875,1.833409070968628
1135,353,,,2018-08-04 11:01:10.986564,0.296875,1.9332314729690552
1136,354,,,2018-08-04 11:01:11.907503,0.328125,1.7645052671432495
1137,355,,,2018-08-04 11:01:12.805919,0.34375,1.7526321411132812
1138,356,,,2018-08-04 11:01:13.738902,0.34375,1.7028274536132812
1139,357,,,2018-08-04 11:01:14.564635,0.390625,1.8163254261016846
1140,358,,,2018-08-04 11:01:15.435474,0.390625,1.6214865446090698
1141,359,,,2018-08-04 11:01:16.315465,0.15625,2.410552501678467
1142,360,0.2693,1.9480396509170532,2018-08-04 11:01:17.199965,0.375,1.9503034353256226
1143,361,,,2018-08-04 11:02:10.032866,0.25,2.007659673690796
1144,362,,,2018-08-04 11:02:10.860227,0.3125,1.7606819868087769
1145,363,,,2018-08-04 11:02:11.731738,0.328125,1.8436833620071411
1146,364,,,2018-08-04 11:02:12.643581,0.28125,2.023159980773926
1147,365,,,2018-08-04 11:02:13.550815,0.375,1.8773384094238281
1148,366,,,2018-08-04 11:02:14.526099,0.171875,2.0375638008117676
1149,367,,,2018-08-04 11:02:15.459221,0.296875,1.90005624294281
1150,368,,,2018-08-04 11:02:16.410836,0.234375,1.8829307556152344
1151,369,,,2018-08-04 11:02:17.400024,0.359375,1.7512022256851196
1152,370,,,2018-08-04 11:02:18.314597,0.375,1.828528881072998
1153,371,,,2018-08-04 11:02:19.263470,0.359375,1.8679025173187256
1154,372,,,2018-08-04 11:02:20.230691,0.328125,1.821996808052063
1155,373,,,2018-08-04 11:02:21.221516,0.328125,1.7593404054641724
1156,374,,,2018-08-04 11:02:22.182692,0.234375,1.943159580230713
1157,375,,,2018-08-04 11:02:23.105225,0.296875,1.694740653038025
1158,376,,,2018-08-04 11:02:24.061687,0.34375,1.7575578689575195
1159,377,,,2018-08-04 11:02:24.974103,0.328125,1.7221966981887817
1160,378,,,2018-08-04 11:02:25.973914,0.3125,1.8981631994247437
1161,379,,,2018-08-04 11:02:26.995588,0.140625,2.213916063308716
1162,380,0.2689,1.980195164680481,2018-08-04 11:02:27.936076,0.375,1.755312204360962
1163,381,,,2018-08-04 11:03:19.680713,0.25,2.113632917404175
1164,382,,,2018-08-04 11:03:20.632652,0.296875,1.8694883584976196
1165,383,,,2018-08-04 11:03:21.607284,0.296875,1.8940192461013794
1166,384,,,2018-08-04 11:03:22.559974,0.296875,1.8773325681686401
1167,385,,,2018-08-04 11:03:23.446125,0.234375,1.8554208278656006
1168,386,,,2018-08-04 11:03:24.390348,0.328125,1.8897056579589844
1169,387,,,2018-08-04 11:03:25.301083,0.375,1.7666629552841187
1170,388,,,2018-08-04 11:03:26.196936,0.3125,1.7613188028335571
1171,389,,,2018-08-04 11:03:27.226837,0.234375,2.1592583656311035
1172,390,,,2018-08-04 11:03:28.184435,0.34375,1.7637431621551514
1173,391,,,2018-08-04 11:03:29.119139,0.34375,1.889768362045288
1174,392,,,2018-08-04 11:03:30.024310,0.296875,1.8141181468963623
1175,393,,,2018-08-04 11:03:30.987374,0.484375,1.7159711122512817
1176,394,,,2018-08-04 11:03:31.901053,0.421875,1.81864595413208
1177,395,,,2018-08-04 11:03:32.773766,0.328125,1.8172298669815063
1178,396,,,2018-08-04 11:03:33.635814,0.421875,1.6399389505386353
1179,397,,,2018-08-04 11:03:34.501546,0.28125,1.9749014377593994
1180,398,,,2018-08-04 11:03:35.427680,0.328125,1.9223161935806274
1181,399,,,2018-08-04 11:03:36.325195,0.3125,2.1059815883636475
1182,400,0.3312,1.7961331605911255,2018-08-04 11:03:37.210973,0.203125,1.9706616401672363
1183,401,,,2018-08-04 11:04:29.008616,0.296875,1.8895026445388794
1184,402,,,2018-08-04 11:04:29.913881,0.328125,1.7924153804779053
1185,403,,,2018-08-04 11:04:30.814919,0.203125,1.8775670528411865
1186,404,,,2018-08-04 11:04:31.810853,0.375,1.7634128332138062
1187,405,,,2018-08-04 11:04:32.805946,0.421875,1.8045631647109985
1188,406,,,2018-08-04 11:04:33.760934,0.390625,1.6287676095962524
1189,407,,,2018-08-04 11:04:34.665646,0.40625,1.6679335832595825
1190,408,,,2018-08-04 11:04:35.661069,0.28125,1.7661646604537964
1191,409,,,2018-08-04 11:04:36.536150,0.203125,2.206206798553467
1192,410,,,2018-08-04 11:04:37.477117,0.234375,1.9571328163146973
1193,411,,,2018-08-04 11:04:38.506209,0.21875,2.089388847351074
1194,412,,,2018-08-04 11:04:39.439973,0.234375,1.9480551481246948
1195,413,,,2018-08-04 11:04:40.272429,0.234375,2.012006998062134
1196,414,,,2018-08-04 11:04:41.213877,0.25,1.9270434379577637
1197,415,,,2018-08-04 11:04:42.105276,0.15625,1.9197654724121094
1198,416,,,2018-08-04 11:04:42.961457,0.328125,1.7856237888336182
1199,417,,,2018-08-04 11:04:43.805059,0.453125,1.7575069665908813
1200,418,,,2018-08-04 11:04:44.763954,0.265625,1.8211588859558105
1201,419,,,2018-08-04 11:04:45.685571,0.28125,2.12186861038208
1202,420,0.3054,1.8821547031402588,2018-08-04 11:04:46.651221,0.296875,1.9147779941558838
1203,421,,,2018-08-04 11:05:39.256040,0.296875,1.8782775402069092
1204,422,,,2018-08-04 11:05:40.165079,0.25,1.861758828163147
1205,423,,,2018-08-04 11:05:41.111912,0.25,1.9664058685302734
1206,424,,,2018-08-04 11:05:42.018966,0.390625,1.736194133758545
1207,425,,,2018-08-04 11:05:43.057382,0.359375,1.5842951536178589
1208,426,,,2018-08-04 11:05:44.020995,0.3125,1.739196538925171
1209,427,,,2018-08-04 11:05:45.005869,0.3125,1.827497959136963
1210,428,,,2018-08-04 11:05:45.978831,0.203125,1.7694432735443115
1211,429,,,2018-08-04 11:05:46.949966,0.28125,2.143752336502075
1212,430,,,2018-08-04 11:05:47.911207,0.328125,1.881165862083435
1213,431,,,2018-08-04 11:05:48.823668,0.265625,1.8648312091827393
1214,432,,,2018-08-04 11:05:49.639295,0.171875,1.8769652843475342
1215,433,,,2018-08-04 11:05:50.504028,0.34375,1.7907496690750122
1216,434,,,2018-08-04 11:05:51.524658,0.234375,1.8919204473495483
1217,435,,,2018-08-04 11:05:52.529772,0.34375,1.7731266021728516
1218,436,,,2018-08-04 11:05:53.429192,0.3125,1.8296844959259033
1219,437,,,2018-08-04 11:05:54.291906,0.359375,1.758042812347412
1220,438,,,2018-08-04 11:05:55.181070,0.359375,1.6426565647125244
1221,439,,,2018-08-04 11:05:56.226978,0.265625,2.164194107055664
1222,440,0.2865,1.868071436882019,2018-08-04 11:05:57.247868,0.28125,2.209341049194336
1223,441,,,2018-08-04 11:06:45.489848,0.234375,1.9164907932281494
1224,442,,,2018-08-04 11:06:46.415526,0.28125,1.8185635805130005
1225,443,,,2018-08-04 11:06:47.383141,0.390625,1.791407585144043
1226,444,,,2018-08-04 11:06:48.286768,0.359375,1.7226537466049194
1227,445,,,2018-08-04 11:06:49.284117,0.34375,1.833433985710144
1228,446,,,2018-08-04 11:06:50.213230,0.296875,1.948582649230957
1229,447,,,2018-08-04 11:06:51.100721,0.328125,1.795492172241211
1230,448,,,2018-08-04 11:06:51.984309,0.375,1.8139137029647827
1231,449,,,2018-08-04 11:06:52.904819,0.140625,2.3783953189849854
1232,450,,,2018-08-04 11:06:53.711827,0.28125,1.9957633018493652
1233,451,,,2018-08-04 11:06:54.535950,0.359375,1.6916643381118774
1234,452,,,2018-08-04 11:06:55.471996,0.359375,1.8173468112945557
1235,453,,,2018-08-04 11:06:56.431941,0.28125,1.802356481552124
1236,454,,,2018-08-04 11:06:57.315346,0.296875,1.78160560131073
1237,455,,,2018-08-04 11:06:58.250520,0.328125,1.6237822771072388
1238,456,,,2018-08-04 11:06:59.141388,0.296875,1.8431668281555176
1239,457,,,2018-08-04 11:07:00.038751,0.390625,1.7695244550704956
1240,458,,,2018-08-04 11:07:01.051054,0.328125,1.7671082019805908
1241,459,,,2018-08-04 11:07:02.071573,0.15625,2.169548988342285
1242,460,0.2798,1.896002173423767,2018-08-04 11:07:03.040163,0.28125,1.9414342641830444
1243,461,,,2018-08-04 11:07:53.427148,0.28125,1.8842626810073853
1244,462,,,2018-08-04 11:07:54.294418,0.21875,2.0062451362609863
1245,463,,,2018-08-04 11:07:55.204534,0.265625,1.775131106376648
1246,464,,,2018-08-04 11:07:56.053596,0.34375,1.9041640758514404
1247,465,,,2018-08-04 11:07:56.997104,0.203125,1.9929046630859375
1248,466,,,2018-08-04 11:07:57.901016,0.3125,1.7871237993240356
1249,467,,,2018-08-04 11:07:58.748346,0.375,1.6615853309631348
1250,468,,,2018-08-04 11:07:59.620581,0.453125,1.8597651720046997
1251,469,,,2018-08-04 11:08:00.524953,0.25,1.9929054975509644
1252,470,,,2018-08-04 11:08:01.418333,0.328125,2.0217947959899902
1253,471,,,2018-08-04 11:08:02.358703,0.3125,1.798156976699829
1254,472,,,2018-08-04 11:08:03.270969,0.265625,1.8984774351119995
1255,473,,,2018-08-04 11:08:04.162930,0.375,1.8110243082046509
1256,474,,,2018-08-04 11:08:05.105134,0.28125,1.7991021871566772
1257,475,,,2018-08-04 11:08:06.094567,0.25,1.7714049816131592
1258,476,,,2018-08-04 11:08:07.035047,0.359375,1.80278480052948
1259,477,,,2018-08-04 11:08:07.995095,0.40625,1.7114436626434326
1260,478,,,2018-08-04 11:08:08.847689,0.375,1.773983359336853
1261,479,,,2018-08-04 11:08:09.760036,0.203125,2.545910120010376
1262,480,0.3019,1.8291326761245728,2018-08-04 11:08:10.747384,0.296875,1.8552790880203247
1263,481,,,2018-08-04 11:09:00.813782,0.265625,1.8918554782867432
1264,482,,,2018-08-04 11:09:01.701631,0.3125,1.7353942394256592
1265,483,,,2018-08-04 11:09:02.627249,0.28125,1.6810826063156128
1266,484,,,2018-08-04 11:09:03.506594,0.28125,1.7540589570999146
1267,485,,,2018-08-04 11:09:04.362265,0.34375,1.7609796524047852
1268,486,,,2018-08-04 11:09:05.255537,0.375,1.706318974494934
1269,487,,,2018-08-04 11:09:06.074869,0.40625,1.5853244066238403
1270,488,,,2018-08-04 11:09:07.034793,0.3125,1.9078102111816406
1271,489,,,2018-08-04 11:09:07.994582,0.25,2.0766561031341553
1272,490,,,2018-08-04 11:09:08.885403,0.234375,2.070368528366089
1273,491,,,2018-08-04 11:09:09.740254,0.359375,1.771270513534546
1274,492,,,2018-08-04 11:09:10.623380,0.296875,1.8239253759384155
1275,493,,,2018-08-04 11:09:11.600281,0.296875,1.9240981340408325
1276,494,,,2018-08-04 11:09:12.616635,0.3125,1.8519387245178223
1277,495,,,2018-08-04 11:09:13.497783,0.28125,1.9723623991012573
1278,496,,,2018-08-04 11:09:14.400125,0.359375,1.6562703847885132
1279,497,,,2018-08-04 11:09:15.371708,0.34375,1.887799620628357
1280,498,,,2018-08-04 11:09:16.338710,0.375,1.6674331426620483
1281,499,,,2018-08-04 11:09:17.372928,0.203125,2.252464532852173
1282,500,0.2351,2.077868700027466,2018-08-04 11:09:18.341493,0.234375,2.0520756244659424
1283,501,,,2018-08-04 11:10:07.782826,0.25,2.0514731407165527
1284,502,,,2018-08-04 11:10:08.666092,0.1875,2.1753430366516113
1285,503,,,2018-08-04 11:10:09.623550,0.359375,1.8945610523223877
1286,504,,,2018-08-04 11:10:10.566987,0.25,1.9519506692886353
1287,505,,,2018-08-04 11:10:11.516399,0.1875,2.0277249813079834
1288,506,,,2018-08-04 11:10:12.492441,0.21875,1.987375259399414
1289,507,,,2018-08-04 11:10:13.409002,0.234375,1.9163159132003784
1290,508,,,2018-08-04 11:10:14.352558,0.296875,1.7996801137924194
1291,509,,,2018-08-04 11:10:15.342829,0.234375,2.453829765319824
1292,510,,,2018-08-04 11:10:16.336522,0.21875,2.186234712600708
1293,511,,,2018-08-04 11:10:17.260047,0.296875,1.8622981309890747
1294,512,,,2018-08-04 11:10:18.109914,0.3125,1.8289053440093994
1295,513,,,2018-08-04 11:10:18.957015,0.328125,1.9259343147277832
1296,514,,,2018-08-04 11:10:19.904029,0.21875,1.928209900856018
1297,515,,,2018-08-04 11:10:20.808286,0.296875,1.8863943815231323
1298,516,,,2018-08-04 11:10:21.714476,0.359375,1.8063905239105225
1299,517,,,2018-08-04 11:10:22.625541,0.296875,1.8271716833114624
1300,518,,,2018-08-04 11:10:23.517712,0.375,1.6845523118972778
1301,519,,,2018-08-04 11:10:24.542572,0.28125,2.100757360458374
1302,520,0.2962,1.8383121490478516,2018-08-04 11:10:25.499070,0.203125,2.102864980697632
1303,521,,,2018-08-04 11:11:18.048674,0.265625,1.9034011363983154
1304,522,,,2018-08-04 11:11:18.977821,0.234375,2.0492563247680664
1305,523,,,2018-08-04 11:11:19.975855,0.28125,1.6892133951187134
1306,524,,,2018-08-04 11:11:20.881671,0.28125,1.951827883720398
1307,525,,,2018-08-04 11:11:21.789743,0.34375,1.711684226989746
1308,526,,,2018-08-04 11:11:22.744453,0.296875,1.7117348909378052
1309,527,,,2018-08-04 11:11:23.717969,0.328125,1.7782410383224487
1310,528,,,2018-08-04 11:11:24.640225,0.34375,1.7214192152023315
1311,529,,,2018-08-04 11:11:25.484206,0.28125,1.982677698135376
1312,530,,,2018-08-04 11:11:26.350010,0.28125,1.9482474327087402
1313,531,,,2018-08-04 11:11:27.224503,0.265625,1.783240795135498
1314,532,,,2018-08-04 11:11:28.083034,0.328125,1.8508338928222656
1315,533,,,2018-08-04 11:11:29.047269,0.328125,1.703154444694519
1316,534,,,2018-08-04 11:11:30.044561,0.40625,1.8008451461791992
1317,535,,,2018-08-04 11:11:30.957795,0.25,1.7355438470840454
1318,536,,,2018-08-04 11:11:31.830220,0.25,1.979101300239563
1319,537,,,2018-08-04 11:11:32.783767,0.328125,1.9136947393417358
1320,538,,,2018-08-04 11:11:33.755572,0.390625,1.6124829053878784
1321,539,,,2018-08-04 11:11:34.755707,0.234375,2.288278818130493
1322,540,0.3094,1.898826003074646,2018-08-04 11:11:35.702239,0.25,2.180515766143799
1323,541,,,2018-08-04 11:12:28.300488,0.421875,1.7729370594024658
1324,542,,,2018-08-04 11:12:29.220060,0.40625,1.7395166158676147
1325,543,,,2018-08-04 11:12:30.165370,0.265625,1.8313173055648804
1326,544,,,2018-08-04 11:12:31.143564,0.34375,1.7469877004623413
1327,545,,,2018-08-04 11:12:32.157789,0.328125,1.8978639841079712
1328,546,,,2018-08-04 11:12:33.116099,0.34375,1.8368985652923584
1329,547,,,2018-08-04 11:12:34.058335,0.390625,1.7050820589065552
1330,548,,,2018-08-04 11:12:35.039653,0.359375,1.7672704458236694
1331,549,,,2018-08-04 11:12:35.959274,0.21875,2.1302199363708496
1332,550,,,2018-08-04 11:12:36.802996,0.25,2.1296331882476807
1333,551,,,2018-08-04 11:12:37.779778,0.3125,1.9245238304138184
1334,552,,,2018-08-04 11:12:38.630304,0.328125,1.9241254329681396
1335,553,,,2018-08-04 11:12:39.588946,0.25,2.023942470550537
1336,554,,,2018-08-04 11:12:40.479961,0.3125,1.7818821668624878
1337,555,,,2018-08-04 11:12:41.350034,0.21875,2.086003541946411
1338,556,,,2018-08-04 11:12:42.294276,0.28125,1.9003523588180542
1339,557,,,2018-08-04 11:12:43.189819,0.34375,1.6982783079147339
1340,558,,,2018-08-04 11:12:44.065177,0.1875,1.819853663444519
1341,559,,,2018-08-04 11:12:45.118925,0.296875,2.005831480026245
1342,560,0.2525,1.893263339996338,2018-08-04 11:12:46.132827,0.265625,1.8763015270233154
1343,561,,,2018-08-04 11:13:41.115257,0.234375,1.9154338836669922
1344,562,,,2018-08-04 11:13:42.104507,0.296875,1.7306944131851196
1345,563,,,2018-08-04 11:13:43.002870,0.3125,1.8696080446243286
1346,564,,,2018-08-04 11:13:43.917036,0.296875,1.8134703636169434
1347,565,,,2018-08-04 11:13:44.877663,0.296875,1.7913209199905396
1348,566,,,2018-08-04 11:13:45.750216,0.375,1.7927483320236206
1349,567,,,2018-08-04 11:13:46.634182,0.28125,1.897476077079773
1350,568,,,2018-08-04 11:13:47.537848,0.296875,1.853084921836853
1351,569,,,2018-08-04 11:13:48.395808,0.203125,2.133859634399414
1352,570,,,2018-08-04 11:13:49.198831,0.3125,1.8672674894332886
1353,571,,,2018-08-04 11:13:50.122833,0.34375,1.8371354341506958
1354,572,,,2018-08-04 11:13:51.009028,0.234375,1.8769432306289673
1355,573,,,2018-08-04 11:13:51.870535,0.328125,1.8093169927597046
1356,574,,,2018-08-04 11:13:52.755478,0.28125,1.7725216150283813
1357,575,,,2018-08-04 11:13:53.652486,0.40625,1.801743984222412
1358,576,,,2018-08-04 11:13:54.574926,0.40625,1.7172837257385254
1359,577,,,2018-08-04 11:13:55.516424,0.328125,1.6039855480194092
1360,578,,,2018-08-04 11:13:56.436309,0.40625,1.5871936082839966
1361,579,,,2018-08-04 11:13:57.328783,0.28125,2.4349451065063477
1362,580,0.3178,1.82529878616333,2018-08-04 11:13:58.171366,0.234375,1.9550285339355469
1363,581,,,2018-08-04 11:14:49.683655,0.28125,1.7634203433990479
1364,582,,,2018-08-04 11:14:50.622682,0.296875,1.7953001260757446
1365,583,,,2018-08-04 11:14:51.581656,0.34375,1.7989698648452759
1366,584,,,2018-08-04 11:14:52.571127,0.3125,1.8799309730529785
1367,585,,,2018-08-04 11:14:53.525963,0.421875,1.8306574821472168
1368,586,,,2018-08-04 11:14:54.445558,0.359375,1.7944667339324951
1369,587,,,2018-08-04 11:14:55.417937,0.359375,1.8732422590255737
1370,588,,,2018-08-04 11:14:56.379767,0.359375,1.8418282270431519
1371,589,,,2018-08-04 11:14:57.201545,0.265625,2.0050528049468994
1372,590,,,2018-08-04 11:14:58.062029,0.390625,1.8220508098602295
1373,591,,,2018-08-04 11:14:58.998831,0.34375,1.760507583618164
1374,592,,,2018-08-04 11:14:59.952172,0.359375,1.8287993669509888
1375,593,,,2018-08-04 11:15:00.867335,0.34375,1.7248293161392212
1376,594,,,2018-08-04 11:15:01.837879,0.265625,2.029339551925659
1377,595,,,2018-08-04 11:15:02.743642,0.375,1.7578915357589722
1378,596,,,2018-08-04 11:15:03.617213,0.34375,1.8431156873703003
1379,597,,,2018-08-04 11:15:04.545602,0.3125,1.7550811767578125
1380,598,,,2018-08-04 11:15:05.569797,0.375,1.6821916103363037
1381,599,,,2018-08-04 11:15:06.495903,0.21875,2.1744227409362793
1382,600,0.3014,1.912553071975708,2018-08-04 11:15:07.493938,0.3125,1.9192674160003662
1383,601,,,2018-08-04 11:15:59.371662,0.296875,1.9960957765579224
1384,602,,,2018-08-04 11:16:00.270569,0.390625,1.7730519771575928
1385,603,,,2018-08-04 11:16:01.099170,0.34375,1.8328474760055542
1386,604,,,2018-08-04 11:16:02.044630,0.28125,1.949857234954834
1387,605,,,2018-08-04 11:16:02.969318,0.328125,1.8360514640808105
1388,606,,,2018-08-04 11:16:03.911377,0.40625,1.7360730171203613
1389,607,,,2018-08-04 11:16:04.781538,0.484375,1.562530279159546
1390,608,,,2018-08-04 11:16:05.624813,0.296875,1.8008826971054077
1391,609,,,2018-08-04 11:16:06.599680,0.28125,2.2030749320983887
1392,610,,,2018-08-04 11:16:07.509185,0.390625,1.7955009937286377
1393,611,,,2018-08-04 11:16:08.420462,0.375,1.7328245639801025
1394,612,,,2018-08-04 11:16:09.319033,0.28125,1.7139594554901123
1395,613,,,2018-08-04 11:16:10.217064,0.375,1.6738821268081665
1396,614,,,2018-08-04 11:16:11.111925,0.296875,1.854453444480896
1397,615,,,2018-08-04 11:16:11.985101,0.265625,1.7558776140213013
1398,616,,,2018-08-04 11:16:12.915680,0.484375,1.6745009422302246
1399,617,,,2018-08-04 11:16:13.755949,0.453125,1.5864853858947754
1400,618,,,2018-08-04 11:16:14.667253,0.328125,1.7054252624511719
1401,619,,,2018-08-04 11:16:15.562360,0.125,4.0660400390625
1402,620,0.3298,1.82979416847229,2018-08-04 11:16:16.504406,0.3125,1.8183494806289673
1403,621,,,2018-08-04 11:17:01.718777,0.328125,1.8207948207855225
1404,622,,,2018-08-04 11:17:02.688224,0.3125,1.7652357816696167
1405,623,,,2018-08-04 11:17:03.578455,0.34375,1.730526328086853
1406,624,,,2018-08-04 11:17:04.396556,0.265625,1.6509367227554321
1407,625,,,2018-08-04 11:17:05.239674,0.359375,1.6454445123672485
1408,626,,,2018-08-04 11:17:06.141029,0.40625,1.6528360843658447
1409,627,,,2018-08-04 11:17:07.009370,0.46875,1.4807277917861938
1410,628,,,2018-08-04 11:17:07.918154,0.328125,1.7792868614196777
1411,629,,,2018-08-04 11:17:08.825224,0.21875,2.2479350566864014
1412,630,,,2018-08-04 11:17:09.727927,0.34375,1.8948783874511719
1413,631,,,2018-08-04 11:17:10.615157,0.34375,1.6554831266403198
1414,632,,,2018-08-04 11:17:11.542297,0.25,2.0325722694396973
1415,633,,,2018-08-04 11:17:12.419853,0.234375,1.8190014362335205
1416,634,,,2018-08-04 11:17:13.318493,0.40625,1.665042757987976
1417,635,,,2018-08-04 11:17:14.143147,0.34375,1.800513744354248
1418,636,,,2018-08-04 11:17:15.023365,0.3125,1.6936390399932861
1419,637,,,2018-08-04 11:17:15.904877,0.3125,1.6664454936981201
1420,638,,,2018-08-04 11:17:16.896531,0.328125,1.7560348510742188
1421,639,,,2018-08-04 11:17:17.927013,0.203125,2.397490978240967
1422,640,0.3045,1.8565924167633057,2018-08-04 11:17:18.853070,0.328125,1.7940518856048584
1423,641,,,2018-08-04 11:18:09.351817,0.3125,1.8944631814956665
1424,642,,,2018-08-04 11:18:10.263407,0.328125,1.755728840827942
1425,643,,,2018-08-04 11:18:11.159343,0.359375,1.8447614908218384
1426,644,,,2018-08-04 11:18:12.070107,0.296875,1.6517001390457153
1427,645,,,2018-08-04 11:18:12.961500,0.3125,1.717665433883667
1428,646,,,2018-08-04 11:18:13.821891,0.28125,1.6522419452667236
1429,647,,,2018-08-04 11:18:14.639203,0.359375,1.8118504285812378
1430,648,,,2018-08-04 11:18:15.583610,0.4375,1.6846855878829956
1431,649,,,2018-08-04 11:18:16.524685,0.1875,2.110100746154785
1432,650,,,2018-08-04 11:18:17.393977,0.21875,1.9029878377914429
1433,651,,,2018-08-04 11:18:18.282970,0.265625,1.859371304512024
1434,652,,,2018-08-04 11:18:19.199272,0.296875,1.8010530471801758
1435,653,,,2018-08-04 11:18:20.134966,0.21875,1.732177972793579
1436,654,,,2018-08-04 11:18:21.046515,0.390625,1.729772925376892
1437,655,,,2018-08-04 11:18:21.854707,0.28125,1.8226016759872437
1438,656,,,2018-08-04 11:18:22.729847,0.1875,1.8373422622680664
1439,657,,,2018-08-04 11:18:23.756776,0.328125,1.7746559381484985
1440,658,,,2018-08-04 11:18:24.787995,0.4375,1.6965466737747192
1441,659,,,2018-08-04 11:18:25.763384,0.28125,2.0190541744232178
1442,660,0.2815,1.94977867603302,2018-08-04 11:18:26.620757,0.34375,1.9151626825332642
1443,661,,,2018-08-04 11:19:16.393187,0.296875,1.9084936380386353
1444,662,,,2018-08-04 11:19:17.354080,0.25,2.0370283126831055
1445,663,,,2018-08-04 11:19:18.302020,0.28125,1.9478920698165894
1446,664,,,2018-08-04 11:19:19.209514,0.265625,1.9390912055969238
1447,665,,,2018-08-04 11:19:20.191920,0.34375,1.8672614097595215
1448,666,,,2018-08-04 11:19:21.176807,0.28125,1.9759588241577148
1449,667,,,2018-08-04 11:19:22.132399,0.390625,1.8273508548736572
1450,668,,,2018-08-04 11:19:23.035433,0.3125,1.8031941652297974
1451,669,,,2018-08-04 11:19:23.996847,0.21875,2.2766804695129395
1452,670,,,2018-08-04 11:19:25.007671,0.328125,1.8760817050933838
1453,671,,,2018-08-04 11:19:25.881403,0.28125,1.9567606449127197
1454,672,,,2018-08-04 11:19:26.768131,0.3125,1.9017194509506226
1455,673,,,2018-08-04 11:19:27.623303,0.328125,1.892777442932129
1456,674,,,2018-08-04 11:19:28.535536,0.34375,1.8380602598190308
1457,675,,,2018-08-04 11:19:29.490882,0.25,1.875648021697998
1458,676,,,2018-08-04 11:19:30.357182,0.40625,1.7341820001602173
1459,677,,,2018-08-04 11:19:31.287250,0.34375,1.9160758256912231
1460,678,,,2018-08-04 11:19:32.150265,0.3125,1.846264123916626
1461,679,,,2018-08-04 11:19:33.102650,0.34375,1.7175865173339844
1462,680,0.3279,1.8602691888809204,2018-08-04 11:19:34.038651,0.234375,1.8990570306777954
1463,681,,,2018-08-04 11:20:27.151699,0.265625,1.851635456085205
1464,682,,,2018-08-04 11:20:28.132954,0.296875,1.8390992879867554
1465,683,,,2018-08-04 11:20:29.094615,0.359375,1.7887523174285889
1466,684,,,2018-08-04 11:20:30.007964,0.4375,1.5775517225265503
1467,685,,,2018-08-04 11:20:30.924309,0.40625,1.7239328622817993
1468,686,,,2018-08-04 11:20:31.844178,0.375,1.7731953859329224
1469,687,,,2018-08-04 11:20:32.776407,0.28125,1.8592191934585571
1470,688,,,2018-08-04 11:20:33.759059,0.3125,1.7354660034179688
1471,689,,,2018-08-04 11:20:34.612930,0.203125,2.14715838432312
1472,690,,,2018-08-04 11:20:35.497649,0.34375,2.184532642364502
1473,691,,,2018-08-04 11:20:36.417311,0.34375,1.8947017192840576
1474,692,,,2018-08-04 11:20:37.289519,0.234375,1.9079539775848389
1475,693,,,2018-08-04 11:20:38.254359,0.46875,1.70040762424469
1476,694,,,2018-08-04 11:20:39.274660,0.359375,1.7308930158615112
1477,695,,,2018-08-04 11:20:40.283843,0.40625,1.687390685081482
1478,696,,,2018-08-04 11:20:41.245313,0.390625,1.8061927556991577
1479,697,,,2018-08-04 11:20:42.182773,0.234375,1.913386344909668
1480,698,,,2018-08-04 11:20:43.054658,0.3125,1.883617877960205
1481,699,,,2018-08-04 11:20:43.888560,0.3125,1.7903152704238892
1482,700,0.3479,1.7304275035858154,2018-08-04 11:20:44.759240,0.375,1.7599679231643677
1483,701,,,2018-08-04 11:21:36.444357,0.40625,1.6800494194030762
1484,702,,,2018-08-04 11:21:37.332342,0.359375,1.6571240425109863
1485,703,,,2018-08-04 11:21:38.183799,0.4375,1.4631949663162231
1486,704,,,2018-08-04 11:21:39.038288,0.390625,1.6794735193252563
1487,705,,,2018-08-04 11:21:39.965996,0.40625,1.7722605466842651
1488,706,,,2018-08-04 11:21:40.867933,0.28125,1.9288302659988403
1489,707,,,2018-08-04 11:21:41.957995,0.359375,1.8881442546844482
1490,708,,,2018-08-04 11:21:42.932354,0.4375,1.5101333856582642
1491,709,,,2018-08-04 11:21:43.827520,0.28125,1.932708740234375
1492,710,,,2018-08-04 11:21:44.698591,0.28125,1.8525362014770508
1493,711,,,2018-08-04 11:21:45.516218,0.3125,1.803202509880066
1494,712,,,2018-08-04 11:21:46.324080,0.296875,1.5972914695739746
1495,713,,,2018-08-04 11:21:47.316162,0.421875,1.6127960681915283
1496,714,,,2018-08-04 11:21:48.351647,0.390625,1.6719826459884644
1497,715,,,2018-08-04 11:21:49.302664,0.40625,1.5864462852478027
1498,716,,,2018-08-04 11:21:50.271776,0.34375,1.6098681688308716
1499,717,,,2018-08-04 11:21:51.336433,0.375,1.7336530685424805
1500,718,,,2018-08-04 11:21:52.261257,0.40625,1.571616530418396
1501,719,,,2018-08-04 11:21:53.237473,0.34375,1.95235013961792
1502,720,0.3488,1.727615237236023,2018-08-04 11:21:54.258469,0.265625,1.8678191900253296
1503,721,,,2018-08-04 11:22:40.153759,0.25,1.6843546628952026
1504,722,,,2018-08-04 11:22:41.153269,0.390625,1.697797417640686
1505,723,,,2018-08-04 11:22:42.068732,0.421875,1.5561878681182861
1506,724,,,2018-08-04 11:22:42.978409,0.453125,1.5495388507843018
1507,725,,,2018-08-04 11:22:43.875820,0.359375,1.8911186456680298
1508,726,,,2018-08-04 11:22:44.742361,0.359375,1.60650634765625
1509,727,,,2018-08-04 11:22:45.668674,0.484375,1.454700231552124
1510,728,,,2018-08-04 11:22:46.509625,0.390625,1.7141319513320923
1511,729,,,2018-08-04 11:22:47.399036,0.328125,2.0555639266967773
1512,730,,,2018-08-04 11:22:48.379530,0.34375,1.8862557411193848
1513,731,,,2018-08-04 11:22:49.310232,0.3125,1.741959571838379
1514,732,,,2018-08-04 11:22:50.218411,0.3125,1.697863221168518
1515,733,,,2018-08-04 11:22:51.098995,0.328125,1.7694041728973389
1516,734,,,2018-08-04 11:22:51.962429,0.34375,1.7151941061019897
1517,735,,,2018-08-04 11:22:52.925254,0.34375,1.7056716680526733
1518,736,,,2018-08-04 11:22:53.902919,0.28125,1.8213043212890625
1519,737,,,2018-08-04 11:22:54.781799,0.546875,1.4180619716644287
1520,738,,,2018-08-04 11:22:55.661954,0.46875,1.6287976503372192
1521,739,,,2018-08-04 11:22:56.556948,0.359375,2.17671275138855
1522,740,0.3028,1.890140414237976,2018-08-04 11:22:57.391010,0.28125,1.8189010620117188
1523,741,,,2018-08-04 11:23:49.421599,0.265625,1.9737480878829956
1524,742,,,2018-08-04 11:23:50.362636,0.203125,1.9374371767044067
1525,743,,,2018-08-04 11:23:51.266978,0.28125,2.1355156898498535
1526,744,,,2018-08-04 11:23:52.095328,0.34375,1.8472330570220947
1527,745,,,2018-08-04 11:23:53.020629,0.296875,1.667722225189209
1528,746,,,2018-08-04 11:23:53.882039,0.28125,1.798421859741211
1529,747,,,2018-08-04 11:23:54.794255,0.359375,1.6308789253234863
1530,748,,,2018-08-04 11:23:55.711802,0.328125,1.641798973083496
1531,749,,,2018-08-04 11:23:56.561201,0.25,2.213768720626831
1532,750,,,2018-08-04 11:23:57.494636,0.359375,1.6692330837249756
1533,751,,,2018-08-04 11:23:58.357617,0.328125,1.8227870464324951
1534,752,,,2018-08-04 11:23:59.160917,0.328125,1.7830173969268799
1535,753,,,2018-08-04 11:24:00.022045,0.375,1.5799423456192017
1536,754,,,2018-08-04 11:24:00.867574,0.203125,1.7454156875610352
1537,755,,,2018-08-04 11:24:01.859315,0.46875,1.6264349222183228
1538,756,,,2018-08-04 11:24:02.782498,0.40625,1.547477126121521
1539,757,,,2018-08-04 11:24:03.673406,0.296875,1.899311900138855
1540,758,,,2018-08-04 11:24:04.574662,0.421875,1.50937020778656
1541,759,,,2018-08-04 11:24:05.519991,0.296875,2.5792417526245117
1542,760,0.2938,1.917590618133545,2018-08-04 11:24:06.432921,0.234375,2.095449924468994
1543,761,,,2018-08-04 11:24:56.730452,0.3125,1.9826560020446777
1544,762,,,2018-08-04 11:24:57.756195,0.34375,1.8209235668182373
1545,763,,,2018-08-04 11:24:58.662616,0.328125,1.780605673789978
1546,764,,,2018-08-04 11:24:59.573265,0.296875,1.838995099067688
1547,765,,,2018-08-04 11:25:00.442573,0.28125,1.898155689239502
1548,766,,,2018-08-04 11:25:01.330510,0.328125,1.8683817386627197
1549,767,,,2018-08-04 11:25:02.219603,0.359375,1.7538024187088013
1550,768,,,2018-08-04 11:25:03.121195,0.359375,1.743637204170227
1551,769,,,2018-08-04 11:25:04.021102,0.171875,3.0479559898376465
1552,770,,,2018-08-04 11:25:04.952500,0.3125,1.7510045766830444
1553,771,,,2018-08-04 11:25:05.896611,0.390625,1.8087435960769653
1554,772,,,2018-08-04 11:25:06.791602,0.28125,1.8391788005828857
1555,773,,,2018-08-04 11:25:07.658223,0.28125,1.8999481201171875
1556,774,,,2018-08-04 11:25:08.539795,0.375,1.843704342842102
1557,775,,,2018-08-04 11:25:09.404053,0.25,1.8758143186569214
1558,776,,,2018-08-04 11:25:10.243224,0.328125,1.7472857236862183
1559,777,,,2018-08-04 11:25:11.118126,0.40625,1.6289646625518799
1560,778,,,2018-08-04 11:25:11.988050,0.46875,1.5963199138641357
1561,779,,,2018-08-04 11:25:13.048327,0.203125,2.7561964988708496
1562,780,0.2996,1.9000474214553833,2018-08-04 11:25:14.035235,0.25,1.9934134483337402
1563,781,,,2018-08-04 11:25:56.730390,0.25,1.9688206911087036
1564,0,,,2018-08-04 11:26:46.350249,0.265625,1.935868740081787
1565,1,,,2018-08-04 11:26:47.293911,0.296875,1.8045940399169922
1566,2,,,2018-08-04 11:26:48.205521,0.296875,1.8158458471298218
1567,3,,,2018-08-04 11:26:49.113996,0.3125,1.7871640920639038
1568,4,,,2018-08-04 11:26:49.942965,0.328125,1.9349058866500854
1569,5,,,2018-08-04 11:26:50.810468,0.28125,1.7049472332000732
1570,6,,,2018-08-04 11:26:51.699456,0.34375,1.7941721677780151
1571,7,,,2018-08-04 11:26:52.629882,0.28125,2.077157497406006
1572,8,,,2018-08-04 11:26:53.562736,0.203125,2.2809579372406006
1573,9,,,2018-08-04 11:26:54.394098,0.28125,1.9911998510360718
1574,10,,,2018-08-04 11:26:55.281507,0.390625,1.7400171756744385
1575,11,,,2018-08-04 11:26:56.259748,0.28125,1.9147202968597412
1576,12,,,2018-08-04 11:26:57.167343,0.40625,1.843732476234436
1577,13,,,2018-08-04 11:26:58.163278,0.359375,1.8466895818710327
1578,14,,,2018-08-04 11:26:59.090816,0.28125,1.925650954246521
1579,15,,,2018-08-04 11:27:00.037444,0.359375,1.686004638671875
1580,16,,,2018-08-04 11:27:00.990449,0.3125,1.7574703693389893
1581,17,,,2018-08-04 11:27:01.902537,0.21875,2.017568588256836
1582,18,,,2018-08-04 11:27:02.769293,0.25,2.0272202491760254
1583,19,,,2018-08-04 11:27:03.660294,0.203125,2.006317377090454
1584,20,0.3327,1.824934959411621,2018-08-04 11:27:04.517331,0.296875,1.844284176826477
1585,21,,,2018-08-04 11:27:53.033445,0.265625,1.858968734741211
1586,22,,,2018-08-04 11:27:54.017375,0.46875,1.645287275314331
1587,23,,,2018-08-04 11:27:54.929524,0.375,1.8087788820266724
1588,24,,,2018-08-04 11:27:55.888554,0.3125,1.7746745347976685
1589,25,,,2018-08-04 11:27:56.823943,0.390625,1.7325211763381958
1590,26,,,2018-08-04 11:27:57.786237,0.375,1.8557865619659424
1591,27,,,2018-08-04 11:27:58.747555,0.21875,2.072227954864502
1592,28,,,2018-08-04 11:27:59.674737,0.359375,1.7488503456115723
1593,29,,,2018-08-04 11:28:00.575174,0.328125,1.8511078357696533
1594,30,,,2018-08-04 11:28:01.537503,0.328125,1.8490530252456665
1595,31,,,2018-08-04 11:28:02.461995,0.359375,1.6820178031921387
1596,32,,,2018-08-04 11:28:03.351221,0.328125,1.854533076286316
1597,33,,,2018-08-04 11:28:04.396041,0.34375,1.7476766109466553
1598,34,,,2018-08-04 11:28:05.375733,0.34375,1.8034639358520508
1599,35,,,2018-08-04 11:28:06.374354,0.390625,1.6944888830184937
1600,36,,,2018-08-04 11:28:07.290824,0.3125,1.7279300689697266
1601,37,,,2018-08-04 11:28:08.174997,0.28125,2.2038941383361816
1602,38,,,2018-08-04 11:28:09.102850,0.265625,1.9590073823928833
1603,39,,,2018-08-04 11:28:10.015175,0.375,1.753342866897583
1604,40,0.3352,1.7927438020706177,2018-08-04 11:28:10.905733,0.328125,1.853985071182251
1605,41,,,2018-08-04 11:29:04.187099,0.421875,1.8034169673919678
1606,42,,,2018-08-04 11:29:05.080933,0.421875,1.6720279455184937
1607,43,,,2018-08-04 11:29:05.992950,0.375,1.7817386388778687
1608,44,,,2018-08-04 11:29:06.880873,0.4375,1.5716499090194702
1609,45,,,2018-08-04 11:29:07.783490,0.390625,1.6991971731185913
1610,46,,,2018-08-04 11:29:08.717008,0.421875,1.698420763015747
1611,47,,,2018-08-04 11:29:09.628254,0.28125,1.9326649904251099
1612,48,,,2018-08-04 11:29:10.602532,0.3125,1.6988283395767212
1613,49,,,2018-08-04 11:29:11.519451,0.375,1.7069987058639526
1614,50,,,2018-08-04 11:29:12.509677,0.484375,1.4484562873840332
1615,51,,,2018-08-04 11:29:13.418563,0.4375,1.6523858308792114
1616,52,,,2018-08-04 11:29:14.307821,0.390625,1.7114572525024414
1617,53,,,2018-08-04 11:29:15.239539,0.359375,1.6108943223953247
1618,54,,,2018-08-04 11:29:16.167904,0.3125,1.7984155416488647
1619,55,,,2018-08-04 11:29:17.118117,0.359375,1.6940090656280518
1620,56,,,2018-08-04 11:29:18.124274,0.390625,1.6077425479888916
1621,57,,,2018-08-04 11:29:19.123176,0.234375,2.379608154296875
1622,58,,,2018-08-04 11:29:20.056918,0.34375,1.6674120426177979
1623,59,,,2018-08-04 11:29:21.026219,0.234375,1.7504669427871704
1624,60,0.3446,1.736180067062378,2018-08-04 11:29:21.893263,0.28125,1.7843307256698608
1625,61,,,2018-08-04 11:30:14.933409,0.265625,1.713437795639038
1626,62,,,2018-08-04 11:30:15.918741,0.265625,1.7705856561660767
1627,63,,,2018-08-04 11:30:16.895605,0.359375,1.8068104982376099
1628,64,,,2018-08-04 11:30:17.751687,0.4375,1.812480092048645
1629,65,,,2018-08-04 11:30:18.671622,0.4375,1.6543736457824707
1630,66,,,2018-08-04 11:30:19.544229,0.296875,1.7995688915252686
1631,67,,,2018-08-04 11:30:20.414964,0.328125,1.823300838470459
1632,68,,,2018-08-04 11:30:21.376433,0.421875,1.6676403284072876
1633,69,,,2018-08-04 11:30:22.262603,0.296875,1.9619594812393188
1634,70,,,2018-08-04 11:30:23.159818,0.25,1.9170849323272705
1635,71,,,2018-08-04 11:30:24.008681,0.359375,1.7092849016189575
1636,72,,,2018-08-04 11:30:24.877923,0.359375,1.7840137481689453
1637,73,,,2018-08-04 11:30:25.886862,0.453125,1.5437880754470825
1638,74,,,2018-08-04 11:30:26.769140,0.3125,1.8464527130126953
1639,75,,,2018-08-04 11:30:27.687928,0.28125,1.8834476470947266
1640,76,,,2018-08-04 11:30:28.572527,0.40625,1.670767903327942
1641,77,,,2018-08-04 11:30:29.447899,0.140625,2.181243658065796
1642,78,,,2018-08-04 11:30:30.387673,0.296875,1.8054089546203613
1643,79,,,2018-08-04 11:30:31.242748,0.359375,1.8471453189849854
1644,80,0.3207,1.819045066833496,2018-08-04 11:30:32.139871,0.296875,1.9100661277770996
1645,81,,,2018-08-04 11:31:24.164295,0.28125,1.8623077869415283
1646,82,,,2018-08-04 11:31:25.059124,0.296875,1.8841841220855713
1647,83,,,2018-08-04 11:31:26.012303,0.375,1.8052116632461548
1648,84,,,2018-08-04 11:31:26.903432,0.34375,1.7331191301345825
1649,85,,,2018-08-04 11:31:27.829723,0.359375,1.7084546089172363
1650,86,,,2018-08-04 11:31:28.750957,0.375,1.7414392232894897
1651,87,,,2018-08-04 11:31:29.718663,0.328125,1.936178207397461
1652,88,,,2018-08-04 11:31:30.608370,0.34375,1.747990369796753
1653,89,,,2018-08-04 11:31:31.534534,0.296875,1.7726421356201172
1654,90,,,2018-08-04 11:31:32.419936,0.34375,1.7381412982940674
1655,91,,,2018-08-04 11:31:33.333248,0.421875,1.5322766304016113
1656,92,,,2018-08-04 11:31:34.211388,0.34375,1.7662737369537354
1657,93,,,2018-08-04 11:31:35.091141,0.375,1.8058637380599976
1658,94,,,2018-08-04 11:31:35.995691,0.40625,1.6492506265640259
1659,95,,,2018-08-04 11:31:36.877503,0.4375,1.7174524068832397
1660,96,,,2018-08-04 11:31:37.860954,0.453125,1.417137622833252
1661,97,,,2018-08-04 11:31:38.749843,0.171875,2.387033462524414
1662,98,,,2018-08-04 11:31:39.632920,0.25,1.7691724300384521
1663,99,,,2018-08-04 11:31:40.527064,0.4375,1.5913699865341187
1664,100,0.3663,1.708199381828308,2018-08-04 11:31:41.370628,0.296875,1.8172516822814941
1665,101,,,2018-08-04 11:32:32.836400,0.28125,1.8159021139144897
1666,102,,,2018-08-04 11:32:33.740188,0.375,1.6961699724197388
1667,103,,,2018-08-04 11:32:34.692332,0.34375,1.6871845722198486
1668,104,,,2018-08-04 11:32:35.602257,0.3125,1.6630326509475708
1669,105,,,2018-08-04 11:32:36.454022,0.421875,1.6558632850646973
1670,106,,,2018-08-04 11:32:37.322030,0.46875,1.5773543119430542
1671,107,,,2018-08-04 11:32:38.214956,0.390625,1.7376080751419067
1672,108,,,2018-08-04 11:32:39.157722,0.375,1.7115204334259033
1673,109,,,2018-08-04 11:32:40.111069,0.328125,1.7879438400268555
1674,110,,,2018-08-04 11:32:41.034268,0.46875,1.6277261972427368
1675,111,,,2018-08-04 11:32:41.958362,0.40625,1.5849615335464478
1676,112,,,2018-08-04 11:32:42.833970,0.359375,1.6006351709365845
1677,113,,,2018-08-04 11:32:43.682837,0.453125,1.4575518369674683
1678,114,,,2018-08-04 11:32:44.574249,0.421875,1.5109506845474243
1679,115,,,2018-08-04 11:32:45.459800,0.421875,1.612653136253357
1680,116,,,2018-08-04 11:32:46.333003,0.46875,1.6080288887023926
1681,117,,,2018-08-04 11:32:47.254901,0.21875,2.182638645172119
1682,118,,,2018-08-04 11:32:48.172856,0.328125,1.7403833866119385
1683,119,,,2018-08-04 11:32:49.093548,0.34375,1.8811018466949463
1684,120,0.3841,1.6718391180038452,2018-08-04 11:32:49.908088,0.359375,1.695318341255188
1685,121,,,2018-08-04 11:33:42.350987,0.390625,1.64586341381073
1686,122,,,2018-08-04 11:33:43.317359,0.484375,1.4568403959274292
1687,123,,,2018-08-04 11:33:44.289770,0.4375,1.5809576511383057
1688,124,,,2018-08-04 11:33:45.201214,0.484375,1.5160932540893555
1689,125,,,2018-08-04 11:33:46.113221,0.375,1.7442035675048828
1690,126,,,2018-08-04 11:33:47.012902,0.46875,1.5585119724273682
1691,127,,,2018-08-04 11:33:47.989711,0.375,2.2252368927001953
1692,128,,,2018-08-04 11:33:48.971886,0.359375,1.7077457904815674
1693,129,,,2018-08-04 11:33:49.856234,0.40625,1.5822240114212036
1694,130,,,2018-08-04 11:33:50.877375,0.390625,1.6476199626922607
1695,131,,,2018-08-04 11:33:51.904602,0.453125,1.525765061378479
1696,132,,,2018-08-04 11:33:52.831068,0.5,1.4513225555419922
1697,133,,,2018-08-04 11:33:53.767582,0.375,1.6395989656448364
1698,134,,,2018-08-04 11:33:54.722281,0.421875,1.6395395994186401
1699,135,,,2018-08-04 11:33:55.702774,0.484375,1.5820926427841187
1700,136,,,2018-08-04 11:33:56.612495,0.515625,1.6485711336135864
1701,137,,,2018-08-04 11:33:57.489538,0.34375,2.0025038719177246
1702,138,,,2018-08-04 11:33:58.406125,0.28125,1.9499177932739258
1703,139,,,2018-08-04 11:33:59.282484,0.234375,2.021232843399048
1704,140,0.3344,1.7835980653762817,2018-08-04 11:34:00.108324,0.34375,1.75446617603302
1705,141,,,2018-08-04 11:34:49.901974,0.390625,1.7184349298477173
1706,142,,,2018-08-04 11:34:50.905472,0.28125,1.778075933456421
1707,143,,,2018-08-04 11:34:51.921988,0.296875,1.821667194366455
1708,144,,,2018-08-04 11:34:52.906405,0.375,1.7003198862075806
1709,145,,,2018-08-04 11:34:53.809092,0.3125,1.7311660051345825
1710,146,,,2018-08-04 11:34:54.742507,0.46875,1.7302780151367188
1711,147,,,2018-08-04 11:34:55.765580,0.234375,2.1048707962036133
1712,148,,,2018-08-04 11:34:56.759307,0.203125,2.0708837509155273
1713,149,,,2018-08-04 11:34:57.722092,0.421875,1.8911770582199097
1714,150,,,2018-08-04 11:34:58.645318,0.328125,1.6918017864227295
1715,151,,,2018-08-04 11:34:59.470516,0.375,1.7134605646133423
1716,152,,,2018-08-04 11:35:00.230694,0.421875,1.7304823398590088
1717,153,,,2018-08-04 11:35:01.162512,0.4375,1.63145911693573
1718,154,,,2018-08-04 11:35:02.117041,0.3125,1.8670848608016968
1719,155,,,2018-08-04 11:35:03.060005,0.296875,1.751918077468872
1720,156,,,2018-08-04 11:35:04.027651,0.484375,1.63350510597229
1721,157,,,2018-08-04 11:35:05.023440,0.25,2.032341241836548
1722,158,,,2018-08-04 11:35:06.003644,0.203125,2.0123324394226074
1723,159,,,2018-08-04 11:35:06.962005,0.234375,1.774088740348816
1724,160,0.2525,1.8873636722564697,2018-08-04 11:35:07.806622,0.25,1.8294909000396729
1725,161,,,2018-08-04 11:35:59.857065,0.203125,2.0563578605651855
1726,162,,,2018-08-04 11:36:00.770141,0.25,1.8326945304870605
1727,163,,,2018-08-04 11:36:01.756458,0.328125,1.7651309967041016
1728,164,,,2018-08-04 11:36:02.715773,0.296875,1.8328471183776855
1729,165,,,2018-08-04 11:36:03.648828,0.34375,1.932220458984375
1730,166,,,2018-08-04 11:36:04.598896,0.25,1.8677207231521606
1731,167,,,2018-08-04 11:36:05.525592,0.421875,1.5376002788543701
1732,168,,,2018-08-04 11:36:06.445272,0.375,1.7785629034042358
1733,169,,,2018-08-04 11:36:07.369400,0.359375,1.8037643432617188
1734,170,,,2018-08-04 11:36:08.312605,0.359375,1.5737205743789673
1735,171,,,2018-08-04 11:36:09.272829,0.390625,1.6935309171676636
1736,172,,,2018-08-04 11:36:10.155609,0.40625,1.631171464920044
1737,173,,,2018-08-04 11:36:11.029334,0.40625,1.4993259906768799
1738,174,,,2018-08-04 11:36:12.042834,0.421875,1.625174641609192
1739,175,,,2018-08-04 11:36:13.115138,0.3125,1.720292568206787
1740,176,,,2018-08-04 11:36:14.086628,0.375,1.6037453413009644
1741,177,,,2018-08-04 11:36:14.930208,0.40625,2.000920295715332
1742,178,,,2018-08-04 11:36:15.876767,0.359375,1.675969123840332
1743,179,,,2018-08-04 11:36:16.805760,0.40625,1.7091875076293945
1744,180,0.356,1.6989623308181763,2018-08-04 11:36:17.762255,0.3125,1.7135334014892578
1745,181,,,2018-08-04 11:37:07.758706,0.359375,1.7798954248428345
1746,182,,,2018-08-04 11:37:08.675858,0.4375,1.5697033405303955
1747,183,,,2018-08-04 11:37:09.573291,0.40625,1.601298451423645
1748,184,,,2018-08-04 11:37:10.556870,0.375,1.630582332611084
1749,185,,,2018-08-04 11:37:11.538660,0.421875,1.7165583372116089
1750,186,,,2018-08-04 11:37:12.523499,0.359375,1.5651161670684814
1751,187,,,2018-08-04 11:37:13.495855,0.375,1.7107579708099365
1752,188,,,2018-08-04 11:37:14.412513,0.21875,2.080526113510132
1753,189,,,2018-08-04 11:37:15.312159,0.4375,1.6867775917053223
1754,190,,,2018-08-04 11:37:16.340142,0.46875,1.5346983671188354
1755,191,,,2018-08-04 11:37:17.338412,0.4375,1.532676339149475
1756,192,,,2018-08-04 11:37:18.259837,0.421875,1.5919344425201416
1757,193,,,2018-08-04 11:37:19.158315,0.390625,1.6963306665420532
1758,194,,,2018-08-04 11:37:20.090493,0.40625,1.579239845275879
1759,195,,,2018-08-04 11:37:20.886077,0.40625,1.5849984884262085
1760,196,,,2018-08-04 11:37:21.738847,0.421875,1.597145676612854
1761,197,,,2018-08-04 11:37:22.646213,0.328125,1.965069055557251
1762,198,,,2018-08-04 11:37:23.632860,0.3125,1.8215336799621582
1763,199,,,2018-08-04 11:37:24.628372,0.25,1.9566727876663208
1764,200,0.3823,1.6758904457092285,2018-08-04 11:37:25.595685,0.390625,1.655003547668457
1765,201,,,2018-08-04 11:38:13.993680,0.265625,1.8263130187988281
1766,202,,,2018-08-04 11:38:14.874421,0.46875,1.6654163599014282
1767,203,,,2018-08-04 11:38:15.826688,0.40625,1.6498397588729858
1768,204,,,2018-08-04 11:38:16.742492,0.484375,1.6287751197814941
1769,205,,,2018-08-04 11:38:17.635844,0.515625,1.4067426919937134
1770,206,,,2018-08-04 11:38:18.568016,0.40625,1.5859161615371704
1771,207,,,2018-08-04 11:38:19.558889,0.421875,1.6076267957687378
1772,208,,,2018-08-04 11:38:20.504123,0.421875,1.7313944101333618
1773,209,,,2018-08-04 11:38:21.529195,0.390625,1.6887129545211792
1774,210,,,2018-08-04 11:38:22.444511,0.40625,1.6130778789520264
1775,211,,,2018-08-04 11:38:23.300500,0.421875,1.5116184949874878
1776,212,,,2018-08-04 11:38:24.265839,0.46875,1.375657320022583
1777,213,,,2018-08-04 11:38:25.251316,0.421875,1.4630693197250366
1778,214,,,2018-08-04 11:38:26.204749,0.359375,1.5521039962768555
1779,215,,,2018-08-04 11:38:27.147807,0.359375,1.6537381410598755
1780,216,,,2018-08-04 11:38:27.976394,0.390625,1.5179076194763184
1781,217,,,2018-08-04 11:38:28.877146,0.34375,1.8813047409057617
1782,218,,,2018-08-04 11:38:29.836837,0.3125,1.9683984518051147
1783,219,,,2018-08-04 11:38:30.835203,0.25,1.7240809202194214
1784,220,0.4129,1.620438814163208,2018-08-04 11:38:31.742632,0.421875,1.7158517837524414
1785,221,,,2018-08-04 11:39:22.844670,0.46875,1.3938469886779785
1786,222,,,2018-08-04 11:39:23.834328,0.515625,1.6832693815231323
1787,223,,,2018-08-04 11:39:24.793530,0.390625,1.471390962600708
1788,224,,,2018-08-04 11:39:25.694896,0.328125,1.5718971490859985
1789,225,,,2018-08-04 11:39:26.619454,0.4375,1.5670992136001587
1790,226,,,2018-08-04 11:39:27.606359,0.453125,1.5186182260513306
1791,227,,,2018-08-04 11:39:28.599679,0.234375,2.1721138954162598
1792,228,,,2018-08-04 11:39:29.535408,0.25,2.1145472526550293
1793,229,,,2018-08-04 11:39:30.468786,0.3125,1.8079720735549927
1794,230,,,2018-08-04 11:39:31.389435,0.453125,1.5895063877105713
1795,231,,,2018-08-04 11:39:32.267399,0.421875,1.4977210760116577
1796,232,,,2018-08-04 11:39:33.140151,0.453125,1.6999638080596924
1797,233,,,2018-08-04 11:39:34.099486,0.5,1.4493224620819092
1798,234,,,2018-08-04 11:39:35.024438,0.4375,1.5302016735076904
1799,235,,,2018-08-04 11:39:36.077770,0.421875,1.623738169670105
1800,236,,,2018-08-04 11:39:37.042737,0.390625,1.646234393119812
1801,237,,,2018-08-04 11:39:37.991942,0.4375,1.7322466373443604
1802,238,,,2018-08-04 11:39:38.997028,0.3125,1.8130987882614136
1803,239,,,2018-08-04 11:39:39.869863,0.390625,1.7821632623672485
1804,240,0.3642,1.7058972120285034,2018-08-04 11:39:40.763311,0.296875,1.998305320739746
1805,241,,,2018-08-04 11:40:32.159086,0.40625,1.6720991134643555
1806,242,,,2018-08-04 11:40:33.076092,0.328125,1.6495823860168457
1807,243,,,2018-08-04 11:40:34.035331,0.390625,1.7181847095489502
1808,244,,,2018-08-04 11:40:34.936654,0.375,1.7705930471420288
1809,245,,,2018-08-04 11:40:35.955587,0.53125,1.4844402074813843
1810,246,,,2018-08-04 11:40:36.964315,0.5,1.5306832790374756
1811,247,,,2018-08-04 11:40:37.898907,0.359375,1.8327372074127197
1812,248,,,2018-08-04 11:40:38.820262,0.359375,2.0692145824432373
1813,249,,,2018-08-04 11:40:39.829313,0.296875,1.9544548988342285
1814,250,,,2018-08-04 11:40:40.799284,0.296875,1.8185912370681763
1815,251,,,2018-08-04 11:40:41.798340,0.3125,1.743508219718933
1816,252,,,2018-08-04 11:40:42.768080,0.3125,1.7007877826690674
1817,253,,,2018-08-04 11:40:43.655022,0.328125,1.7702189683914185
1818,254,,,2018-08-04 11:40:44.561106,0.3125,1.6883419752120972
1819,255,,,2018-08-04 11:40:45.469133,0.359375,1.6152472496032715
1820,256,,,2018-08-04 11:40:46.376076,0.46875,1.4999600648880005
1821,257,,,2018-08-04 11:40:47.330742,0.34375,1.8354603052139282
1822,258,,,2018-08-04 11:40:48.227667,0.359375,1.6625066995620728
1823,259,,,2018-08-04 11:40:49.089454,0.328125,1.7910408973693848
1824,260,0.393,1.6444119215011597,2018-08-04 11:40:49.955721,0.609375,1.5524462461471558
1825,261,,,2018-08-04 11:41:37.800089,0.28125,1.8651984930038452
1826,262,,,2018-08-04 11:41:38.770354,0.375,1.6506444215774536
1827,263,,,2018-08-04 11:41:39.731593,0.46875,1.410507321357727
1828,264,,,2018-08-04 11:41:40.633392,0.40625,1.5696337223052979
1829,265,,,2018-08-04 11:41:41.511453,0.34375,1.6625696420669556
1830,266,,,2018-08-04 11:41:42.420343,0.421875,1.6926051378250122
1831,267,,,2018-08-04 11:41:43.419724,0.421875,1.754579782485962
1832,268,,,2018-08-04 11:41:44.383184,0.296875,1.8632609844207764
1833,269,,,2018-08-04 11:41:45.274948,0.359375,1.7074086666107178
1834,270,,,2018-08-04 11:41:46.213028,0.375,1.7051329612731934
1835,271,,,2018-08-04 11:41:47.073301,0.40625,1.6602782011032104
1836,272,,,2018-08-04 11:41:47.910798,0.359375,1.532166600227356
1837,273,,,2018-08-04 11:41:48.797917,0.46875,1.4968334436416626
1838,274,,,2018-08-04 11:41:49.770687,0.328125,1.587844967842102
1839,275,,,2018-08-04 11:41:50.645514,0.484375,1.3889528512954712
1840,276,,,2018-08-04 11:41:51.596003,0.515625,1.4764348268508911
1841,277,,,2018-08-04 11:41:52.615875,0.203125,2.5534701347351074
1842,278,,,2018-08-04 11:41:53.636225,0.375,1.692497730255127
1843,279,,,2018-08-04 11:41:54.617529,0.328125,1.7576344013214111
1844,280,0.3839,1.6639816761016846,2018-08-04 11:41:55.586121,0.390625,1.5460506677627563
1845,281,,,2018-08-04 11:42:43.858911,0.390625,1.7285757064819336
1846,282,,,2018-08-04 11:42:44.727737,0.265625,1.7356646060943604
1847,283,,,2018-08-04 11:42:45.592331,0.421875,1.5630483627319336
1848,284,,,2018-08-04 11:42:46.560598,0.328125,1.6766449213027954
1849,285,,,2018-08-04 11:42:47.514600,0.390625,1.503014326095581
1850,286,,,2018-08-04 11:42:48.546025,0.4375,1.6157047748565674
1851,287,,,2018-08-04 11:42:49.444613,0.21875,2.0506980419158936
1852,288,,,2018-08-04 11:42:50.379878,0.46875,1.557926893234253
1853,289,,,2018-08-04 11:42:51.354334,0.328125,1.5817723274230957
1854,290,,,2018-08-04 11:42:52.271469,0.4375,1.5587170124053955
1855,291,,,2018-08-04 11:42:53.198277,0.421875,1.5681910514831543
1856,292,,,2018-08-04 11:42:54.095316,0.421875,1.5350877046585083
1857,293,,,2018-08-04 11:42:55.070930,0.53125,1.357064962387085
1858,294,,,2018-08-04 11:42:56.022539,0.453125,1.5854216814041138
1859,295,,,2018-08-04 11:42:56.977951,0.46875,1.5962575674057007
1860,296,,,2018-08-04 11:42:57.924171,0.453125,1.4268335103988647
1861,297,,,2018-08-04 11:42:58.815845,0.328125,1.8711729049682617
1862,298,,,2018-08-04 11:42:59.703990,0.25,1.9867576360702515
1863,299,,,2018-08-04 11:43:00.654484,0.34375,1.7172515392303467
1864,300,0.3702,1.702948808670044,2018-08-04 11:43:01.564017,0.4375,1.7271571159362793
1865,301,,,2018-08-04 11:43:51.665702,0.234375,1.8217219114303589
1866,302,,,2018-08-04 11:43:52.621993,0.390625,1.5724296569824219
1867,303,,,2018-08-04 11:43:53.526846,0.328125,1.8770439624786377
1868,304,,,2018-08-04 11:43:54.454359,0.46875,1.6261509656906128
1869,305,,,2018-08-04 11:43:55.352715,0.4375,1.4703184366226196
1870,306,,,2018-08-04 11:43:56.277197,0.34375,1.6599905490875244
1871,307,,,2018-08-04 11:43:57.198502,0.3125,1.9505133628845215
1872,308,,,2018-08-04 11:43:58.200176,0.25,2.0071094036102295
1873,309,,,2018-08-04 11:43:59.105058,0.28125,1.811769962310791
1874,310,,,2018-08-04 11:44:00.040439,0.390625,1.6837589740753174
1875,311,,,2018-08-04 11:44:00.942919,0.40625,1.7572660446166992
1876,312,,,2018-08-04 11:44:01.927117,0.5625,1.5314068794250488
1877,313,,,2018-08-04 11:44:02.917503,0.453125,1.6427812576293945
1878,314,,,2018-08-04 11:44:03.804876,0.4375,1.5503334999084473
1879,315,,,2018-08-04 11:44:04.720491,0.375,1.5573413372039795
1880,316,,,2018-08-04 11:44:05.661129,0.359375,1.6600472927093506
1881,317,,,2018-08-04 11:44:06.552768,0.296875,1.9396904706954956
1882,318,,,2018-08-04 11:44:07.412541,0.359375,1.669342041015625
1883,319,,,2018-08-04 11:44:08.275952,0.4375,1.7092770338058472
1884,320,0.3928,1.641876220703125,2018-08-04 11:44:09.213663,0.375,1.6544876098632812
1885,321,,,2018-08-04 11:45:00.406030,0.34375,1.720119595527649
1886,322,,,2018-08-04 11:45:01.361677,0.4375,1.6883487701416016
1887,323,,,2018-08-04 11:45:02.296836,0.4375,1.612436056137085
1888,324,,,2018-08-04 11:45:03.234034,0.4375,1.4690788984298706
1889,325,,,2018-08-04 11:45:04.128466,0.3125,1.6878809928894043
1890,326,,,2018-08-04 11:45:05.001650,0.421875,1.6049643754959106
1891,327,,,2018-08-04 11:45:05.948183,0.34375,2.611379623413086
1892,328,,,2018-08-04 11:45:06.892335,0.46875,1.524817943572998
1893,329,,,2018-08-04 11:45:07.775679,0.453125,1.454988956451416
1894,330,,,2018-08-04 11:45:08.633191,0.421875,1.6158274412155151
1895,331,,,2018-08-04 11:45:09.494787,0.4375,1.5242209434509277
1896,332,,,2018-08-04 11:45:10.388023,0.375,1.6622170209884644
1897,333,,,2018-08-04 11:45:11.407560,0.453125,1.4687765836715698
1898,334,,,2018-08-04 11:45:12.394169,0.453125,1.5228921175003052
1899,335,,,2018-08-04 11:45:13.379527,0.5,1.5645277500152588
1900,336,,,2018-08-04 11:45:14.324705,0.34375,1.750762939453125
1901,337,,,2018-08-04 11:45:15.268013,0.296875,1.9610517024993896
1902,338,,,2018-08-04 11:45:16.214969,0.234375,2.075986385345459
1903,339,,,2018-08-04 11:45:17.150246,0.34375,1.819301724433899
1904,340,0.4057,1.6286866664886475,2018-08-04 11:45:18.126078,0.421875,1.704578161239624
1905,341,,,2018-08-04 11:46:10.445542,0.421875,1.601452350616455
1906,342,,,2018-08-04 11:46:11.403052,0.53125,1.4561190605163574
1907,343,,,2018-08-04 11:46:12.380077,0.453125,1.4120683670043945
1908,344,,,2018-08-04 11:46:13.259419,0.421875,1.5611743927001953
1909,345,,,2018-08-04 11:46:14.119791,0.40625,1.5513392686843872
1910,346,,,2018-08-04 11:46:15.107907,0.421875,1.5758823156356812
1911,347,,,2018-08-04 11:46:15.989906,0.3125,2.0410380363464355
1912,348,,,2018-08-04 11:46:16.979196,0.265625,1.8173975944519043
1913,349,,,2018-08-04 11:46:17.987843,0.296875,1.8720252513885498
1914,350,,,2018-08-04 11:46:18.998148,0.28125,1.9026466608047485
1915,351,,,2018-08-04 11:46:19.915149,0.34375,1.7083686590194702
1916,352,,,2018-08-04 11:46:20.780250,0.515625,1.5830615758895874
1917,353,,,2018-08-04 11:46:21.659116,0.390625,1.7559747695922852
1918,354,,,2018-08-04 11:46:22.686881,0.40625,1.6209944486618042
1919,355,,,2018-08-04 11:46:23.634956,0.375,1.5752025842666626
1920,356,,,2018-08-04 11:46:24.558130,0.375,1.8490278720855713
1921,357,,,2018-08-04 11:46:25.405013,0.328125,2.2659900188446045
1922,358,,,2018-08-04 11:46:26.386971,0.3125,1.7068521976470947
1923,359,,,2018-08-04 11:46:27.301265,0.390625,1.6064610481262207
1924,360,0.3701,1.6874316930770874,2018-08-04 11:46:28.276620,0.34375,1.619127869606018
1925,361,,,2018-08-04 11:47:22.168742,0.421875,1.5566359758377075
1926,362,,,2018-08-04 11:47:23.138695,0.40625,1.7438405752182007
1927,363,,,2018-08-04 11:47:24.127819,0.390625,1.5858995914459229
1928,364,,,2018-08-04 11:47:25.036018,0.453125,1.4516414403915405
1929,365,,,2018-08-04 11:47:25.990153,0.453125,1.639796257019043
1930,366,,,2018-08-04 11:47:27.044556,0.5,1.4587217569351196
1931,367,,,2018-08-04 11:47:27.950535,0.1875,2.48923397064209
1932,368,,,2018-08-04 11:47:28.875861,0.359375,1.8955504894256592
1933,369,,,2018-08-04 11:47:29.730035,0.4375,1.727433443069458
1934,370,,,2018-08-04 11:47:30.673380,0.3125,1.7696192264556885
1935,371,,,2018-08-04 11:47:31.618615,0.390625,1.7047227621078491
1936,372,,,2018-08-04 11:47:32.568552,0.390625,1.5789541006088257
1937,373,,,2018-08-04 11:47:33.471373,0.25,1.7489310503005981
1938,374,,,2018-08-04 11:47:34.321307,0.421875,1.6710610389709473
1939,375,,,2018-08-04 11:47:35.194909,0.359375,1.6662379503250122
1940,376,,,2018-08-04 11:47:36.133081,0.484375,1.4944132566452026
1941,377,,,2018-08-04 11:47:37.061609,0.21875,3.2786386013031006
1942,378,,,2018-08-04 11:47:37.981556,0.171875,1.7916607856750488
1943,379,,,2018-08-04 11:47:38.868902,0.4375,1.626306414604187
1944,380,0.342,1.724419355392456,2018-08-04 11:47:39.844703,0.25,2.0173943042755127
1945,381,,,2018-08-04 11:48:31.701940,0.25,1.761570692062378
1946,382,,,2018-08-04 11:48:32.608770,0.40625,1.8132448196411133
1947,383,,,2018-08-04 11:48:33.544130,0.359375,1.7281064987182617
1948,384,,,2018-08-04 11:48:34.455455,0.34375,1.6671580076217651
1949,385,,,2018-08-04 11:48:35.430212,0.34375,1.6528881788253784
1950,386,,,2018-08-04 11:48:36.406492,0.453125,1.4613333940505981
1951,387,,,2018-08-04 11:48:37.407371,0.34375,2.381810188293457
1952,388,,,2018-08-04 11:48:38.417514,0.40625,1.6788790225982666
1953,389,,,2018-08-04 11:48:39.417246,0.390625,1.7550039291381836
1954,390,,,2018-08-04 11:48:40.374016,0.34375,1.8056291341781616
1955,391,,,2018-08-04 11:48:41.342038,0.484375,1.519628882408142
1956,392,,,2018-08-04 11:48:42.360006,0.421875,1.727451205253601
1957,393,,,2018-08-04 11:48:43.346658,0.328125,1.5863628387451172
1958,394,,,2018-08-04 11:48:44.323779,0.390625,1.6554439067840576
1959,395,,,2018-08-04 11:48:45.279628,0.484375,1.5257693529129028
1960,396,,,2018-08-04 11:48:46.225191,0.453125,1.4792038202285767
1961,397,,,2018-08-04 11:48:47.180187,0.375,1.88009512424469
1962,398,,,2018-08-04 11:48:48.077640,0.390625,1.896779179573059
1963,399,,,2018-08-04 11:48:48.935574,0.3125,1.822638988494873
1964,400,0.3883,1.6697468757629395,2018-08-04 11:48:49.886490,0.3125,1.8317677974700928
1965,401,,,2018-08-04 11:49:41.640149,0.359375,1.6491472721099854
1966,402,,,2018-08-04 11:49:42.644640,0.484375,1.653121829032898
1967,403,,,2018-08-04 11:49:43.632008,0.4375,1.6321324110031128
1968,404,,,2018-08-04 11:49:44.593992,0.5,1.415690302848816
1969,405,,,2018-08-04 11:49:45.528862,0.296875,1.8054075241088867
1970,406,,,2018-08-04 11:49:46.547338,0.359375,1.6483333110809326
1971,407,,,2018-08-04 11:49:47.431593,0.328125,1.7872700691223145
1972,408,,,2018-08-04 11:49:48.312972,0.375,1.6336945295333862
1973,409,,,2018-08-04 11:49:49.209295,0.421875,1.630207896232605
1974,410,,,2018-08-04 11:49:50.186366,0.46875,1.6031852960586548
1975,411,,,2018-08-04 11:49:51.017627,0.40625,1.6301780939102173
1976,412,,,2018-08-04 11:49:51.968050,0.375,1.611970067024231
1977,413,,,2018-08-04 11:49:52.902554,0.390625,1.651582956314087
1978,414,,,2018-08-04 11:49:53.915277,0.390625,1.6318018436431885
1979,415,,,2018-08-04 11:49:54.753976,0.4375,1.5156086683273315
1980,416,,,2018-08-04 11:49:55.644403,0.4375,1.5609714984893799
1981,417,,,2018-08-04 11:49:56.617533,0.234375,2.448362350463867
1982,418,,,2018-08-04 11:49:57.609604,0.328125,1.877731442451477
1983,419,,,2018-08-04 11:49:58.593254,0.484375,1.7128113508224487
1984,420,0.3999,1.7083721160888672,2018-08-04 11:49:59.524310,0.484375,1.6710715293884277
1985,421,,,2018-08-04 11:50:51.362642,0.46875,1.7005224227905273
1986,422,,,2018-08-04 11:50:52.390866,0.4375,1.6074100732803345
1987,423,,,2018-08-04 11:50:53.344778,0.4375,1.6056894063949585
1988,424,,,2018-08-04 11:50:54.240629,0.40625,1.6714590787887573
1989,425,,,2018-08-04 11:50:55.191961,0.421875,1.8026193380355835
1990,426,,,2018-08-04 11:50:56.095978,0.390625,1.6447066068649292
1991,427,,,2018-08-04 11:50:57.000744,0.359375,1.8765218257904053
1992,428,,,2018-08-04 11:50:57.966253,0.328125,1.8046743869781494
1993,429,,,2018-08-04 11:50:58.840116,0.375,1.7325400114059448
1994,430,,,2018-08-04 11:50:59.793410,0.34375,1.7191507816314697
1995,431,,,2018-08-04 11:51:00.658263,0.375,1.6218403577804565
1996,432,,,2018-08-04 11:51:01.597399,0.390625,1.5506048202514648
1997,433,,,2018-08-04 11:51:02.561091,0.296875,1.7010235786437988
1998,434,,,2018-08-04 11:51:03.556583,0.5,1.505691647529602
1999,435,,,2018-08-04 11:51:04.455282,0.484375,1.629516839981079
2000,436,,,2018-08-04 11:51:05.388152,0.421875,1.6899328231811523
2001,437,,,2018-08-04 11:51:06.223031,0.203125,2.4032745361328125
2002,438,,,2018-08-04 11:51:07.125979,0.3125,1.9387295246124268
2003,439,,,2018-08-04 11:51:08.051537,0.359375,1.9070013761520386
2004,440,0.3807,1.7149790525436401,2018-08-04 11:51:08.862883,0.46875,1.668701410293579
2005,441,,,2018-08-04 11:51:58.413371,0.3125,1.8410234451293945
2006,442,,,2018-08-04 11:51:59.350216,0.359375,1.8110119104385376
2007,443,,,2018-08-04 11:52:00.302871,0.4375,1.4728598594665527
2008,444,,,2018-08-04 11:52:01.225214,0.375,1.610175609588623
2009,445,,,2018-08-04 11:52:02.223169,0.4375,1.4941303730010986
2010,446,,,2018-08-04 11:52:03.130788,0.5,1.5373231172561646
2011,447,,,2018-08-04 11:52:04.144151,0.34375,2.1086525917053223
2012,448,,,2018-08-04 11:52:05.052114,0.28125,2.1208081245422363
2013,449,,,2018-08-04 11:52:05.996726,0.40625,1.647659182548523
2014,450,,,2018-08-04 11:52:06.917271,0.34375,1.854467749595642
2015,451,,,2018-08-04 11:52:07.740429,0.40625,1.5715528726577759
2016,452,,,2018-08-04 11:52:08.632493,0.40625,1.550359845161438
2017,453,,,2018-08-04 11:52:09.521253,0.34375,1.575393795967102
2018,454,,,2018-08-04 11:52:10.459184,0.4375,1.67951500415802
2019,455,,,2018-08-04 11:52:11.364323,0.34375,1.5403926372528076
2020,456,,,2018-08-04 11:52:12.230865,0.5,1.436775803565979
2021,457,,,2018-08-04 11:52:13.202561,0.21875,2.3923401832580566
2022,458,,,2018-08-04 11:52:14.194928,0.3125,1.737450122833252
2023,459,,,2018-08-04 11:52:15.112169,0.328125,1.8458086252212524
2024,460,0.3705,1.663985013961792,2018-08-04 11:52:15.965503,0.390625,1.8085649013519287
2025,461,,,2018-08-04 11:53:04.455481,0.390625,1.7573440074920654
2026,462,,,2018-08-04 11:53:05.441003,0.3125,1.8115203380584717
2027,463,,,2018-08-04 11:53:06.398998,0.25,1.7822185754776
2028,464,,,2018-08-04 11:53:07.389674,0.328125,1.589857578277588
2029,465,,,2018-08-04 11:53:08.335739,0.421875,1.6058844327926636
2030,466,,,2018-08-04 11:53:09.187631,0.40625,1.7258399724960327
2031,467,,,2018-08-04 11:53:10.068666,0.203125,2.3654351234436035
2032,468,,,2018-08-04 11:53:10.884698,0.328125,1.826259732246399
2033,469,,,2018-08-04 11:53:11.782881,0.359375,1.919763207435608
2034,470,,,2018-08-04 11:53:12.781873,0.390625,1.710715651512146
2035,471,,,2018-08-04 11:53:13.764977,0.390625,1.7292436361312866
2036,472,,,2018-08-04 11:53:14.792599,0.28125,1.8834142684936523
2037,473,,,2018-08-04 11:53:15.742421,0.328125,1.7165305614471436
2038,474,,,2018-08-04 11:53:16.691842,0.34375,1.7809984683990479
2039,475,,,2018-08-04 11:53:17.568594,0.359375,1.7219611406326294
2040,476,,,2018-08-04 11:53:18.511324,0.453125,1.6215606927871704
2041,477,,,2018-08-04 11:53:19.389655,0.28125,2.2216315269470215
2042,478,,,2018-08-04 11:53:20.289384,0.21875,2.0577361583709717
2043,479,,,2018-08-04 11:53:21.236392,0.203125,2.116813898086548
2044,480,0.3704,1.724101185798645,2018-08-04 11:53:22.206390,0.34375,1.8374255895614624
2045,481,,,2018-08-04 11:54:12.107153,0.375,1.7422370910644531
2046,482,,,2018-08-04 11:54:13.040297,0.4375,1.7078161239624023
2047,483,,,2018-08-04 11:54:13.972612,0.359375,1.6301872730255127
2048,484,,,2018-08-04 11:54:14.907746,0.484375,1.593207597732544
2049,485,,,2018-08-04 11:54:15.788403,0.34375,1.5728743076324463
2050,486,,,2018-08-04 11:54:16.715483,0.390625,1.6283588409423828
2051,487,,,2018-08-04 11:54:17.623997,0.40625,1.7292258739471436
2052,488,,,2018-08-04 11:54:18.545549,0.25,1.8211259841918945
2053,489,,,2018-08-04 11:54:19.521279,0.328125,1.8872196674346924
2054,490,,,2018-08-04 11:54:20.524342,0.4375,1.5255461931228638
2055,491,,,2018-08-04 11:54:21.487171,0.328125,1.7308553457260132
2056,492,,,2018-08-04 11:54:22.478218,0.28125,1.6504935026168823
2057,493,,,2018-08-04 11:54:23.542602,0.421875,1.6155023574829102
2058,494,,,2018-08-04 11:54:24.504462,0.4375,1.4904298782348633
2059,495,,,2018-08-04 11:54:25.413642,0.546875,1.4567668437957764
2060,496,,,2018-08-04 11:54:26.367704,0.484375,1.494087815284729
2061,497,,,2018-08-04 11:54:27.320827,0.3125,1.8517637252807617
2062,498,,,2018-08-04 11:54:28.349819,0.34375,1.7749812602996826
2063,499,,,2018-08-04 11:54:29.362321,0.28125,1.7826944589614868
2064,500,0.4104,1.618201494216919,2018-08-04 11:54:30.348172,0.390625,1.6113204956054688
2065,501,,,2018-08-04 11:55:23.062396,0.359375,1.6951725482940674
2066,502,,,2018-08-04 11:55:24.005691,0.421875,1.649810552597046
2067,503,,,2018-08-04 11:55:24.888189,0.484375,1.5282827615737915
2068,504,,,2018-08-04 11:55:25.855674,0.484375,1.4294265508651733
2069,505,,,2018-08-04 11:55:26.719879,0.34375,1.5008448362350464
2070,506,,,2018-08-04 11:55:27.605524,0.390625,1.5972223281860352
2071,507,,,2018-08-04 11:55:28.509769,0.28125,2.101698875427246
2072,508,,,2018-08-04 11:55:29.413546,0.421875,1.5811116695404053
2073,509,,,2018-08-04 11:55:30.296321,0.359375,1.6473560333251953
2074,510,,,2018-08-04 11:55:31.114905,0.46875,1.5285909175872803
2075,511,,,2018-08-04 11:55:31.990696,0.390625,1.8174833059310913
2076,512,,,2018-08-04 11:55:32.904301,0.328125,1.5795841217041016
2077,513,,,2018-08-04 11:55:33.881316,0.46875,1.6340969800949097
2078,514,,,2018-08-04 11:55:34.733528,0.421875,1.548503041267395
2079,515,,,2018-08-04 11:55:35.737368,0.46875,1.4671889543533325
2080,516,,,2018-08-04 11:55:36.701445,0.421875,1.6016876697540283
2081,517,,,2018-08-04 11:55:37.642352,0.265625,2.2046501636505127
2082,518,,,2018-08-04 11:55:38.527841,0.421875,1.6605916023254395
2083,519,,,2018-08-04 11:55:39.428364,0.515625,1.3942378759384155
2084,520,0.4129,1.5784542560577393,2018-08-04 11:55:40.282866,0.375,1.8035064935684204
2085,521,,,2018-08-04 11:56:28.999565,0.359375,1.7223566770553589
2086,522,,,2018-08-04 11:56:29.905163,0.375,1.5917257070541382
2087,523,,,2018-08-04 11:56:30.770097,0.28125,1.5459942817687988
2088,524,,,2018-08-04 11:56:31.736197,0.53125,1.367247462272644
2089,525,,,2018-08-04 11:56:32.673230,0.359375,1.6543738842010498
2090,526,,,2018-08-04 11:56:33.631036,0.453125,1.4189069271087646
2091,527,,,2018-08-04 11:56:34.522302,0.390625,1.8554003238677979
2092,528,,,2018-08-04 11:56:35.405025,0.421875,1.7219613790512085
2093,529,,,2018-08-04 11:56:36.316451,0.328125,1.7249655723571777
2094,530,,,2018-08-04 11:56:37.206134,0.453125,1.4497393369674683
2095,531,,,2018-08-04 11:56:38.153843,0.453125,1.6422779560089111
2096,532,,,2018-08-04 11:56:39.051736,0.515625,1.525054931640625
2097,533,,,2018-08-04 11:56:39.960447,0.40625,1.5488934516906738
2098,534,,,2018-08-04 11:56:40.953362,0.484375,1.5289565324783325
2099,535,,,2018-08-04 11:56:41.918297,0.375,1.6991626024246216
2100,536,,,2018-08-04 11:56:42.846982,0.421875,1.573310375213623
2101,537,,,2018-08-04 11:56:43.834945,0.28125,2.3412466049194336
2102,538,,,2018-08-04 11:56:44.775822,0.3125,1.9532692432403564
2103,539,,,2018-08-04 11:56:45.639286,0.328125,2.0241878032684326
2104,540,0.394,1.6908482313156128,2018-08-04 11:56:46.504577,0.375,1.7961328029632568
2105,541,,,2018-08-04 11:57:29.737845,0.296875,1.8158879280090332
2106,542,,,2018-08-04 11:57:30.716026,0.34375,1.7358633279800415
2107,543,,,2018-08-04 11:57:31.634573,0.328125,1.7368525266647339
2108,544,,,2018-08-04 11:57:32.568897,0.28125,1.8196909427642822
2109,545,,,2018-08-04 11:57:33.457382,0.546875,1.4375990629196167
2110,546,,,2018-08-04 11:57:34.368293,0.484375,1.4406847953796387
2111,547,,,2018-08-04 11:57:35.352297,0.3125,2.0638091564178467
2112,548,,,2018-08-04 11:57:36.284472,0.40625,1.8270950317382812
2113,549,,,2018-08-04 11:57:37.216445,0.359375,1.8676211833953857
2114,550,,,2018-08-04 11:57:38.141093,0.296875,1.889342188835144
2115,551,,,2018-08-04 11:57:39.001744,0.359375,1.6247515678405762
2116,552,,,2018-08-04 11:57:39.952514,0.359375,1.5777689218521118
2117,553,,,2018-08-04 11:57:40.829022,0.34375,1.6909124851226807
2118,554,,,2018-08-04 11:57:41.796551,0.453125,1.561454176902771
2119,555,,,2018-08-04 11:57:42.778568,0.5,1.4625821113586426
2120,556,,,2018-08-04 11:57:43.764807,0.421875,1.5914722681045532
2121,557,,,2018-08-04 11:57:44.659184,0.359375,1.7801644802093506
2122,558,,,2018-08-04 11:57:45.601491,0.390625,1.6656298637390137
2123,559,,,2018-08-04 11:57:46.481607,0.28125,1.8881959915161133
2124,560,0.4009,1.6579523086547852,2018-08-04 11:57:47.371183,0.484375,1.385882019996643
2125,561,,,2018-08-04 11:58:39.252359,0.453125,1.6267060041427612
2126,562,,,2018-08-04 11:58:40.163587,0.40625,1.5197707414627075
2127,563,,,2018-08-04 11:58:41.043353,0.484375,1.562208652496338
2128,564,,,2018-08-04 11:58:41.973399,0.390625,1.5896860361099243
2129,565,,,2018-08-04 11:58:42.785282,0.4375,1.6410423517227173
2130,566,,,2018-08-04 11:58:43.699481,0.375,1.8178690671920776
2131,567,,,2018-08-04 11:58:44.694662,0.359375,1.7280080318450928
2132,568,,,2018-08-04 11:58:45.650334,0.46875,1.5646347999572754
2133,569,,,2018-08-04 11:58:46.500569,0.359375,1.618464708328247
2134,570,,,2018-08-04 11:58:47.421989,0.453125,1.6132112741470337
2135,571,,,2018-08-04 11:58:48.367117,0.484375,1.4226043224334717
2136,572,,,2018-08-04 11:58:49.321285,0.515625,1.4038927555084229
2137,573,,,2018-08-04 11:58:50.291893,0.46875,1.353583574295044
2138,574,,,2018-08-04 11:58:51.309532,0.5,1.3715853691101074
2139,575,,,2018-08-04 11:58:52.148150,0.53125,1.4900257587432861
2140,576,,,2018-08-04 11:58:53.041417,0.40625,1.6557506322860718
2141,577,,,2018-08-04 11:58:54.003812,0.34375,1.6211436986923218
2142,578,,,2018-08-04 11:58:55.013007,0.46875,1.7920606136322021
2143,579,,,2018-08-04 11:58:55.947675,0.421875,1.7528945207595825
2144,580,0.4548,1.5446029901504517,2018-08-04 11:58:56.976030,0.390625,1.6245371103286743
2145,581,,,2018-08-04 11:59:49.347574,0.5,1.5145736932754517
2146,582,,,2018-08-04 11:59:50.253802,0.40625,1.6370230913162231
2147,583,,,2018-08-04 11:59:51.214561,0.375,1.4695439338684082
2148,584,,,2018-08-04 11:59:52.118017,0.40625,1.498465657234192
2149,585,,,2018-08-04 11:59:53.043844,0.484375,1.636810064315796
2150,586,,,2018-08-04 11:59:53.951014,0.34375,1.6263586282730103
2151,587,,,2018-08-04 11:59:54.866273,0.296875,1.9170595407485962
2152,588,,,2018-08-04 11:59:55.876938,0.453125,1.6344712972640991
2153,589,,,2018-08-04 11:59:56.803815,0.390625,1.8298296928405762
2154,590,,,2018-08-04 11:59:57.722544,0.34375,1.7448137998580933
2155,591,,,2018-08-04 11:59:58.678832,0.390625,1.660016655921936
2156,592,,,2018-08-04 11:59:59.566137,0.4375,1.766198992729187
2157,593,,,2018-08-04 12:00:00.400779,0.359375,1.8561806678771973
2158,594,,,2018-08-04 12:00:01.324363,0.359375,1.5616782903671265
2159,595,,,2018-08-04 12:00:02.274042,0.5,1.4124066829681396
2160,596,,,2018-08-04 12:00:03.272181,0.515625,1.4368844032287598
2161,597,,,2018-08-04 12:00:04.301639,0.21875,2.2094790935516357
2162,598,,,2018-08-04 12:00:05.290120,0.34375,1.8816454410552979
2163,599,,,2018-08-04 12:00:06.268052,0.390625,1.606817364692688
2164,600,0.4229,1.5524640083312988,2018-08-04 12:00:07.165337,0.390625,1.5263090133666992
2165,601,,,2018-08-04 12:00:59.121194,0.390625,1.6637630462646484
2166,602,,,2018-08-04 12:01:00.115525,0.4375,1.650190830230713
2167,603,,,2018-08-04 12:01:01.070401,0.46875,1.5142673254013062
2168,604,,,2018-08-04 12:01:01.912866,0.453125,1.4297658205032349
2169,605,,,2018-08-04 12:01:02.829160,0.421875,1.5407991409301758
2170,606,,,2018-08-04 12:01:03.712548,0.390625,1.3779137134552002
2171,607,,,2018-08-04 12:01:04.626029,0.296875,2.56402325630188
2172,608,,,2018-08-04 12:01:05.478450,0.40625,1.7966080904006958
2173,609,,,2018-08-04 12:01:06.413721,0.421875,1.79795503616333
2174,610,,,2018-08-04 12:01:07.377273,0.46875,1.500449538230896
2175,611,,,2018-08-04 12:01:08.272406,0.46875,1.5570124387741089
2176,612,,,2018-08-04 12:01:09.178180,0.46875,1.649042010307312
2177,613,,,2018-08-04 12:01:10.104474,0.515625,1.4629838466644287
2178,614,,,2018-08-04 12:01:10.982740,0.421875,1.5014152526855469
2179,615,,,2018-08-04 12:01:11.903310,0.421875,1.5327796936035156
2180,616,,,2018-08-04 12:01:12.802062,0.34375,1.6442002058029175
2181,617,,,2018-08-04 12:01:13.702970,0.265625,2.23848819732666
2182,618,,,2018-08-04 12:01:14.534041,0.4375,1.7478885650634766
2183,619,,,2018-08-04 12:01:15.459242,0.390625,1.7216087579727173
2184,620,0.4274,1.6304523944854736,2018-08-04 12:01:16.382236,0.296875,1.70442795753479
2185,621,,,2018-08-04 12:02:08.595916,0.4375,1.5656462907791138
2186,622,,,2018-08-04 12:02:09.560725,0.453125,1.6572072505950928
2187,623,,,2018-08-04 12:02:10.572434,0.421875,1.6661708354949951
2188,624,,,2018-08-04 12:02:11.464618,0.359375,1.5941131114959717
2189,625,,,2018-08-04 12:02:12.390743,0.4375,1.5026429891586304
2190,626,,,2018-08-04 12:02:13.321543,0.390625,1.6579937934875488
2191,627,,,2018-08-04 12:02:14.220667,0.28125,2.0549323558807373
2192,628,,,2018-08-04 12:02:15.142232,0.328125,1.8894113302230835
2193,629,,,2018-08-04 12:02:16.118057,0.375,1.6694302558898926
2194,630,,,2018-08-04 12:02:17.129485,0.390625,1.729382872581482
2195,631,,,2018-08-04 12:02:18.000375,0.421875,1.5902132987976074
2196,632,,,2018-08-04 12:02:18.968178,0.34375,1.731872320175171
2197,633,,,2018-08-04 12:02:19.914438,0.453125,1.6304740905761719
2198,634,,,2018-08-04 12:02:20.892860,0.375,1.9215844869613647
2199,635,,,2018-08-04 12:02:21.751972,0.421875,1.650144100189209
2200,636,,,2018-08-04 12:02:22.726441,0.4375,1.5685869455337524
2201,637,,,2018-08-04 12:02:23.762362,0.25,2.0821938514709473
2202,638,,,2018-08-04 12:02:24.704635,0.28125,2.125026226043701
2203,639,,,2018-08-04 12:02:25.664396,0.375,1.63481867313385
2204,640,0.4055,1.6740363836288452,2018-08-04 12:02:26.559703,0.296875,1.7548478841781616
2205,641,,,2018-08-04 12:03:18.177452,0.375,1.6168153285980225
2206,642,,,2018-08-04 12:03:19.129088,0.453125,1.5116350650787354
2207,643,,,2018-08-04 12:03:20.135442,0.375,1.6049525737762451
2208,644,,,2018-08-04 12:03:21.104543,0.421875,1.539767861366272
2209,645,,,2018-08-04 12:03:22.041738,0.390625,1.7183504104614258
2210,646,,,2018-08-04 12:03:22.972009,0.390625,1.5721702575683594
2211,647,,,2018-08-04 12:03:23.874385,0.34375,2.032438039779663
2212,648,,,2018-08-04 12:03:24.718739,0.296875,1.8894283771514893
2213,649,,,2018-08-04 12:03:25.616083,0.375,1.7277348041534424
2214,650,,,2018-08-04 12:03:26.549895,0.359375,1.7074309587478638
2215,651,,,2018-08-04 12:03:27.567442,0.453125,1.6867663860321045
2216,652,,,2018-08-04 12:03:28.460870,0.421875,1.5980799198150635
2217,653,,,2018-08-04 12:03:29.388922,0.421875,1.624175786972046
2218,654,,,2018-08-04 12:03:30.342333,0.453125,1.6063942909240723
2219,655,,,2018-08-04 12:03:31.172916,0.34375,1.7705203294754028
2220,656,,,2018-08-04 12:03:32.068052,0.375,1.5932878255844116
2221,657,,,2018-08-04 12:03:32.982867,0.40625,1.8261643648147583
2222,658,,,2018-08-04 12:03:33.895273,0.359375,1.7278141975402832
2223,659,,,2018-08-04 12:03:34.747586,0.375,1.8512952327728271
2224,660,0.4167,1.6283695697784424,2018-08-04 12:03:35.635494,0.390625,1.7296258211135864
2225,661,,,2018-08-04 12:04:27.139354,0.390625,1.6743721961975098
2226,662,,,2018-08-04 12:04:28.034324,0.328125,1.5953024625778198
2227,663,,,2018-08-04 12:04:28.953949,0.484375,1.4785622358322144
2228,664,,,2018-08-04 12:04:29.842578,0.375,1.5029115676879883
2229,665,,,2018-08-04 12:04:30.797221,0.40625,1.492091417312622
2230,666,,,2018-08-04 12:04:31.745891,0.46875,1.48772394657135
2231,667,,,2018-08-04 12:04:32.692910,0.328125,1.9575711488723755
2232,668,,,2018-08-04 12:04:33.581606,0.328125,1.8220573663711548
2233,669,,,2018-08-04 12:04:34.430710,0.40625,1.6323485374450684
2234,670,,,2018-08-04 12:04:35.339216,0.5,1.3166064023971558
2235,671,,,2018-08-04 12:04:36.210054,0.390625,1.6339980363845825
2236,672,,,2018-08-04 12:04:37.146343,0.453125,1.5744845867156982
2237,673,,,2018-08-04 12:04:38.008628,0.515625,1.4256035089492798
2238,674,,,2018-08-04 12:04:38.927490,0.390625,1.7262897491455078
2239,675,,,2018-08-04 12:04:39.904205,0.46875,1.5187547206878662
2240,676,,,2018-08-04 12:04:40.781889,0.46875,1.4324264526367188
2241,677,,,2018-08-04 12:04:41.633036,0.375,2.1351535320281982
2242,678,,,2018-08-04 12:04:42.589332,0.421875,1.6458441019058228
2243,679,,,2018-08-04 12:04:43.525693,0.578125,1.3203893899917603
2244,680,0.4134,1.6153920888900757,2018-08-04 12:04:44.466379,0.453125,1.5662095546722412
2245,681,,,2018-08-04 12:05:36.702241,0.375,1.9653643369674683
2246,682,,,2018-08-04 12:05:37.622827,0.46875,1.4629080295562744
2247,683,,,2018-08-04 12:05:38.538702,0.34375,1.5976876020431519
2248,684,,,2018-08-04 12:05:39.435090,0.359375,1.6939464807510376
2249,685,,,2018-08-04 12:05:40.400110,0.4375,1.5795842409133911
2250,686,,,2018-08-04 12:05:41.326696,0.46875,1.570909857749939
2251,687,,,2018-08-04 12:05:42.223379,0.296875,2.5597121715545654
2252,688,,,2018-08-04 12:05:43.119861,0.375,1.9964649677276611
2253,689,,,2018-08-04 12:05:44.014410,0.40625,1.8080642223358154
2254,690,,,2018-08-04 12:05:44.927410,0.453125,1.627747893333435
2255,691,,,2018-08-04 12:05:45.887048,0.390625,1.6570738554000854
2256,692,,,2018-08-04 12:05:46.829904,0.4375,1.6040514707565308
2257,693,,,2018-08-04 12:05:47.727960,0.421875,1.5454450845718384
2258,694,,,2018-08-04 12:05:48.618859,0.40625,1.6589094400405884
2259,695,,,2018-08-04 12:05:49.484738,0.40625,1.6314067840576172
2260,696,,,2018-08-04 12:05:50.426274,0.546875,1.4559543132781982
2261,697,,,2018-08-04 12:05:51.362323,0.296875,2.0957841873168945
2262,698,,,2018-08-04 12:05:52.288240,0.328125,1.8689011335372925
2263,699,,,2018-08-04 12:05:53.244456,0.453125,1.6777769327163696
2264,700,0.3721,1.6880868673324585,2018-08-04 12:05:54.137051,0.328125,1.6331002712249756
2265,701,,,2018-08-04 12:06:45.798827,0.328125,1.8035008907318115
2266,702,,,2018-08-04 12:06:46.720013,0.390625,1.609575867652893
2267,703,,,2018-08-04 12:06:47.724324,0.375,1.7450898885726929
2268,704,,,2018-08-04 12:06:48.694913,0.46875,1.6223540306091309
2269,705,,,2018-08-04 12:06:49.692054,0.3125,1.6716910600662231
2270,706,,,2018-08-04 12:06:50.741533,0.390625,1.717556118965149
2271,707,,,2018-08-04 12:06:51.744552,0.40625,1.8495455980300903
2272,708,,,2018-08-04 12:06:52.771386,0.34375,1.7750506401062012
2273,709,,,2018-08-04 12:06:53.742365,0.484375,1.6204816102981567
2274,710,,,2018-08-04 12:06:54.702960,0.4375,1.6386091709136963
2275,711,,,2018-08-04 12:06:55.658587,0.34375,1.6036888360977173
2276,712,,,2018-08-04 12:06:56.569273,0.40625,1.6120613813400269
2277,713,,,2018-08-04 12:06:57.496352,0.546875,1.5406030416488647
2278,714,,,2018-08-04 12:06:58.433652,0.4375,1.5465798377990723
2279,715,,,2018-08-04 12:06:59.405381,0.5,1.4706445932388306
2280,716,,,2018-08-04 12:07:00.284762,0.4375,1.5391548871994019
2281,717,,,2018-08-04 12:07:01.195379,0.3125,1.9628002643585205
2282,718,,,2018-08-04 12:07:02.200953,0.359375,1.7836917638778687
2283,719,,,2018-08-04 12:07:03.099167,0.34375,1.7801491022109985
2284,720,0.4059,1.6543843746185303,2018-08-04 12:07:04.010172,0.46875,1.6396267414093018
2285,721,,,2018-08-04 12:07:58.065396,0.453125,1.6920057535171509
2286,722,,,2018-08-04 12:07:59.002842,0.390625,1.6042619943618774
2287,723,,,2018-08-04 12:07:59.941247,0.40625,1.6213490962982178
2288,724,,,2018-08-04 12:08:00.882238,0.46875,1.5436147451400757
2289,725,,,2018-08-04 12:08:01.749303,0.359375,1.74120032787323
2290,726,,,2018-08-04 12:08:02.720436,0.453125,1.4982784986495972
2291,727,,,2018-08-04 12:08:03.733943,0.390625,1.8565558195114136
2292,728,,,2018-08-04 12:08:04.716398,0.3125,1.7992324829101562
2293,729,,,2018-08-04 12:08:05.635438,0.5,1.538902997970581
2294,730,,,2018-08-04 12:08:06.536071,0.40625,1.4948214292526245
2295,731,,,2018-08-04 12:08:07.382606,0.484375,1.5096944570541382
2296,732,,,2018-08-04 12:08:08.325951,0.484375,1.5291941165924072
2297,733,,,2018-08-04 12:08:09.217670,0.5,1.380244255065918
2298,734,,,2018-08-04 12:08:10.149865,0.546875,1.371315598487854
2299,735,,,2018-08-04 12:08:11.059849,0.5625,1.4442871809005737
2300,736,,,2018-08-04 12:08:11.996602,0.5,1.4620661735534668
2301,737,,,2018-08-04 12:08:13.065331,0.375,1.842142939567566
2302,738,,,2018-08-04 12:08:14.054334,0.296875,1.9170509576797485
2303,739,,,2018-08-04 12:08:15.014900,0.4375,1.5395509004592896
2304,740,0.4038,1.5679672956466675,2018-08-04 12:08:16.049766,0.4375,1.545108437538147
2305,741,,,2018-08-04 12:09:08.953111,0.40625,1.4252305030822754
2306,742,,,2018-08-04 12:09:09.845698,0.46875,1.6464579105377197
2307,743,,,2018-08-04 12:09:10.730617,0.390625,1.5438646078109741
2308,744,,,2018-08-04 12:09:11.638996,0.484375,1.6384772062301636
2309,745,,,2018-08-04 12:09:12.587936,0.453125,1.3238654136657715
2310,746,,,2018-08-04 12:09:13.487655,0.53125,1.3552112579345703
2311,747,,,2018-08-04 12:09:14.327419,0.390625,1.967267632484436
2312,748,,,2018-08-04 12:09:15.364909,0.25,1.7986502647399902
2313,749,,,2018-08-04 12:09:16.330980,0.390625,1.5457793474197388
2314,750,,,2018-08-04 12:09:17.329722,0.4375,1.6628117561340332
2315,751,,,2018-08-04 12:09:18.318442,0.453125,1.7272340059280396
2316,752,,,2018-08-04 12:09:19.189329,0.453125,1.5028834342956543
2317,753,,,2018-08-04 12:09:20.098206,0.375,1.6057536602020264
2318,754,,,2018-08-04 12:09:20.928896,0.5,1.5501103401184082
2319,755,,,2018-08-04 12:09:21.792969,0.421875,1.709937572479248
2320,756,,,2018-08-04 12:09:22.707001,0.40625,1.5117861032485962
2321,757,,,2018-08-04 12:09:23.768595,0.21875,1.912768006324768
2322,758,,,2018-08-04 12:09:24.715942,0.34375,1.6928154230117798
2323,759,,,2018-08-04 12:09:25.764392,0.515625,1.5513757467269897
2324,760,0.4532,1.5146244764328003,2018-08-04 12:09:26.749413,0.421875,1.5446829795837402
2325,761,,,2018-08-04 12:10:13.072637,0.46875,1.4391398429870605
2326,762,,,2018-08-04 12:10:13.997710,0.46875,1.5345827341079712
2327,763,,,2018-08-04 12:10:14.939906,0.46875,1.3457386493682861
2328,764,,,2018-08-04 12:10:15.898030,0.5,1.4812747240066528
2329,765,,,2018-08-04 12:10:16.843768,0.46875,1.3832247257232666
2330,766,,,2018-08-04 12:10:17.744688,0.484375,1.5516703128814697
2331,767,,,2018-08-04 12:10:18.672164,0.25,2.1929314136505127
2332,768,,,2018-08-04 12:10:19.619270,0.421875,1.7611377239227295
2333,769,,,2018-08-04 12:10:20.528228,0.421875,1.4956103563308716
2334,770,,,2018-08-04 12:10:21.449419,0.375,1.6723506450653076
2335,771,,,2018-08-04 12:10:22.417500,0.40625,1.6533935070037842
2336,772,,,2018-08-04 12:10:23.399899,0.40625,1.6528578996658325
2337,773,,,2018-08-04 12:10:24.380584,0.5,1.417419195175171
2338,774,,,2018-08-04 12:10:25.381397,0.375,1.579359769821167
2339,775,,,2018-08-04 12:10:26.254047,0.453125,1.5252604484558105
2340,776,,,2018-08-04 12:10:27.129039,0.4375,1.4732205867767334
2341,777,,,2018-08-04 12:10:28.046085,0.28125,2.268484592437744
2342,778,,,2018-08-04 12:10:28.889304,0.5,1.458368182182312
2343,779,,,2018-08-04 12:10:29.728035,0.5,1.520417332649231
2344,780,0.42,1.6202727556228638,2018-08-04 12:10:30.616183,0.359375,1.6889891624450684
2345,781,,,2018-08-04 12:11:23.423224,0.4375,1.705741286277771
2346,0,,,2018-08-04 12:12:15.379339,0.46875,1.527746319770813
2347,1,,,2018-08-04 12:12:16.319923,0.484375,1.401358723640442
2348,2,,,2018-08-04 12:12:17.266110,0.421875,1.7665177583694458
2349,3,,,2018-08-04 12:12:18.346560,0.53125,1.2470394372940063
2350,4,,,2018-08-04 12:12:19.380856,0.421875,1.581699252128601
2351,5,,,2018-08-04 12:12:20.275778,0.46875,1.7327494621276855
2352,6,,,2018-08-04 12:12:21.190797,0.40625,1.5430935621261597
2353,7,,,2018-08-04 12:12:22.102713,0.5,1.473388910293579
2354,8,,,2018-08-04 12:12:23.077045,0.390625,1.6899536848068237
2355,9,,,2018-08-04 12:12:24.052091,0.4375,1.625268578529358
2356,10,,,2018-08-04 12:12:25.077511,0.421875,1.6746264696121216
2357,11,,,2018-08-04 12:12:26.048006,0.53125,1.3744211196899414
2358,12,,,2018-08-04 12:12:26.954661,0.40625,1.6233173608779907
2359,13,,,2018-08-04 12:12:27.965747,0.421875,1.5158604383468628
2360,14,,,2018-08-04 12:12:28.914016,0.515625,1.2903555631637573
2361,15,,,2018-08-04 12:12:29.890825,0.265625,2.3952388763427734
2362,16,,,2018-08-04 12:12:30.843248,0.390625,1.731482982635498
2363,17,,,2018-08-04 12:12:31.696743,0.5,1.4420264959335327
2364,18,,,2018-08-04 12:12:32.567532,0.4375,1.6040558815002441
2365,19,,,2018-08-04 12:12:33.503306,0.375,1.5274720191955566
2366,20,0.4331,1.5501558780670166,2018-08-04 12:12:34.417920,0.421875,1.7442829608917236
2367,21,,,2018-08-04 12:13:25.988610,0.484375,1.5459791421890259
2368,22,,,2018-08-04 12:13:26.966444,0.40625,1.5982437133789062
2369,23,,,2018-08-04 12:13:27.900854,0.28125,1.758378028869629
2370,24,,,2018-08-04 12:13:28.833929,0.484375,1.4032068252563477
2371,25,,,2018-08-04 12:13:29.706957,0.375,1.7763323783874512
2372,26,,,2018-08-04 12:13:30.610625,0.453125,1.7450145483016968
2373,27,,,2018-08-04 12:13:31.502618,0.4375,1.4540609121322632
2374,28,,,2018-08-04 12:13:32.422238,0.515625,1.5195672512054443
2375,29,,,2018-08-04 12:13:33.374915,0.53125,1.4098159074783325
2376,30,,,2018-08-04 12:13:34.287927,0.4375,1.6574842929840088
2377,31,,,2018-08-04 12:13:35.224449,0.515625,1.2731488943099976
2378,32,,,2018-08-04 12:13:36.142401,0.53125,1.4399254322052002
2379,33,,,2018-08-04 12:13:37.000176,0.625,1.2624163627624512
2380,34,,,2018-08-04 12:13:37.873567,0.453125,1.4102191925048828
2381,35,,,2018-08-04 12:13:38.766080,0.328125,1.8907183408737183
2382,36,,,2018-08-04 12:13:39.721230,0.328125,1.6479542255401611
2383,37,,,2018-08-04 12:13:40.717033,0.421875,1.7188900709152222
2384,38,,,2018-08-04 12:13:41.571899,0.515625,1.431923508644104
2385,39,,,2018-08-04 12:13:42.471776,0.421875,1.4849212169647217
2386,40,0.4274,1.5712065696716309,2018-08-04 12:13:43.404511,0.546875,1.5064406394958496
2387,41,,,2018-08-04 12:14:35.367963,0.390625,1.6365729570388794
2388,42,,,2018-08-04 12:14:36.336090,0.46875,1.4272382259368896
2389,43,,,2018-08-04 12:14:37.246963,0.453125,1.4929496049880981
2390,44,,,2018-08-04 12:14:38.203958,0.46875,1.5913342237472534
2391,45,,,2018-08-04 12:14:39.155318,0.34375,1.7091410160064697
2392,46,,,2018-08-04 12:14:40.034129,0.546875,1.3440855741500854
2393,47,,,2018-08-04 12:14:40.913710,0.3125,1.873824954032898
2394,48,,,2018-08-04 12:14:41.702266,0.40625,1.627480149269104
2395,49,,,2018-08-04 12:14:42.632407,0.5,1.2989448308944702
2396,50,,,2018-08-04 12:14:43.547402,0.546875,1.2985756397247314
2397,51,,,2018-08-04 12:14:44.402705,0.421875,1.3785911798477173
2398,52,,,2018-08-04 12:14:45.285432,0.46875,1.5673130750656128
2399,53,,,2018-08-04 12:14:46.187500,0.421875,1.505428671836853
2400,54,,,2018-08-04 12:14:47.142780,0.609375,1.1734989881515503
2401,55,,,2018-08-04 12:14:48.056266,0.390625,2.149677038192749
2402,56,,,2018-08-04 12:14:49.074208,0.375,1.8529072999954224
2403,57,,,2018-08-04 12:14:49.895220,0.296875,1.7380523681640625
2404,58,,,2018-08-04 12:14:50.819373,0.390625,1.6322540044784546
2405,59,,,2018-08-04 12:14:51.727033,0.421875,1.4364206790924072
2406,60,0.4044,1.5861968994140625,2018-08-04 12:14:52.621135,0.46875,1.534835934638977
2407,61,,,2018-08-04 12:15:44.361893,0.453125,1.3905482292175293
2408,62,,,2018-08-04 12:15:45.308424,0.46875,1.5776866674423218
2409,63,,,2018-08-04 12:15:46.221234,0.390625,1.5250309705734253
2410,64,,,2018-08-04 12:15:47.086037,0.40625,1.616018533706665
2411,65,,,2018-08-04 12:15:47.982990,0.375,2.3045175075531006
2412,66,,,2018-08-04 12:15:48.902131,0.328125,1.651313304901123
2413,67,,,2018-08-04 12:15:49.777136,0.453125,1.571448564529419
2414,68,,,2018-08-04 12:15:50.733122,0.46875,1.6847186088562012
2415,69,,,2018-08-04 12:15:51.735668,0.375,1.573421835899353
2416,70,,,2018-08-04 12:15:52.713266,0.390625,1.5576571226119995
2417,71,,,2018-08-04 12:15:53.586093,0.296875,1.5851038694381714
2418,72,,,2018-08-04 12:15:54.469164,0.484375,1.4147334098815918
2419,73,,,2018-08-04 12:15:55.410118,0.53125,1.4471434354782104
2420,74,,,2018-08-04 12:15:56.384592,0.484375,1.4753750562667847
2421,75,,,2018-08-04 12:15:57.286057,0.34375,1.9025055170059204
2422,76,,,2018-08-04 12:15:58.293530,0.40625,1.7150014638900757
2423,77,,,2018-08-04 12:15:59.254537,0.328125,1.6977018117904663
2424,78,,,2018-08-04 12:16:00.173376,0.328125,1.6263270378112793
2425,79,,,2018-08-04 12:16:01.141418,0.40625,1.5704965591430664
2426,80,0.4495,1.4957140684127808,2018-08-04 12:16:02.041639,0.546875,1.4476966857910156
2427,81,,,2018-08-04 12:16:54.163110,0.515625,1.3317846059799194
2428,82,,,2018-08-04 12:16:55.112199,0.40625,1.5166391134262085
2429,83,,,2018-08-04 12:16:56.199156,0.484375,1.4339852333068848
2430,84,,,2018-08-04 12:16:57.187496,0.359375,1.6145975589752197
2431,85,,,2018-08-04 12:16:58.134697,0.3125,2.23209810256958
2432,86,,,2018-08-04 12:16:59.032192,0.28125,1.8109151124954224
2433,87,,,2018-08-04 12:17:00.045894,0.390625,1.5564061403274536
2434,88,,,2018-08-04 12:17:01.007333,0.34375,1.8773298263549805
2435,89,,,2018-08-04 12:17:01.916069,0.5,1.473978877067566
2436,90,,,2018-08-04 12:17:02.873179,0.328125,1.673831582069397
2437,91,,,2018-08-04 12:17:03.849060,0.4375,1.4699488878250122
2438,92,,,2018-08-04 12:17:04.790595,0.40625,1.615210771560669
2439,93,,,2018-08-04 12:17:05.672142,0.484375,1.5333540439605713
2440,94,,,2018-08-04 12:17:06.561186,0.578125,1.3857479095458984
2441,95,,,2018-08-04 12:17:07.377691,0.34375,2.0070643424987793
2442,96,,,2018-08-04 12:17:08.258213,0.4375,1.6680752038955688
2443,97,,,2018-08-04 12:17:09.164391,0.46875,1.6745258569717407
2444,98,,,2018-08-04 12:17:10.065033,0.46875,1.5338470935821533
2445,99,,,2018-08-04 12:17:10.979397,0.359375,1.6997387409210205
2446,100,0.4495,1.5537543296813965,2018-08-04 12:17:11.813209,0.53125,1.3482669591903687
2447,101,,,2018-08-04 12:18:02.818333,0.53125,1.616189956665039
2448,102,,,2018-08-04 12:18:03.709419,0.5,1.4287124872207642
2449,103,,,2018-08-04 12:18:04.565305,0.4375,1.379490613937378
2450,104,,,2018-08-04 12:18:05.458123,0.5,1.340926170349121
2451,105,,,2018-08-04 12:18:06.420251,0.328125,1.8571960926055908
2452,106,,,2018-08-04 12:18:07.304518,0.375,1.8319436311721802
2453,107,,,2018-08-04 12:18:08.267360,0.3125,1.8648837804794312
2454,108,,,2018-08-04 12:18:09.189035,0.390625,1.659174919128418
2455,109,,,2018-08-04 12:18:10.131524,0.34375,1.660995364189148
2456,110,,,2018-08-04 12:18:11.087080,0.515625,1.5347386598587036
2457,111,,,2018-08-04 12:18:12.054712,0.421875,1.57097589969635
2458,112,,,2018-08-04 12:18:13.018328,0.296875,1.7843583822250366
2459,113,,,2018-08-04 12:18:14.028731,0.4375,1.604818344116211
2460,114,,,2018-08-04 12:18:15.036822,0.40625,1.594397783279419
2461,115,,,2018-08-04 12:18:16.034330,0.390625,1.8214167356491089
2462,116,,,2018-08-04 12:18:17.079510,0.34375,1.6271024942398071
2463,117,,,2018-08-04 12:18:18.010026,0.484375,1.4336612224578857
2464,118,,,2018-08-04 12:18:18.920452,0.578125,1.3672006130218506
2465,119,,,2018-08-04 12:18:19.827944,0.625,1.3199491500854492
2466,120,0.4543,1.4932125806808472,2018-08-04 12:18:20.804408,0.453125,1.414899230003357
2467,121,,,2018-08-04 12:19:11.074706,0.515625,1.343576431274414
2468,122,,,2018-08-04 12:19:11.933806,0.40625,1.4575918912887573
2469,123,,,2018-08-04 12:19:12.912134,0.453125,1.519161343574524
2470,124,,,2018-08-04 12:19:13.800939,0.375,1.7162381410598755
2471,125,,,2018-08-04 12:19:14.656301,0.390625,1.9692230224609375
2472,126,,,2018-08-04 12:19:15.532701,0.515625,1.4550328254699707
2473,127,,,2018-08-04 12:19:16.477910,0.46875,1.5336072444915771
2474,128,,,2018-08-04 12:19:17.378088,0.453125,1.5118364095687866
2475,129,,,2018-08-04 12:19:18.331749,0.515625,1.3179529905319214
2476,130,,,2018-08-04 12:19:19.169036,0.390625,1.7749298810958862
2477,131,,,2018-08-04 12:19:20.104575,0.515625,1.4389498233795166
2478,132,,,2018-08-04 12:19:21.014101,0.546875,1.3191406726837158
2479,133,,,2018-08-04 12:19:21.848964,0.5625,1.335981011390686
2480,134,,,2018-08-04 12:19:22.727306,0.4375,1.3606334924697876
2481,135,,,2018-08-04 12:19:23.655523,0.21875,2.262929677963257
2482,136,,,2018-08-04 12:19:24.553827,0.359375,1.8830784559249878
2483,137,,,2018-08-04 12:19:25.513914,0.53125,1.527856469154358
2484,138,,,2018-08-04 12:19:26.457888,0.40625,1.5338926315307617
2485,139,,,2018-08-04 12:19:27.255232,0.5,1.5251080989837646
2486,140,0.4722,1.4683549404144287,2018-08-04 12:19:28.174511,0.40625,1.5841153860092163
2487,141,,,2018-08-04 12:20:12.748493,0.5625,1.2536234855651855
2488,142,,,2018-08-04 12:20:13.679579,0.546875,1.2230886220932007
2489,143,,,2018-08-04 12:20:14.602075,0.546875,1.4701669216156006
2490,144,,,2018-08-04 12:20:15.557461,0.546875,1.3464436531066895
2491,145,,,2018-08-04 12:20:16.460970,0.421875,2.0200681686401367
2492,146,,,2018-08-04 12:20:17.439957,0.3125,1.7074624300003052
2493,147,,,2018-08-04 12:20:18.408043,0.40625,1.84267258644104
2494,148,,,2018-08-04 12:20:19.295727,0.453125,1.497395396232605
2495,149,,,2018-08-04 12:20:20.192212,0.453125,1.4963455200195312
2496,150,,,2018-08-04 12:20:21.052208,0.453125,1.521807074546814
2497,151,,,2018-08-04 12:20:21.912306,0.46875,1.399875521659851
2498,152,,,2018-08-04 12:20:22.834064,0.640625,1.2387186288833618
2499,153,,,2018-08-04 12:20:23.743307,0.4375,1.5239108800888062
2500,154,,,2018-08-04 12:20:24.719720,0.546875,1.2979062795639038
2501,155,,,2018-08-04 12:20:25.766786,0.296875,2.003073215484619
2502,156,,,2018-08-04 12:20:26.742164,0.375,1.778324842453003
2503,157,,,2018-08-04 12:20:27.631532,0.390625,1.7694913148880005
2504,158,,,2018-08-04 12:20:28.561052,0.40625,1.5431787967681885
2505,159,,,2018-08-04 12:20:29.519474,0.4375,1.5806094408035278
2506,160,0.4514,1.5036602020263672,2018-08-04 12:20:30.457267,0.46875,1.573706865310669
2507,161,,,2018-08-04 12:21:22.907843,0.421875,1.6689828634262085
2508,162,,,2018-08-04 12:21:23.843413,0.53125,1.2447221279144287
2509,163,,,2018-08-04 12:21:24.743347,0.46875,1.5119630098342896
2510,164,,,2018-08-04 12:21:25.674065,0.484375,1.548299789428711
2511,165,,,2018-08-04 12:21:26.596506,0.375,1.8590610027313232
2512,166,,,2018-08-04 12:21:27.440893,0.46875,1.5471919775009155
2513,167,,,2018-08-04 12:21:28.462018,0.40625,1.5004465579986572
2514,168,,,2018-08-04 12:21:29.372416,0.421875,1.704337239265442
2515,169,,,2018-08-04 12:21:30.338449,0.453125,1.5345991849899292
2516,170,,,2018-08-04 12:21:31.260833,0.484375,1.5856328010559082
2517,171,,,2018-08-04 12:21:32.156072,0.390625,1.6366044282913208
2518,172,,,2018-08-04 12:21:33.125972,0.5,1.5157825946807861
2519,173,,,2018-08-04 12:21:34.083367,0.53125,1.3700581789016724
2520,174,,,2018-08-04 12:21:35.097203,0.453125,1.4619439840316772
2521,175,,,2018-08-04 12:21:36.124525,0.3125,2.02104115486145
2522,176,,,2018-08-04 12:21:37.078565,0.421875,1.6655120849609375
2523,177,,,2018-08-04 12:21:37.959525,0.359375,1.5980446338653564
2524,178,,,2018-08-04 12:21:38.922282,0.421875,1.603820562362671
2525,179,,,2018-08-04 12:21:39.905719,0.5,1.4396874904632568
2526,180,0.4705,1.4723063707351685,2018-08-04 12:21:40.892355,0.59375,1.315279483795166
2527,181,,,2018-08-04 12:22:31.041018,0.53125,1.4902396202087402
2528,182,,,2018-08-04 12:22:31.984677,0.421875,1.5705310106277466
2529,183,,,2018-08-04 12:22:32.916930,0.53125,1.4399644136428833
2530,184,,,2018-08-04 12:22:33.848357,0.515625,1.3862216472625732
2531,185,,,2018-08-04 12:22:34.789196,0.34375,1.8951457738876343
2532,186,,,2018-08-04 12:22:35.745485,0.5,1.6814416646957397
2533,187,,,2018-08-04 12:22:36.637184,0.375,1.6007890701293945
2534,188,,,2018-08-04 12:22:37.568065,0.546875,1.5138627290725708
2535,189,,,2018-08-04 12:22:38.500952,0.46875,1.4990901947021484
2536,190,,,2018-08-04 12:22:39.395377,0.515625,1.4287816286087036
2537,191,,,2018-08-04 12:22:40.299178,0.46875,1.5339024066925049
2538,192,,,2018-08-04 12:22:41.202610,0.359375,1.6742877960205078
2539,193,,,2018-08-04 12:22:42.090195,0.46875,1.3774560689926147
2540,194,,,2018-08-04 12:22:43.020059,0.4375,1.5550260543823242
2541,195,,,2018-08-04 12:22:44.043917,0.28125,2.071441888809204
2542,196,,,2018-08-04 12:22:44.967047,0.421875,1.6070784330368042
2543,197,,,2018-08-04 12:22:45.843883,0.375,1.7577935457229614
2544,198,,,2018-08-04 12:22:46.706758,0.5,1.4013386964797974
2545,199,,,2018-08-04 12:22:47.556620,0.484375,1.444291114807129
2546,200,0.4366,1.5392239093780518,2018-08-04 12:22:48.423063,0.46875,1.5335944890975952
2547,201,,,2018-08-04 12:23:40.477341,0.390625,1.6084914207458496
2548,202,,,2018-08-04 12:23:41.381138,0.390625,1.5315885543823242
2549,203,,,2018-08-04 12:23:42.270782,0.40625,1.4622697830200195
2550,204,,,2018-08-04 12:23:43.193740,0.421875,1.4096602201461792
2551,205,,,2018-08-04 12:23:44.132906,0.3125,1.8230812549591064
2552,206,,,2018-08-04 12:23:45.090690,0.390625,1.7657653093338013
2553,207,,,2018-08-04 12:23:45.978479,0.359375,1.652891755104065
2554,208,,,2018-08-04 12:23:46.881115,0.5625,1.3746719360351562
2555,209,,,2018-08-04 12:23:47.761836,0.40625,1.5967810153961182
2556,210,,,2018-08-04 12:23:48.730430,0.375,1.7436469793319702
2557,211,,,2018-08-04 12:23:49.665101,0.53125,1.3542643785476685
2558,212,,,2018-08-04 12:23:50.563078,0.453125,1.5494650602340698
2559,213,,,2018-08-04 12:23:51.529303,0.546875,1.3982963562011719
2560,214,,,2018-08-04 12:23:52.415258,0.5,1.4483920335769653
2561,215,,,2018-08-04 12:23:53.400544,0.203125,2.7373342514038086
2562,216,,,2018-08-04 12:23:54.390016,0.421875,1.6594375371932983
2563,217,,,2018-08-04 12:23:55.371875,0.421875,1.6086678504943848
2564,218,,,2018-08-04 12:23:56.244940,0.484375,1.4047152996063232
2565,219,,,2018-08-04 12:23:57.098473,0.46875,1.4908051490783691
2566,220,0.4463,1.5347801446914673,2018-08-04 12:23:58.007502,0.5,1.5201551914215088
2567,221,,,2018-08-04 12:24:50.681480,0.40625,1.7118339538574219
2568,222,,,2018-08-04 12:24:51.655941,0.40625,1.5955075025558472
2569,223,,,2018-08-04 12:24:52.587044,0.453125,1.4952384233474731
2570,224,,,2018-08-04 12:24:53.590581,0.453125,1.5413315296173096
2571,225,,,2018-08-04 12:24:54.513847,0.421875,1.7735037803649902
2572,226,,,2018-08-04 12:24:55.527447,0.53125,1.4201698303222656
2573,227,,,2018-08-04 12:24:56.556635,0.359375,1.6541763544082642
2574,228,,,2018-08-04 12:24:57.417062,0.453125,1.4287437200546265
2575,229,,,2018-08-04 12:24:58.290054,0.375,1.6101363897323608
2576,230,,,2018-08-04 12:24:59.159629,0.421875,1.6867039203643799
2577,231,,,2018-08-04 12:25:00.061446,0.453125,1.5217093229293823
2578,232,,,2018-08-04 12:25:00.990107,0.46875,1.5023428201675415
2579,233,,,2018-08-04 12:25:01.855636,0.546875,1.4290822744369507
2580,234,,,2018-08-04 12:25:02.754760,0.46875,1.498782753944397
2581,235,,,2018-08-04 12:25:03.749252,0.359375,1.794985294342041
2582,236,,,2018-08-04 12:25:04.681420,0.40625,1.7392669916152954
2583,237,,,2018-08-04 12:25:05.641980,0.40625,1.722015619277954
2584,238,,,2018-08-04 12:25:06.543906,0.4375,1.619092345237732
2585,239,,,2018-08-04 12:25:07.428248,0.46875,1.4624446630477905
2586,240,0.4263,1.6016203165054321,2018-08-04 12:25:08.389780,0.375,1.682847023010254
2587,241,,,2018-08-04 12:25:59.305311,0.4375,1.4576847553253174
2588,242,,,2018-08-04 12:26:00.246942,0.375,1.6349834203720093
2589,243,,,2018-08-04 12:26:01.200637,0.390625,1.7107810974121094
2590,244,,,2018-08-04 12:26:02.167526,0.46875,1.6026942729949951
2591,245,,,2018-08-04 12:26:03.071689,0.21875,2.0861856937408447
2592,246,,,2018-08-04 12:26:04.011766,0.328125,1.8167853355407715
2593,247,,,2018-08-04 12:26:04.983787,0.40625,1.7218960523605347
2594,248,,,2018-08-04 12:26:05.975599,0.3125,1.620179295539856
2595,249,,,2018-08-04 12:26:06.884602,0.40625,1.615691900253296
2596,250,,,2018-08-04 12:26:07.762753,0.234375,1.8753715753555298
2597,251,,,2018-08-04 12:26:08.632712,0.296875,1.8555524349212646
2598,252,,,2018-08-04 12:26:09.525691,0.28125,1.7606059312820435
2599,253,,,2018-08-04 12:26:10.349495,0.53125,1.4704318046569824
2600,254,,,2018-08-04 12:26:11.206520,0.46875,1.5770063400268555
2601,255,,,2018-08-04 12:26:12.174915,0.359375,1.8283041715621948
2602,256,,,2018-08-04 12:26:13.070802,0.5,1.456984043121338
2603,257,,,2018-08-04 12:26:13.965194,0.34375,1.570322036743164
2604,258,,,2018-08-04 12:26:14.788849,0.28125,1.5675867795944214
2605,259,,,2018-08-04 12:26:15.747531,0.46875,1.495916724205017
2606,260,0.4684,1.4997869729995728,2018-08-04 12:26:16.677400,0.421875,1.5642130374908447
2607,261,,,2018-08-04 12:27:05.786954,0.421875,1.492682933807373
2608,262,,,2018-08-04 12:27:06.773536,0.421875,1.5313407182693481
2609,263,,,2018-08-04 12:27:07.670600,0.484375,1.4629594087600708
2610,264,,,2018-08-04 12:27:08.585005,0.5,1.5361711978912354
2611,265,,,2018-08-04 12:27:09.565854,0.328125,1.912192940711975
2612,266,,,2018-08-04 12:27:10.549252,0.34375,1.9293056726455688
2613,267,,,2018-08-04 12:27:11.488704,0.390625,1.63527512550354
2614,268,,,2018-08-04 12:27:12.396297,0.34375,1.7270808219909668
2615,269,,,2018-08-04 12:27:13.359041,0.484375,1.5630285739898682
2616,270,,,2018-08-04 12:27:14.329716,0.484375,1.4645432233810425
2617,271,,,2018-08-04 12:27:15.293055,0.390625,1.5059698820114136
2618,272,,,2018-08-04 12:27:16.149183,0.46875,1.4698858261108398
2619,273,,,2018-08-04 12:27:17.022509,0.40625,1.555293321609497
2620,274,,,2018-08-04 12:27:17.981845,0.5,1.3016990423202515
2621,275,,,2018-08-04 12:27:18.980773,0.296875,2.124396562576294
2622,276,,,2018-08-04 12:27:19.935298,0.375,1.8284518718719482
2623,277,,,2018-08-04 12:27:20.855278,0.34375,1.6537060737609863
2624,278,,,2018-08-04 12:27:21.754190,0.265625,1.7640132904052734
2625,279,,,2018-08-04 12:27:22.575575,0.40625,1.6763641834259033
2626,280,0.4304,1.5575056076049805,2018-08-04 12:27:23.416114,0.34375,1.8408253192901611
2627,281,,,2018-08-04 12:28:15.826633,0.40625,1.558678150177002
2628,282,,,2018-08-04 12:28:16.831619,0.53125,1.4411201477050781
2629,283,,,2018-08-04 12:28:17.793856,0.46875,1.4669417142868042
2630,284,,,2018-08-04 12:28:18.718624,0.5,1.3811547756195068
2631,285,,,2018-08-04 12:28:19.619597,0.46875,1.6151621341705322
2632,286,,,2018-08-04 12:28:20.502750,0.375,1.7452234029769897
2633,287,,,2018-08-04 12:28:21.451124,0.5,1.4215738773345947
2634,288,,,2018-08-04 12:28:22.450896,0.453125,1.3522430658340454
2635,289,,,2018-08-04 12:28:23.450872,0.4375,1.4357744455337524
2636,290,,,2018-08-04 12:28:24.408946,0.515625,1.3122063875198364
2637,291,,,2018-08-04 12:28:25.469003,0.484375,1.4473910331726074
2638,292,,,2018-08-04 12:28:26.418816,0.40625,1.4678806066513062
2639,293,,,2018-08-04 12:28:27.367840,0.453125,1.3979606628417969
2640,294,,,2018-08-04 12:28:28.366288,0.484375,1.3560644388198853
2641,295,,,2018-08-04 12:28:29.371296,0.34375,1.842369556427002
2642,296,,,2018-08-04 12:28:30.403666,0.421875,1.5800087451934814
2643,297,,,2018-08-04 12:28:31.279607,0.578125,1.4181653261184692
2644,298,,,2018-08-04 12:28:32.199332,0.5,1.497423529624939
2645,299,,,2018-08-04 12:28:33.059226,0.46875,1.4774495363235474
2646,300,0.4608,1.4689531326293945,2018-08-04 12:28:33.998047,0.453125,1.329764723777771
2647,301,,,2018-08-04 12:29:16.863542,0.421875,1.6307083368301392
2648,302,,,2018-08-04 12:29:17.723934,0.5,1.3791627883911133
2649,303,,,2018-08-04 12:29:18.631726,0.4375,1.5837239027023315
2650,304,,,2018-08-04 12:29:19.585018,0.421875,1.4458026885986328
2651,305,,,2018-08-04 12:29:20.500998,0.515625,1.3776829242706299
2652,306,,,2018-08-04 12:29:21.436173,0.4375,1.3865371942520142
2653,307,,,2018-08-04 12:29:22.330872,0.5,1.4605870246887207
2654,308,,,2018-08-04 12:29:23.218148,0.453125,1.6020461320877075
2655,309,,,2018-08-04 12:29:24.159671,0.5,1.6084439754486084
2656,310,,,2018-08-04 12:29:25.088007,0.5,1.4050458669662476
2657,311,,,2018-08-04 12:29:26.031398,0.421875,1.5924153327941895
2658,312,,,2018-08-04 12:29:26.935484,0.5,1.455499291419983
2659,313,,,2018-08-04 12:29:27.774017,0.40625,1.6057579517364502
2660,314,,,2018-08-04 12:29:28.745963,0.40625,1.4938554763793945
2661,315,,,2018-08-04 12:29:29.733091,0.296875,1.87088942527771
2662,316,,,2018-08-04 12:29:30.675886,0.5,1.2342311143875122
2663,317,,,2018-08-04 12:29:31.620784,0.4375,1.4505388736724854
2664,318,,,2018-08-04 12:29:32.563444,0.375,1.5888184309005737
2665,319,,,2018-08-04 12:29:33.494026,0.546875,1.3841514587402344
2666,320,0.4739,1.4414631128311157,2018-08-04 12:29:34.448081,0.453125,1.5774321556091309
2667,321,,,2018-08-04 12:30:25.043214,0.421875,1.4904502630233765
2668,322,,,2018-08-04 12:30:26.066262,0.3125,1.5641511678695679
2669,323,,,2018-08-04 12:30:27.116175,0.4375,1.4353601932525635
2670,324,,,2018-08-04 12:30:28.095937,0.46875,1.424111247062683
2671,325,,,2018-08-04 12:30:29.098203,0.609375,1.1924546957015991
2672,326,,,2018-08-04 12:30:30.089157,0.390625,1.5764644145965576
2673,327,,,2018-08-04 12:30:31.048414,0.5,1.4170695543289185
2674,328,,,2018-08-04 12:30:32.014811,0.4375,1.4820572137832642
2675,329,,,2018-08-04 12:30:32.920137,0.453125,1.4542744159698486
2676,330,,,2018-08-04 12:30:33.919641,0.453125,1.5313280820846558
2677,331,,,2018-08-04 12:30:34.818240,0.609375,1.314426064491272
2678,332,,,2018-08-04 12:30:35.749535,0.5625,1.0565142631530762
2679,333,,,2018-08-04 12:30:36.661761,0.609375,1.1182847023010254
2680,334,,,2018-08-04 12:30:37.569747,0.453125,1.5280791521072388
2681,335,,,2018-08-04 12:30:38.501312,0.421875,1.5763940811157227
2682,336,,,2018-08-04 12:30:39.524682,0.359375,1.528325080871582
2683,337,,,2018-08-04 12:30:40.511957,0.5,1.5129109621047974
2684,338,,,2018-08-04 12:30:41.442604,0.5,1.3793189525604248
2685,339,,,2018-08-04 12:30:42.352339,0.421875,1.4962793588638306
2686,340,0.507,1.3837952613830566,2018-08-04 12:30:43.293100,0.515625,1.300708293914795
2687,341,,,2018-08-04 12:31:34.682347,0.625,1.2547626495361328
2688,342,,,2018-08-04 12:31:35.659419,0.546875,1.3432350158691406
2689,343,,,2018-08-04 12:31:36.546575,0.453125,1.415977954864502
2690,344,,,2018-08-04 12:31:37.468215,0.46875,1.407352328300476
2691,345,,,2018-08-04 12:31:38.347608,0.4375,1.7726763486862183
2692,346,,,2018-08-04 12:31:39.243167,0.453125,1.483207106590271
2693,347,,,2018-08-04 12:31:40.185461,0.40625,1.5221339464187622
2694,348,,,2018-08-04 12:31:41.078971,0.515625,1.396100640296936
2695,349,,,2018-08-04 12:31:42.020932,0.296875,1.5749613046646118
2696,350,,,2018-08-04 12:31:42.960232,0.609375,1.088283896446228
2697,351,,,2018-08-04 12:31:43.911761,0.546875,1.3176075220108032
2698,352,,,2018-08-04 12:31:44.838499,0.5,1.4362703561782837
2699,353,,,2018-08-04 12:31:45.798149,0.515625,1.3535314798355103
2700,354,,,2018-08-04 12:31:46.730397,0.5,1.31551992893219
2701,355,,,2018-08-04 12:31:47.637351,0.375,1.6582518815994263
2702,356,,,2018-08-04 12:31:48.632386,0.578125,1.303983449935913
2703,357,,,2018-08-04 12:31:49.591651,0.53125,1.3264331817626953
2704,358,,,2018-08-04 12:31:50.483712,0.53125,1.478284239768982
2705,359,,,2018-08-04 12:31:51.458742,0.4375,1.4962002038955688
2706,360,0.5041,1.3852261304855347,2018-08-04 12:31:52.410232,0.546875,1.3364393711090088
2707,361,,,2018-08-04 12:32:43.953366,0.421875,1.4848495721817017
2708,362,,,2018-08-04 12:32:44.972343,0.4375,1.4699866771697998
2709,363,,,2018-08-04 12:32:45.924175,0.578125,1.225243330001831
2710,364,,,2018-08-04 12:32:46.853386,0.546875,1.2263896465301514
2711,365,,,2018-08-04 12:32:47.800272,0.453125,1.7393333911895752
2712,366,,,2018-08-04 12:32:48.734406,0.3125,1.7483947277069092
2713,367,,,2018-08-04 12:32:49.651618,0.28125,1.6401641368865967
2714,368,,,2018-08-04 12:32:50.515647,0.46875,1.480228066444397
2715,369,,,2018-08-04 12:32:51.415724,0.5625,1.3269217014312744
2716,370,,,2018-08-04 12:32:52.351530,0.5,1.4304845333099365
2717,371,,,2018-08-04 12:32:53.252822,0.59375,1.40134859085083
2718,372,,,2018-08-04 12:32:54.217732,0.609375,1.1749987602233887
2719,373,,,2018-08-04 12:32:55.111634,0.5,1.404244303703308
2720,374,,,2018-08-04 12:32:56.042888,0.515625,1.3474550247192383
2721,375,,,2018-08-04 12:32:57.011514,0.375,1.9388389587402344
2722,376,,,2018-08-04 12:32:57.980201,0.390625,1.7410905361175537
2723,377,,,2018-08-04 12:32:58.979590,0.46875,1.6883140802383423
2724,378,,,2018-08-04 12:32:59.934244,0.4375,1.5545589923858643
2725,379,,,2018-08-04 12:33:00.855216,0.421875,1.7653875350952148
2726,380,0.4787,1.447135090827942,2018-08-04 12:33:01.870255,0.40625,1.6631882190704346
2727,381,,,2018-08-04 12:33:55.242950,0.4375,1.5312296152114868
2728,382,,,2018-08-04 12:33:56.177031,0.53125,1.3202189207077026
2729,383,,,2018-08-04 12:33:57.038087,0.484375,1.4080619812011719
2730,384,,,2018-08-04 12:33:57.894693,0.484375,1.353492021560669
2731,385,,,2018-08-04 12:33:58.786028,0.40625,1.5640112161636353
2732,386,,,2018-08-04 12:33:59.733380,0.46875,1.4326975345611572
2733,387,,,2018-08-04 12:34:00.681254,0.5,1.261290431022644
2734,388,,,2018-08-04 12:34:01.648316,0.515625,1.4057159423828125
2735,389,,,2018-08-04 12:34:02.633282,0.4375,1.4177829027175903
2736,390,,,2018-08-04 12:34:03.624908,0.453125,1.420593023300171
2737,391,,,2018-08-04 12:34:04.559717,0.4375,1.456613540649414
2738,392,,,2018-08-04 12:34:05.458364,0.390625,1.5420411825180054
2739,393,,,2018-08-04 12:34:06.380716,0.5,1.406354308128357
2740,394,,,2018-08-04 12:34:07.273016,0.53125,1.444575548171997
2741,395,,,2018-08-04 12:34:08.239523,0.453125,1.849884271621704
2742,396,,,2018-08-04 12:34:09.261440,0.40625,1.7097277641296387
2743,397,,,2018-08-04 12:34:10.256330,0.4375,1.6888132095336914
2744,398,,,2018-08-04 12:34:11.150495,0.4375,1.5457383394241333
2745,399,,,2018-08-04 12:34:12.089181,0.484375,1.3485904932022095
2746,400,0.4461,1.4922195672988892,2018-08-04 12:34:12.952003,0.328125,1.7273056507110596
2747,401,,,2018-08-04 12:35:06.761987,0.421875,1.61653733253479
2748,402,,,2018-08-04 12:35:07.714608,0.484375,1.4594706296920776
2749,403,,,2018-08-04 12:35:08.633930,0.40625,1.4295176267623901
2750,404,,,2018-08-04 12:35:09.648252,0.5,1.403570532798767
2751,405,,,2018-08-04 12:35:10.633015,0.375,1.7865113019943237
2752,406,,,2018-08-04 12:35:11.628747,0.484375,1.44465172290802
2753,407,,,2018-08-04 12:35:12.604347,0.4375,1.6858047246932983
2754,408,,,2018-08-04 12:35:13.508655,0.53125,1.491640567779541
2755,409,,,2018-08-04 12:35:14.396364,0.578125,1.3858141899108887
2756,410,,,2018-08-04 12:35:15.270569,0.5625,1.3445439338684082
2757,411,,,2018-08-04 12:35:16.124696,0.53125,1.225174903869629
2758,412,,,2018-08-04 12:35:17.005722,0.46875,1.4731272459030151
2759,413,,,2018-08-04 12:35:17.897334,0.453125,1.5073219537734985
2760,414,,,2018-08-04 12:35:18.790091,0.65625,1.1865391731262207
2761,415,,,2018-08-04 12:35:19.722555,0.484375,1.3870536088943481
2762,416,,,2018-08-04 12:35:20.672201,0.40625,1.5766003131866455
2763,417,,,2018-08-04 12:35:21.657240,0.4375,1.5091536045074463
2764,418,,,2018-08-04 12:35:22.536559,0.34375,1.7340329885482788
2765,419,,,2018-08-04 12:35:23.414938,0.34375,1.7447988986968994
2766,420,0.461,1.4669965505599976,2018-08-04 12:35:24.387384,0.4375,1.3748281002044678
2767,421,,,2018-08-04 12:36:16.647269,0.46875,1.3338993787765503
2768,422,,,2018-08-04 12:36:17.581704,0.5,1.3109461069107056
2769,423,,,2018-08-04 12:36:18.487456,0.5,1.3056180477142334
2770,424,,,2018-08-04 12:36:19.435075,0.453125,1.530957579612732
2771,425,,,2018-08-04 12:36:20.449081,0.40625,1.519286870956421
2772,426,,,2018-08-04 12:36:21.494621,0.453125,1.5155668258666992
2773,427,,,2018-08-04 12:36:22.443143,0.359375,1.5425783395767212
2774,428,,,2018-08-04 12:36:23.386439,0.53125,1.3544433116912842
2775,429,,,2018-08-04 12:36:24.336692,0.5,1.535035252571106
2776,430,,,2018-08-04 12:36:25.376317,0.515625,1.4402962923049927
2777,431,,,2018-08-04 12:36:26.324838,0.5,1.3571975231170654
2778,432,,,2018-08-04 12:36:27.315301,0.59375,1.3853836059570312
2779,433,,,2018-08-04 12:36:28.254935,0.578125,1.1833993196487427
2780,434,,,2018-08-04 12:36:29.205154,0.46875,1.5481098890304565
2781,435,,,2018-08-04 12:36:30.183306,0.375,1.5538418292999268
2782,436,,,2018-08-04 12:36:31.149694,0.5625,1.4762011766433716
2783,437,,,2018-08-04 12:36:32.029648,0.359375,1.6974960565567017
2784,438,,,2018-08-04 12:36:32.914627,0.59375,1.2401750087738037
2785,439,,,2018-08-04 12:36:33.824125,0.484375,1.3741172552108765
2786,440,0.485,1.4275437593460083,2018-08-04 12:36:34.806494,0.421875,1.403839111328125
2787,441,,,2018-08-04 12:37:25.204067,0.640625,1.1204347610473633
2788,442,,,2018-08-04 12:37:26.141034,0.484375,1.635769009590149
2789,443,,,2018-08-04 12:37:27.065503,0.5,1.3599271774291992
2790,444,,,2018-08-04 12:37:27.997222,0.59375,1.1472784280776978
2791,445,,,2018-08-04 12:37:28.945042,0.546875,1.3126144409179688
2792,446,,,2018-08-04 12:37:29.953100,0.53125,1.5004239082336426
2793,447,,,2018-08-04 12:37:30.969077,0.46875,1.6323959827423096
2794,448,,,2018-08-04 12:37:31.909784,0.40625,1.4188998937606812
2795,449,,,2018-08-04 12:37:32.800296,0.5,1.4646577835083008
2796,450,,,2018-08-04 12:37:33.746116,0.46875,1.521845817565918
2797,451,,,2018-08-04 12:37:34.579801,0.6875,1.100342035293579
2798,452,,,2018-08-04 12:37:35.466470,0.546875,1.3120659589767456
2799,453,,,2018-08-04 12:37:36.367144,0.546875,1.1834920644760132
2800,454,,,2018-08-04 12:37:37.323427,0.546875,1.2751191854476929
2801,455,,,2018-08-04 12:37:38.249819,0.375,2.2484071254730225
2802,456,,,2018-08-04 12:37:39.175240,0.5625,1.4076790809631348
2803,457,,,2018-08-04 12:37:40.046836,0.453125,1.4658591747283936
2804,458,,,2018-08-04 12:37:40.971883,0.453125,1.5006680488586426
2805,459,,,2018-08-04 12:37:41.917765,0.53125,1.3293006420135498
2806,460,0.5148,1.3716211318969727,2018-08-04 12:37:42.831178,0.5,1.346396565437317
2807,461,,,2018-08-04 12:38:35.381744,0.53125,1.3675599098205566
2808,462,,,2018-08-04 12:38:36.352026,0.453125,1.4211324453353882
2809,463,,,2018-08-04 12:38:37.271938,0.5625,1.4198205471038818
2810,464,,,2018-08-04 12:38:38.161207,0.6875,1.0574657917022705
2811,465,,,2018-08-04 12:38:39.191886,0.53125,1.4378669261932373
2812,466,,,2018-08-04 12:38:40.173861,0.546875,1.4821209907531738
2813,467,,,2018-08-04 12:38:41.092044,0.515625,1.4052668809890747
2814,468,,,2018-08-04 12:38:42.048478,0.46875,1.379977822303772
2815,469,,,2018-08-04 12:38:42.960313,0.5,1.4170182943344116
2816,470,,,2018-08-04 12:38:43.954815,0.46875,1.3703376054763794
2817,471,,,2018-08-04 12:38:44.876804,0.53125,1.285861849784851
2818,472,,,2018-08-04 12:38:45.869184,0.515625,1.3272278308868408
2819,473,,,2018-08-04 12:38:46.844129,0.421875,1.4288828372955322
2820,474,,,2018-08-04 12:38:47.763979,0.46875,1.4820393323898315
2821,475,,,2018-08-04 12:38:48.684198,0.375,1.8770979642868042
2822,476,,,2018-08-04 12:38:49.723138,0.40625,1.5636684894561768
2823,477,,,2018-08-04 12:38:50.600279,0.515625,1.4012516736984253
2824,478,,,2018-08-04 12:38:51.541692,0.453125,1.5705198049545288
2825,479,,,2018-08-04 12:38:52.468489,0.453125,1.4698576927185059
2826,480,0.4515,1.4977376461029053,2018-08-04 12:38:53.393648,0.46875,1.4549400806427002
2827,481,,,2018-08-04 12:39:46.831769,0.609375,1.2046363353729248
2828,482,,,2018-08-04 12:39:47.797762,0.46875,1.4901691675186157
2829,483,,,2018-08-04 12:39:48.734921,0.484375,1.403812289237976
2830,484,,,2018-08-04 12:39:49.710226,0.453125,1.629164695739746
2831,485,,,2018-08-04 12:39:50.651370,0.421875,1.7491834163665771
2832,486,,,2018-08-04 12:39:51.630789,0.390625,1.619188904762268
2833,487,,,2018-08-04 12:39:52.554346,0.46875,1.5881060361862183
2834,488,,,2018-08-04 12:39:53.385529,0.4375,1.513252854347229
2835,489,,,2018-08-04 12:39:54.384424,0.546875,1.3058916330337524
2836,490,,,2018-08-04 12:39:55.322221,0.546875,1.2612721920013428
2837,491,,,2018-08-04 12:39:56.291083,0.53125,1.325454592704773
2838,492,,,2018-08-04 12:39:57.191501,0.53125,1.2376734018325806
2839,493,,,2018-08-04 12:39:58.119873,0.546875,1.1758266687393188
2840,494,,,2018-08-04 12:39:59.071709,0.578125,1.2734708786010742
2841,495,,,2018-08-04 12:40:00.105992,0.328125,1.878858208656311
2842,496,,,2018-08-04 12:40:01.124588,0.4375,1.5583131313323975
2843,497,,,2018-08-04 12:40:02.128659,0.421875,1.4212141036987305
2844,498,,,2018-08-04 12:40:03.065798,0.578125,1.3625372648239136
2845,499,,,2018-08-04 12:40:04.086324,0.5,1.445184588432312
2846,500,0.4937,1.4125536680221558,2018-08-04 12:40:05.088230,0.59375,1.2374112606048584
2847,501,,,2018-08-04 12:40:59.371282,0.5625,1.4214658737182617
2848,502,,,2018-08-04 12:41:00.303426,0.671875,1.146828532218933
2849,503,,,2018-08-04 12:41:01.315117,0.515625,1.353792428970337
2850,504,,,2018-08-04 12:41:02.307967,0.46875,1.3283581733703613
2851,505,,,2018-08-04 12:41:03.225525,0.40625,1.676580548286438
2852,506,,,2018-08-04 12:41:04.086562,0.515625,1.3749476671218872
2853,507,,,2018-08-04 12:41:05.018170,0.4375,1.5417648553848267
2854,508,,,2018-08-04 12:41:05.946492,0.46875,1.5094102621078491
2855,509,,,2018-08-04 12:41:06.886159,0.515625,1.3021981716156006
2856,510,,,2018-08-04 12:41:07.789477,0.46875,1.5630624294281006
2857,511,,,2018-08-04 12:41:08.624160,0.515625,1.3489962816238403
2858,512,,,2018-08-04 12:41:09.520130,0.546875,1.2442302703857422
2859,513,,,2018-08-04 12:41:10.444223,0.484375,1.393255591392517
2860,514,,,2018-08-04 12:41:11.467764,0.453125,1.4400901794433594
2861,515,,,2018-08-04 12:41:12.465058,0.421875,1.7444182634353638
2862,516,,,2018-08-04 12:41:13.450167,0.375,1.901649832725525
2863,517,,,2018-08-04 12:41:14.417877,0.609375,1.3304675817489624
2864,518,,,2018-08-04 12:41:15.359685,0.484375,1.430616855621338
2865,519,,,2018-08-04 12:41:16.292965,0.484375,1.3633970022201538
2866,520,0.5021,1.38749361038208,2018-08-04 12:41:17.181412,0.578125,1.324142575263977
2867,521,,,2018-08-04 12:42:05.700726,0.546875,1.3627934455871582
2868,522,,,2018-08-04 12:42:06.619655,0.53125,1.203291416168213
2869,523,,,2018-08-04 12:42:07.585581,0.515625,1.2723603248596191
2870,524,,,2018-08-04 12:42:08.499698,0.609375,1.2134772539138794
2871,525,,,2018-08-04 12:42:09.421092,0.328125,1.9878735542297363
2872,526,,,2018-08-04 12:42:10.350720,0.453125,1.6029529571533203
2873,527,,,2018-08-04 12:42:11.216786,0.375,1.6877720355987549
2874,528,,,2018-08-04 12:42:12.155556,0.421875,1.5101245641708374
2875,529,,,2018-08-04 12:42:13.126792,0.375,1.5308510065078735
2876,530,,,2018-08-04 12:42:14.177868,0.453125,1.6104427576065063
2877,531,,,2018-08-04 12:42:15.132762,0.421875,1.3510457277297974
2878,532,,,2018-08-04 12:42:16.033525,0.53125,1.3094955682754517
2879,533,,,2018-08-04 12:42:16.928032,0.46875,1.4368648529052734
2880,534,,,2018-08-04 12:42:17.904155,0.578125,1.0514402389526367
2881,535,,,2018-08-04 12:42:18.855173,0.328125,2.176530599594116
2882,536,,,2018-08-04 12:42:19.783554,0.53125,1.3356609344482422
2883,537,,,2018-08-04 12:42:20.771294,0.59375,1.5707088708877563
2884,538,,,2018-08-04 12:42:21.732879,0.40625,1.611644983291626
2885,539,,,2018-08-04 12:42:22.639698,0.4375,1.452463984489441
2886,540,0.4798,1.4446384906768799,2018-08-04 12:42:23.502029,0.5,1.4186919927597046
2887,541,,,2018-08-04 12:43:14.717236,0.546875,1.2184876203536987
2888,542,,,2018-08-04 12:43:15.616251,0.4375,1.3698805570602417
2889,543,,,2018-08-04 12:43:16.572854,0.515625,1.3939248323440552
2890,544,,,2018-08-04 12:43:17.587728,0.4375,1.5411972999572754
2891,545,,,2018-08-04 12:43:18.432678,0.421875,1.8494586944580078
2892,546,,,2018-08-04 12:43:19.426226,0.484375,1.393754482269287
2893,547,,,2018-08-04 12:43:20.374858,0.515625,1.4221357107162476
2894,548,,,2018-08-04 12:43:21.304814,0.484375,1.5059905052185059
2895,549,,,2018-08-04 12:43:22.275357,0.421875,1.5605041980743408
2896,550,,,2018-08-04 12:43:23.188775,0.484375,1.419754147529602
2897,551,,,2018-08-04 12:43:24.118938,0.5625,1.3221019506454468
2898,552,,,2018-08-04 12:43:25.053520,0.5625,1.3725353479385376
2899,553,,,2018-08-04 12:43:25.995000,0.46875,1.415310025215149
2900,554,,,2018-08-04 12:43:26.857073,0.578125,1.3094295263290405
2901,555,,,2018-08-04 12:43:27.742835,0.359375,1.8080387115478516
2902,556,,,2018-08-04 12:43:28.634926,0.421875,1.5623579025268555
2903,557,,,2018-08-04 12:43:29.499878,0.40625,1.5114814043045044
2904,558,,,2018-08-04 12:43:30.467831,0.421875,1.5944807529449463
2905,559,,,2018-08-04 12:43:31.483468,0.34375,1.7016584873199463
2906,560,0.4151,1.5209705829620361,2018-08-04 12:43:32.477443,0.421875,1.5882982015609741
2907,561,,,2018-08-04 12:44:24.308472,0.515625,1.4136391878128052
2908,562,,,2018-08-04 12:44:25.226533,0.34375,1.5867292881011963
2909,563,,,2018-08-04 12:44:26.221848,0.453125,1.3863638639450073
2910,564,,,2018-08-04 12:44:27.113014,0.40625,1.53644597530365
2911,565,,,2018-08-04 12:44:28.013981,0.296875,2.117586851119995
2912,566,,,2018-08-04 12:44:28.870114,0.40625,1.5961357355117798
2913,567,,,2018-08-04 12:44:29.808597,0.453125,1.5271319150924683
2914,568,,,2018-08-04 12:44:30.787739,0.453125,1.5550309419631958
2915,569,,,2018-08-04 12:44:31.656293,0.515625,1.5233186483383179
2916,570,,,2018-08-04 12:44:32.596560,0.46875,1.4351861476898193
2917,571,,,2018-08-04 12:44:33.589490,0.5,1.473373532295227
2918,572,,,2018-08-04 12:44:34.595282,0.609375,1.3237130641937256
2919,573,,,2018-08-04 12:44:35.623435,0.421875,1.4639140367507935
2920,574,,,2018-08-04 12:44:36.590649,0.5,1.4586718082427979
2921,575,,,2018-08-04 12:44:37.572017,0.4375,1.7182425260543823
2922,576,,,2018-08-04 12:44:38.541559,0.40625,1.6431736946105957
2923,577,,,2018-08-04 12:44:39.486079,0.46875,1.4314876794815063
2924,578,,,2018-08-04 12:44:40.385633,0.5,1.420884609222412
2925,579,,,2018-08-04 12:44:41.261055,0.546875,1.39708411693573
2926,580,0.4699,1.438814640045166,2018-08-04 12:44:42.221193,0.515625,1.4462275505065918
2927,581,,,2018-08-04 12:45:33.625737,0.453125,1.4077167510986328
2928,582,,,2018-08-04 12:45:34.595982,0.515625,1.3817418813705444
2929,583,,,2018-08-04 12:45:35.585460,0.375,1.5448397397994995
2930,584,,,2018-08-04 12:45:36.497277,0.453125,1.5175838470458984
2931,585,,,2018-08-04 12:45:37.423104,0.390625,1.5358726978302002
2932,586,,,2018-08-04 12:45:38.318047,0.421875,1.492228627204895
2933,587,,,2018-08-04 12:45:39.270695,0.46875,1.4650754928588867
2934,588,,,2018-08-04 12:45:40.295451,0.546875,1.1717333793640137
2935,589,,,2018-08-04 12:45:41.238238,0.578125,1.322004795074463
2936,590,,,2018-08-04 12:45:42.246048,0.578125,1.2569472789764404
2937,591,,,2018-08-04 12:45:43.202834,0.484375,1.3501689434051514
2938,592,,,2018-08-04 12:45:44.124586,0.578125,1.3115864992141724
2939,593,,,2018-08-04 12:45:45.116514,0.46875,1.3253401517868042
2940,594,,,2018-08-04 12:45:46.071265,0.484375,1.411725640296936
2941,595,,,2018-08-04 12:45:46.939695,0.390625,2.0047922134399414
2942,596,,,2018-08-04 12:45:47.870978,0.546875,1.3978242874145508
2943,597,,,2018-08-04 12:45:48.762215,0.46875,1.5286380052566528
2944,598,,,2018-08-04 12:45:49.649237,0.5,1.5111758708953857
2945,599,,,2018-08-04 12:45:50.585470,0.5,1.3758299350738525
2946,600,0.4963,1.426625370979309,2018-08-04 12:45:51.510980,0.546875,1.281868815422058
2947,601,,,2018-08-04 12:46:43.854046,0.53125,1.3691569566726685
2948,602,,,2018-08-04 12:46:44.792195,0.421875,1.594603180885315
2949,603,,,2018-08-04 12:46:45.724940,0.5,1.3838557004928589
2950,604,,,2018-08-04 12:46:46.699131,0.609375,1.154335379600525
2951,605,,,2018-08-04 12:46:47.686044,0.5,1.3195255994796753
2952,606,,,2018-08-04 12:46:48.582048,0.484375,1.4740161895751953
2953,607,,,2018-08-04 12:46:49.469962,0.46875,1.4926023483276367
2954,608,,,2018-08-04 12:46:50.315524,0.453125,1.5458488464355469
2955,609,,,2018-08-04 12:46:51.208316,0.46875,1.5298209190368652
2956,610,,,2018-08-04 12:46:52.063998,0.515625,1.3748953342437744
2957,611,,,2018-08-04 12:46:52.934619,0.515625,1.3304333686828613
2958,612,,,2018-08-04 12:46:53.826019,0.5625,1.2051151990890503
2959,613,,,2018-08-04 12:46:54.636509,0.578125,1.361748218536377
2960,614,,,2018-08-04 12:46:55.540130,0.53125,1.4318243265151978
2961,615,,,2018-08-04 12:46:56.526829,0.375,1.9860953092575073
2962,616,,,2018-08-04 12:46:57.464854,0.421875,1.6333328485488892
2963,617,,,2018-08-04 12:46:58.316602,0.40625,1.5983920097351074
2964,618,,,2018-08-04 12:46:59.146428,0.390625,1.490707516670227
2965,619,,,2018-08-04 12:47:00.075393,0.484375,1.5438193082809448
2966,620,0.4343,1.5034303665161133,2018-08-04 12:47:01.089502,0.515625,1.4867650270462036
2967,621,,,2018-08-04 12:47:54.494019,0.53125,1.4391605854034424
2968,622,,,2018-08-04 12:47:55.495693,0.46875,1.4927171468734741
2969,623,,,2018-08-04 12:47:56.456712,0.484375,1.3327481746673584
2970,624,,,2018-08-04 12:47:57.455132,0.375,1.4544633626937866
2971,625,,,2018-08-04 12:47:58.454093,0.375,1.6306768655776978
2972,626,,,2018-08-04 12:47:59.438156,0.390625,1.5027499198913574
2973,627,,,2018-08-04 12:48:00.374233,0.484375,1.259637713432312
2974,628,,,2018-08-04 12:48:01.360453,0.5,1.460724949836731
2975,629,,,2018-08-04 12:48:02.273617,0.46875,1.5214248895645142
2976,630,,,2018-08-04 12:48:03.261547,0.59375,1.193287968635559
2977,631,,,2018-08-04 12:48:04.215593,0.59375,1.3054797649383545
2978,632,,,2018-08-04 12:48:05.190204,0.359375,1.6467558145523071
2979,633,,,2018-08-04 12:48:06.144581,0.53125,1.344524621963501
2980,634,,,2018-08-04 12:48:06.964694,0.53125,1.4363785982131958
2981,635,,,2018-08-04 12:48:07.756393,0.4375,1.7084752321243286
2982,636,,,2018-08-04 12:48:08.733491,0.46875,1.4689351320266724
2983,637,,,2018-08-04 12:48:09.668502,0.453125,1.5183693170547485
2984,638,,,2018-08-04 12:48:10.608839,0.421875,1.4395420551300049
2985,639,,,2018-08-04 12:48:11.506343,0.515625,1.162735104560852
2986,640,0.4862,1.4001686573028564,2018-08-04 12:48:12.340780,0.453125,1.3293073177337646
2987,641,,,2018-08-04 12:49:06.404830,0.453125,1.303788185119629
2988,642,,,2018-08-04 12:49:07.313940,0.421875,1.6113550662994385
2989,643,,,2018-08-04 12:49:08.355697,0.46875,1.3043116331100464
2990,644,,,2018-08-04 12:49:09.277865,0.578125,1.162087082862854
2991,645,,,2018-08-04 12:49:10.212772,0.3125,1.7877039909362793
2992,646,,,2018-08-04 12:49:11.092957,0.390625,1.3869884014129639
2993,647,,,2018-08-04 12:49:11.993913,0.453125,1.3786046504974365
2994,648,,,2018-08-04 12:49:12.894735,0.375,1.504421591758728
2995,649,,,2018-08-04 12:49:13.767704,0.53125,1.2376123666763306
2996,650,,,2018-08-04 12:49:14.615876,0.6875,1.1720911264419556
2997,651,,,2018-08-04 12:49:15.517255,0.375,1.5428270101547241
2998,652,,,2018-08-04 12:49:16.418110,0.46875,1.4199265241622925
2999,653,,,2018-08-04 12:49:17.323037,0.5625,1.3411074876785278
3000,654,,,2018-08-04 12:49:18.181524,0.609375,1.3748196363449097
3001,655,,,2018-08-04 12:49:19.074271,0.40625,2.0375027656555176
3002,656,,,2018-08-04 12:49:20.035981,0.53125,1.4096436500549316
3003,657,,,2018-08-04 12:49:21.019575,0.515625,1.3864153623580933
3004,658,,,2018-08-04 12:49:21.979127,0.46875,1.3291234970092773
3005,659,,,2018-08-04 12:49:22.949633,0.546875,1.2832341194152832
3006,660,0.5165,1.3580292463302612,2018-08-04 12:49:23.929621,0.53125,1.1876477003097534
3007,661,,,2018-08-04 12:50:16.351957,0.390625,1.6472500562667847
3008,662,,,2018-08-04 12:50:17.279365,0.484375,1.3585675954818726
3009,663,,,2018-08-04 12:50:18.230119,0.53125,1.281622290611267
3010,664,,,2018-08-04 12:50:19.069537,0.5,1.4505534172058105
3011,665,,,2018-08-04 12:50:20.007632,0.40625,1.6665122509002686
3012,666,,,2018-08-04 12:50:20.900065,0.515625,1.4035040140151978
3013,667,,,2018-08-04 12:50:21.821876,0.5,1.4938570261001587
3014,668,,,2018-08-04 12:50:22.771187,0.609375,1.1686300039291382
3015,669,,,2018-08-04 12:50:23.600479,0.40625,1.355992317199707
3016,670,,,2018-08-04 12:50:24.509417,0.46875,1.3964593410491943
3017,671,,,2018-08-04 12:50:25.414403,0.421875,1.3837326765060425
3018,672,,,2018-08-04 12:50:26.297755,0.484375,1.2534376382827759
3019,673,,,2018-08-04 12:50:27.095776,0.53125,1.2620823383331299
3020,674,,,2018-08-04 12:50:27.938127,0.59375,1.066878080368042
3021,675,,,2018-08-04 12:50:28.820448,0.40625,1.8142403364181519
3022,676,,,2018-08-04 12:50:29.749425,0.515625,1.4410260915756226
3023,677,,,2018-08-04 12:50:30.711967,0.5625,1.2158108949661255
3024,678,,,2018-08-04 12:50:31.648080,0.65625,1.243442416191101
3025,679,,,2018-08-04 12:50:32.533740,0.5625,1.4236431121826172
3026,680,0.5194,1.3338695764541626,2018-08-04 12:50:33.425035,0.34375,1.5737816095352173
3027,681,,,2018-08-04 12:51:22.377842,0.609375,1.1838477849960327
3028,682,,,2018-08-04 12:51:23.337764,0.671875,1.1310677528381348
3029,683,,,2018-08-04 12:51:24.237139,0.515625,1.2525874376296997
3030,684,,,2018-08-04 12:51:25.148578,0.578125,1.1892322301864624
3031,685,,,2018-08-04 12:51:26.097932,0.5,1.362299919128418
3032,686,,,2018-08-04 12:51:27.018040,0.546875,1.1871143579483032
3033,687,,,2018-08-04 12:51:27.934389,0.546875,1.2918808460235596
3034,688,,,2018-08-04 12:51:28.765758,0.625,1.3123173713684082
3035,689,,,2018-08-04 12:51:29.755466,0.5625,1.2347594499588013
3036,690,,,2018-08-04 12:51:30.747889,0.546875,1.3243385553359985
3037,691,,,2018-08-04 12:51:31.663728,0.484375,1.4066606760025024
3038,692,,,2018-08-04 12:51:32.605271,0.5,1.4177862405776978
3039,693,,,2018-08-04 12:51:33.449368,0.625,1.0881285667419434
3040,694,,,2018-08-04 12:51:34.288189,0.5,1.292352557182312
3041,695,,,2018-08-04 12:51:35.174715,0.40625,1.81242036819458
3042,696,,,2018-08-04 12:51:36.062136,0.515625,1.4926259517669678
3043,697,,,2018-08-04 12:51:36.965032,0.46875,1.6321120262145996
3044,698,,,2018-08-04 12:51:37.848884,0.578125,1.373496174812317
3045,699,,,2018-08-04 12:51:38.719152,0.46875,1.3891979455947876
3046,700,0.5164,1.3418283462524414,2018-08-04 12:51:39.558476,0.46875,1.3539620637893677
3047,701,,,2018-08-04 12:52:24.959048,0.46875,1.3943116664886475
3048,702,,,2018-08-04 12:52:25.845117,0.546875,1.2762547731399536
3049,703,,,2018-08-04 12:52:26.782331,0.546875,1.1570802927017212
3050,704,,,2018-08-04 12:52:27.816652,0.484375,1.397005319595337
3051,705,,,2018-08-04 12:52:28.825250,0.5,1.6235204935073853
3052,706,,,2018-08-04 12:52:29.836000,0.40625,1.6205397844314575
3053,707,,,2018-08-04 12:52:30.872119,0.453125,1.5228044986724854
3054,708,,,2018-08-04 12:52:31.803944,0.546875,1.2894532680511475
3055,709,,,2018-08-04 12:52:32.800147,0.625,1.1503081321716309
3056,710,,,2018-08-04 12:52:33.728338,0.5,1.5080324411392212
3057,711,,,2018-08-04 12:52:34.627554,0.546875,1.2468971014022827
3058,712,,,2018-08-04 12:52:35.540642,0.625,1.2557103633880615
3059,713,,,2018-08-04 12:52:36.483959,0.4375,1.5199147462844849
3060,714,,,2018-08-04 12:52:37.437546,0.609375,1.2943382263183594
3061,715,,,2018-08-04 12:52:38.397556,0.5,1.4753018617630005
3062,716,,,2018-08-04 12:52:39.221230,0.40625,1.6680736541748047
3063,717,,,2018-08-04 12:52:40.154634,0.515625,1.372693657875061
3064,718,,,2018-08-04 12:52:41.096246,0.515625,1.3668553829193115
3065,719,,,2018-08-04 12:52:42.119061,0.4375,1.3420809507369995
3066,720,0.5012,1.3784770965576172,2018-08-04 12:52:43.052062,0.65625,1.1310420036315918
3067,721,,,2018-08-04 12:53:34.488231,0.578125,1.2796638011932373
3068,722,,,2018-08-04 12:53:35.415134,0.59375,1.1478674411773682
3069,723,,,2018-08-04 12:53:36.328674,0.4375,1.4605300426483154
3070,724,,,2018-08-04 12:53:37.176934,0.46875,1.4226101636886597
3071,725,,,2018-08-04 12:53:38.131849,0.390625,2.1451196670532227
3072,726,,,2018-08-04 12:53:39.086240,0.421875,1.5301066637039185
3073,727,,,2018-08-04 12:53:40.058926,0.453125,1.3584296703338623
3074,728,,,2018-08-04 12:53:40.998247,0.46875,1.453460931777954
3075,729,,,2018-08-04 12:53:41.913628,0.546875,1.3684685230255127
3076,730,,,2018-08-04 12:53:42.808356,0.515625,1.1795196533203125
3077,731,,,2018-08-04 12:53:43.711397,0.515625,1.3606363534927368
3078,732,,,2018-08-04 12:53:44.712848,0.609375,1.1511828899383545
3079,733,,,2018-08-04 12:53:45.635342,0.453125,1.3191585540771484
3080,734,,,2018-08-04 12:53:46.533821,0.578125,1.0770832300186157
3081,735,,,2018-08-04 12:53:47.385353,0.328125,1.9469671249389648
3082,736,,,2018-08-04 12:53:48.386103,0.34375,2.011302947998047
3083,737,,,2018-08-04 12:53:49.306363,0.5625,1.5724732875823975
3084,738,,,2018-08-04 12:53:50.223718,0.5,1.3614630699157715
3085,739,,,2018-08-04 12:53:51.088685,0.53125,1.4929656982421875
3086,740,0.4889,1.4323326349258423,2018-08-04 12:53:51.997792,0.609375,1.1930345296859741
3087,741,,,2018-08-04 12:54:44.130288,0.578125,1.355934739112854
3088,742,,,2018-08-04 12:54:45.105982,0.53125,1.383737325668335
3089,743,,,2018-08-04 12:54:46.092755,0.5,1.3386517763137817
3090,744,,,2018-08-04 12:54:47.016247,0.515625,1.3780940771102905
3091,745,,,2018-08-04 12:54:48.029427,0.390625,1.9624766111373901
3092,746,,,2018-08-04 12:54:48.880140,0.40625,1.705180048942566
3093,747,,,2018-08-04 12:54:49.875432,0.421875,1.449601650238037
3094,748,,,2018-08-04 12:54:50.829883,0.46875,1.4148204326629639
3095,749,,,2018-08-04 12:54:51.836346,0.484375,1.5436962842941284
3096,750,,,2018-08-04 12:54:52.802615,0.4375,1.4502668380737305
3097,751,,,2018-08-04 12:54:53.668910,0.46875,1.467713713645935
3098,752,,,2018-08-04 12:54:54.547320,0.5625,1.3101141452789307
3099,753,,,2018-08-04 12:54:55.426416,0.515625,1.309130311012268
3100,754,,,2018-08-04 12:54:56.333292,0.515625,1.3795322179794312
3101,755,,,2018-08-04 12:54:57.255669,0.28125,2.31235671043396
3102,756,,,2018-08-04 12:54:58.119736,0.421875,1.803679347038269
3103,757,,,2018-08-04 12:54:58.935954,0.515625,1.3216233253479004
3104,758,,,2018-08-04 12:54:59.967581,0.375,1.77503502368927
3105,759,,,2018-08-04 12:55:00.988508,0.53125,1.4792317152023315
3106,760,0.4745,1.4777629375457764,2018-08-04 12:55:01.890516,0.4375,1.5886447429656982
3107,761,,,2018-08-04 12:55:48.716634,0.4375,1.3772151470184326
3108,762,,,2018-08-04 12:55:49.710934,0.421875,1.404915452003479
3109,763,,,2018-08-04 12:55:50.687054,0.5625,1.3468375205993652
3110,764,,,2018-08-04 12:55:51.670104,0.546875,1.3419197797775269
3111,765,,,2018-08-04 12:55:52.607953,0.265625,1.994383454322815
3112,766,,,2018-08-04 12:55:53.617364,0.4375,1.4694039821624756
3113,767,,,2018-08-04 12:55:54.471721,0.453125,1.6492443084716797
3114,768,,,2018-08-04 12:55:55.344421,0.53125,1.328730583190918
3115,769,,,2018-08-04 12:55:56.272523,0.40625,1.4795736074447632
3116,770,,,2018-08-04 12:55:57.109632,0.4375,1.446650743484497
3117,771,,,2018-08-04 12:55:58.057580,0.515625,1.3071247339248657
3118,772,,,2018-08-04 12:55:58.985250,0.546875,1.360703945159912
3119,773,,,2018-08-04 12:55:59.901695,0.46875,1.3253190517425537
3120,774,,,2018-08-04 12:56:00.804642,0.609375,1.272895336151123
3121,775,,,2018-08-04 12:56:01.682574,0.328125,1.8906176090240479
3122,776,,,2018-08-04 12:56:02.619652,0.40625,1.6653003692626953
3123,777,,,2018-08-04 12:56:03.525735,0.421875,1.53676438331604
3124,778,,,2018-08-04 12:56:04.460932,0.453125,1.5313462018966675
3125,779,,,2018-08-04 12:56:05.375753,0.40625,1.6756062507629395
3126,780,0.4535,1.473154902458191,2018-08-04 12:56:06.254359,0.375,1.565220594406128
3127,781,,,2018-08-04 12:56:51.117945,0.625,1.0970523357391357
3128,0,,,2018-08-04 12:57:42.460605,0.515625,1.3812155723571777
3129,1,,,2018-08-04 12:57:43.421463,0.59375,1.0832867622375488
3130,2,,,2018-08-04 12:57:44.378473,0.484375,1.334977388381958
3131,3,,,2018-08-04 12:57:45.386040,0.34375,1.630674123764038
3132,4,,,2018-08-04 12:57:46.358634,0.484375,1.4257298707962036
3133,5,,,2018-08-04 12:57:47.358664,0.40625,1.4755555391311646
3134,6,,,2018-08-04 12:57:48.311912,0.546875,1.2997558116912842
3135,7,,,2018-08-04 12:57:49.246372,0.59375,1.239544153213501
3136,8,,,2018-08-04 12:57:50.166223,0.640625,1.2880640029907227
3137,9,,,2018-08-04 12:57:51.127965,0.59375,1.1817059516906738
3138,10,,,2018-08-04 12:57:51.980024,0.546875,1.259360671043396
3139,11,,,2018-08-04 12:57:52.977971,0.484375,1.2986314296722412
3140,12,,,2018-08-04 12:57:53.910289,0.46875,1.3442449569702148
3141,13,,,2018-08-04 12:57:54.834261,0.46875,1.3882763385772705
3142,14,,,2018-08-04 12:57:55.870806,0.4375,1.4227628707885742
3143,15,,,2018-08-04 12:57:56.822520,0.515625,1.4803259372711182
3144,16,,,2018-08-04 12:57:57.802779,0.609375,1.1899255514144897
3145,17,,,2018-08-04 12:57:58.740276,0.578125,1.2864346504211426
3146,18,,,2018-08-04 12:57:59.586612,0.71875,1.168670415878296
3147,19,,,2018-08-04 12:58:00.515813,0.609375,1.132859468460083
3148,20,0.5394,1.3050225973129272,2018-08-04 12:58:01.524018,0.484375,1.2427090406417847
3149,21,,,2018-08-04 12:58:53.641192,0.421875,1.2198153734207153
3150,22,,,2018-08-04 12:58:54.554358,0.59375,1.0596903562545776
3151,23,,,2018-08-04 12:58:55.457893,0.4375,1.648322582244873
3152,24,,,2018-08-04 12:58:56.388327,0.4375,1.5979892015457153
3153,25,,,2018-08-04 12:58:57.269523,0.546875,1.312757968902588
3154,26,,,2018-08-04 12:58:58.178650,0.46875,1.5859556198120117
3155,27,,,2018-08-04 12:58:59.108576,0.5625,1.158143162727356
3156,28,,,2018-08-04 12:58:59.964377,0.578125,1.2549875974655151
3157,29,,,2018-08-04 12:59:00.882131,0.59375,1.2203303575515747
3158,30,,,2018-08-04 12:59:01.824809,0.5625,1.1862963438034058
3159,31,,,2018-08-04 12:59:02.668496,0.53125,1.2438987493515015
3160,32,,,2018-08-04 12:59:03.523311,0.5625,1.2262076139450073
3161,33,,,2018-08-04 12:59:04.434889,0.484375,1.4199268817901611
3162,34,,,2018-08-04 12:59:05.327827,0.515625,1.404197335243225
3163,35,,,2018-08-04 12:59:06.193749,0.640625,1.1971272230148315
3164,36,,,2018-08-04 12:59:07.125457,0.453125,1.3507096767425537
3165,37,,,2018-08-04 12:59:08.078762,0.484375,1.3417261838912964
3166,38,,,2018-08-04 12:59:09.021315,0.53125,1.3050533533096313
3167,39,,,2018-08-04 12:59:10.002247,0.4375,1.3834549188613892
3168,40,0.5292,1.3079155683517456,2018-08-04 12:59:10.958257,0.609375,1.3246175050735474
3169,41,,,2018-08-04 13:00:02.669259,0.578125,1.2204749584197998
3170,42,,,2018-08-04 13:00:03.676567,0.625,1.1133434772491455
3171,43,,,2018-08-04 13:00:04.550063,0.515625,1.384225606918335
3172,44,,,2018-08-04 13:00:05.565161,0.453125,1.439529299736023
3173,45,,,2018-08-04 13:00:06.503039,0.390625,1.4538747072219849
3174,46,,,2018-08-04 13:00:07.441331,0.59375,1.1985594034194946
3175,47,,,2018-08-04 13:00:08.355681,0.515625,1.3459458351135254
3176,48,,,2018-08-04 13:00:09.235558,0.5625,1.2114075422286987
3177,49,,,2018-08-04 13:00:10.163227,0.578125,1.1599794626235962
3178,50,,,2018-08-04 13:00:11.112714,0.609375,1.1490477323532104
3179,51,,,2018-08-04 13:00:12.089399,0.578125,1.1706626415252686
3180,52,,,2018-08-04 13:00:13.063791,0.484375,1.2041624784469604
3181,53,,,2018-08-04 13:00:14.054179,0.484375,1.4946188926696777
3182,54,,,2018-08-04 13:00:15.080511,0.5625,1.3827482461929321
3183,55,,,2018-08-04 13:00:16.016473,0.484375,1.3119049072265625
3184,56,,,2018-08-04 13:00:17.022897,0.53125,1.3604986667633057
3185,57,,,2018-08-04 13:00:17.962134,0.625,1.2342333793640137
3186,58,,,2018-08-04 13:00:18.791270,0.609375,1.2288304567337036
3187,59,,,2018-08-04 13:00:19.671904,0.578125,1.2040579319000244
3188,60,0.5369,1.2916910648345947,2018-08-04 13:00:20.537833,0.5,1.4983125925064087
3189,61,,,2018-08-04 13:01:12.364146,0.609375,1.0915343761444092
3190,62,,,2018-08-04 13:01:13.334406,0.59375,1.2214751243591309
3191,63,,,2018-08-04 13:01:14.206343,0.46875,1.533435583114624
3192,64,,,2018-08-04 13:01:15.134843,0.421875,1.5794439315795898
3193,65,,,2018-08-04 13:01:16.153461,0.53125,1.5038983821868896
3194,66,,,2018-08-04 13:01:17.108635,0.328125,1.5085886716842651
3195,67,,,2018-08-04 13:01:18.102227,0.625,1.0775405168533325
3196,68,,,2018-08-04 13:01:19.071560,0.484375,1.4360939264297485
3197,69,,,2018-08-04 13:01:19.984502,0.484375,1.2037559747695923
3198,70,,,2018-08-04 13:01:20.925352,0.453125,1.309872031211853
3199,71,,,2018-08-04 13:01:21.780843,0.40625,1.5566562414169312
3200,72,,,2018-08-04 13:01:22.654324,0.59375,1.1089222431182861
3201,73,,,2018-08-04 13:01:23.694051,0.359375,2.1017425060272217
3202,74,,,2018-08-04 13:01:24.632640,0.484375,1.2981828451156616
3203,75,,,2018-08-04 13:01:25.532801,0.5625,1.2377805709838867
3204,76,,,2018-08-04 13:01:26.485993,0.546875,1.3279558420181274
3205,77,,,2018-08-04 13:01:27.458482,0.53125,1.3005776405334473
3206,78,,,2018-08-04 13:01:28.402668,0.421875,1.4295741319656372
3207,79,,,2018-08-04 13:01:29.354293,0.4375,1.4516990184783936
3208,80,0.5108,1.3415467739105225,2018-08-04 13:01:30.270982,0.59375,1.1289279460906982
3209,81,,,2018-08-04 13:02:23.367360,0.5,1.4852620363235474
3210,82,,,2018-08-04 13:02:24.342577,0.46875,1.3135935068130493
3211,83,,,2018-08-04 13:02:25.283771,0.484375,1.552186131477356
3212,84,,,2018-08-04 13:02:26.125312,0.5625,1.3694889545440674
3213,85,,,2018-08-04 13:02:27.044995,0.5,1.319870114326477
3214,86,,,2018-08-04 13:02:27.981958,0.53125,1.3272466659545898
3215,87,,,2018-08-04 13:02:28.957606,0.59375,1.2174280881881714
3216,88,,,2018-08-04 13:02:29.879061,0.578125,1.2785134315490723
3217,89,,,2018-08-04 13:02:30.786583,0.546875,1.407928705215454
3218,90,,,2018-08-04 13:02:31.664411,0.5625,1.2800650596618652
3219,91,,,2018-08-04 13:02:32.628456,0.546875,1.274800419807434
3220,92,,,2018-08-04 13:02:33.603508,0.640625,1.015249252319336
3221,93,,,2018-08-04 13:02:34.533336,0.46875,1.7188304662704468
3222,94,,,2018-08-04 13:02:35.424877,0.515625,1.5137747526168823
3223,95,,,2018-08-04 13:02:36.288381,0.453125,1.358091950416565
3224,96,,,2018-08-04 13:02:37.191261,0.34375,1.841714859008789
3225,97,,,2018-08-04 13:02:38.168021,0.5625,1.2697904109954834
3226,98,,,2018-08-04 13:02:39.067693,0.59375,1.1718751192092896
3227,99,,,2018-08-04 13:02:39.955927,0.546875,1.3293687105178833
3228,100,0.5173,1.3353137969970703,2018-08-04 13:02:40.848307,0.53125,1.3848994970321655
3229,101,,,2018-08-04 13:03:33.618662,0.46875,1.3785974979400635
3230,102,,,2018-08-04 13:03:34.563218,0.546875,1.4347107410430908
3231,103,,,2018-08-04 13:03:35.540601,0.46875,1.430295705795288
3232,104,,,2018-08-04 13:03:36.495938,0.5,1.3158873319625854
3233,105,,,2018-08-04 13:03:37.459692,0.5,1.4660991430282593
3234,106,,,2018-08-04 13:03:38.364626,0.59375,1.2507216930389404
3235,107,,,2018-08-04 13:03:39.346688,0.53125,1.276011347770691
3236,108,,,2018-08-04 13:03:40.308282,0.453125,1.2005208730697632
3237,109,,,2018-08-04 13:03:41.184628,0.59375,1.0956627130508423
3238,110,,,2018-08-04 13:03:42.022236,0.53125,1.3583121299743652
3239,111,,,2018-08-04 13:03:42.938191,0.546875,1.2831441164016724
3240,112,,,2018-08-04 13:03:43.844454,0.515625,1.4092823266983032
3241,113,,,2018-08-04 13:03:44.704257,0.5,1.6630370616912842
3242,114,,,2018-08-04 13:03:45.619499,0.40625,1.7520315647125244
3243,115,,,2018-08-04 13:03:46.521820,0.53125,1.3751859664916992
3244,116,,,2018-08-04 13:03:47.380852,0.59375,1.0925920009613037
3245,117,,,2018-08-04 13:03:48.277074,0.625,1.0842986106872559
3246,118,,,2018-08-04 13:03:49.213887,0.609375,1.2035893201828003
3247,119,,,2018-08-04 13:03:50.086709,0.5625,1.0214438438415527
3248,120,0.5435,1.29551362991333,2018-08-04 13:03:51.001751,0.578125,1.3085137605667114
3249,121,,,2018-08-04 13:04:44.831935,0.578125,1.22724187374115
3250,122,,,2018-08-04 13:04:45.826863,0.546875,1.192409873008728
3251,123,,,2018-08-04 13:04:46.802579,0.515625,1.5519622564315796
3252,124,,,2018-08-04 13:04:47.819926,0.484375,1.3169629573822021
3253,125,,,2018-08-04 13:04:48.813102,0.484375,1.4865820407867432
3254,126,,,2018-08-04 13:04:49.742506,0.484375,1.5268092155456543
3255,127,,,2018-08-04 13:04:50.669868,0.546875,1.341172456741333
3256,128,,,2018-08-04 13:04:51.579564,0.53125,1.161204218864441
3257,129,,,2018-08-04 13:04:52.478495,0.625,1.185697317123413
3258,130,,,2018-08-04 13:04:53.420046,0.59375,1.2156239748001099
3259,131,,,2018-08-04 13:04:54.393765,0.53125,1.2146433591842651
3260,132,,,2018-08-04 13:04:55.365366,0.53125,1.3447210788726807
3261,133,,,2018-08-04 13:04:56.427648,0.40625,2.056110382080078
3262,134,,,2018-08-04 13:04:57.362323,0.515625,1.2841137647628784
3263,135,,,2018-08-04 13:04:58.269880,0.515625,1.333808183670044
3264,136,,,2018-08-04 13:04:59.151396,0.53125,1.2274045944213867
3265,137,,,2018-08-04 13:05:00.045730,0.640625,1.2161442041397095
3266,138,,,2018-08-04 13:05:00.927903,0.46875,1.5320225954055786
3267,139,,,2018-08-04 13:05:01.834657,0.625,0.9480798840522766
3268,140,0.5387,1.295880913734436,2018-08-04 13:05:02.713225,0.625,1.29233980178833
3269,141,,,2018-08-04 13:05:46.454945,0.59375,1.1918104887008667
3270,142,,,2018-08-04 13:05:47.519918,0.671875,1.1324069499969482
3271,143,,,2018-08-04 13:05:48.525272,0.421875,1.6161463260650635
3272,144,,,2018-08-04 13:05:49.354877,0.5,1.2680822610855103
3273,145,,,2018-08-04 13:05:50.302926,0.578125,1.3550856113433838
3274,146,,,2018-08-04 13:05:51.244945,0.59375,1.2839107513427734
3275,147,,,2018-08-04 13:05:52.144899,0.484375,1.3914002180099487
3276,148,,,2018-08-04 13:05:53.056700,0.46875,1.5118939876556396
3277,149,,,2018-08-04 13:05:53.947852,0.5,1.3621485233306885
3278,150,,,2018-08-04 13:05:54.756859,0.453125,1.4509801864624023
3279,151,,,2018-08-04 13:05:55.630553,0.578125,1.117167353630066
3280,152,,,2018-08-04 13:05:56.498282,0.53125,1.3222006559371948
3281,153,,,2018-08-04 13:05:57.329322,0.453125,1.651439905166626
3282,154,,,2018-08-04 13:05:58.285789,0.359375,1.8593686819076538
3283,155,,,2018-08-04 13:05:59.165161,0.4375,1.592427372932434
3284,156,,,2018-08-04 13:06:00.015302,0.484375,1.281590461730957
3285,157,,,2018-08-04 13:06:00.946702,0.296875,1.7691677808761597
3286,158,,,2018-08-04 13:06:01.784447,0.453125,1.4130122661590576
3287,159,,,2018-08-04 13:06:02.672504,0.328125,1.587511420249939
3288,160,0.5226,1.3155206441879272,2018-08-04 13:06:03.676526,0.5,1.4603770971298218
3289,161,,,2018-08-04 13:06:55.732820,0.671875,1.0841902494430542
3290,162,,,2018-08-04 13:06:56.730878,0.5,1.3888744115829468
3291,163,,,2018-08-04 13:06:57.709732,0.46875,1.5912911891937256
3292,164,,,2018-08-04 13:06:58.570786,0.578125,1.2555022239685059
3293,165,,,2018-08-04 13:06:59.533005,0.53125,1.26923668384552
3294,166,,,2018-08-04 13:07:00.457348,0.59375,1.265267252922058
3295,167,,,2018-08-04 13:07:01.353710,0.578125,1.1138910055160522
3296,168,,,2018-08-04 13:07:02.206118,0.46875,1.438502550125122
3297,169,,,2018-08-04 13:07:03.108184,0.65625,1.1203999519348145
3298,170,,,2018-08-04 13:07:04.059248,0.46875,1.291509747505188
3299,171,,,2018-08-04 13:07:04.922751,0.578125,1.2480978965759277
3300,172,,,2018-08-04 13:07:05.711020,0.546875,1.1140519380569458
3301,173,,,2018-08-04 13:07:06.667504,0.296875,2.151759624481201
3302,174,,,2018-08-04 13:07:07.617160,0.390625,1.4935660362243652
3303,175,,,2018-08-04 13:07:08.538753,0.515625,1.4563785791397095
3304,176,,,2018-08-04 13:07:09.437270,0.5625,1.2893959283828735
3305,177,,,2018-08-04 13:07:10.291696,0.421875,1.5380165576934814
3306,178,,,2018-08-04 13:07:11.185942,0.359375,1.5909016132354736
3307,179,,,2018-08-04 13:07:12.071678,0.578125,1.317670226097107
3308,180,0.476,1.4092289209365845,2018-08-04 13:07:12.988111,0.40625,1.4760501384735107
3309,181,,,2018-08-04 13:08:04.679545,0.390625,1.3727574348449707
3310,182,,,2018-08-04 13:08:05.675185,0.5,1.2954267263412476
3311,183,,,2018-08-04 13:08:06.555280,0.484375,1.509833574295044
3312,184,,,2018-08-04 13:08:07.391737,0.53125,1.3387644290924072
3313,185,,,2018-08-04 13:08:08.325325,0.546875,1.226797103881836
3314,186,,,2018-08-04 13:08:09.297605,0.5,1.470877766609192
3315,187,,,2018-08-04 13:08:10.162336,0.484375,1.3284704685211182
3316,188,,,2018-08-04 13:08:11.081499,0.578125,1.260648488998413
3317,189,,,2018-08-04 13:08:12.006413,0.5625,1.1642847061157227
3318,190,,,2018-08-04 13:08:12.883080,0.546875,1.1841909885406494
3319,191,,,2018-08-04 13:08:13.787273,0.5625,1.248621940612793
3320,192,,,2018-08-04 13:08:14.684626,0.546875,1.139754056930542
3321,193,,,2018-08-04 13:08:15.585528,0.484375,1.664745569229126
3322,194,,,2018-08-04 13:08:16.487949,0.515625,1.4713642597198486
3323,195,,,2018-08-04 13:08:17.456211,0.5,1.4182382822036743
3324,196,,,2018-08-04 13:08:18.343593,0.546875,1.2727307081222534
3325,197,,,2018-08-04 13:08:19.198815,0.46875,1.4262721538543701
3326,198,,,2018-08-04 13:08:20.089758,0.53125,1.3144268989562988
3327,199,,,2018-08-04 13:08:21.037523,0.609375,1.1748167276382446
3328,200,0.534,1.2956318855285645,2018-08-04 13:08:21.964481,0.5625,1.3076584339141846
3329,201,,,2018-08-04 13:09:15.051046,0.578125,1.2618589401245117
3330,202,,,2018-08-04 13:09:15.978764,0.734375,1.1076302528381348
3331,203,,,2018-08-04 13:09:16.867906,0.421875,1.7951269149780273
3332,204,,,2018-08-04 13:09:17.844322,0.625,1.1618983745574951
3333,205,,,2018-08-04 13:09:18.758258,0.421875,1.4343842267990112
3334,206,,,2018-08-04 13:09:19.715209,0.515625,1.2708414793014526
3335,207,,,2018-08-04 13:09:20.661012,0.4375,1.4333997964859009
3336,208,,,2018-08-04 13:09:21.572531,0.484375,1.2439683675765991
3337,209,,,2018-08-04 13:09:22.429482,0.546875,1.2110692262649536
3338,210,,,2018-08-04 13:09:23.318842,0.53125,1.294407844543457
3339,211,,,2018-08-04 13:09:24.249135,0.484375,1.3953957557678223
3340,212,,,2018-08-04 13:09:25.097154,0.6875,1.2361748218536377
3341,213,,,2018-08-04 13:09:25.970624,0.46875,1.5763057470321655
3342,214,,,2018-08-04 13:09:26.844888,0.5625,1.0878087282180786
3343,215,,,2018-08-04 13:09:27.804334,0.53125,1.665990948677063
3344,216,,,2018-08-04 13:09:28.767572,0.5,1.3226268291473389
3345,217,,,2018-08-04 13:09:29.677399,0.65625,1.1464790105819702
3346,218,,,2018-08-04 13:09:30.624032,0.59375,1.182712197303772
3347,219,,,2018-08-04 13:09:31.579593,0.5625,1.0947058200836182
3348,220,0.5345,1.291062831878662,2018-08-04 13:09:32.507209,0.609375,1.229951024055481
3349,221,,,2018-08-04 13:10:24.097624,0.5,1.3792601823806763
3350,222,,,2018-08-04 13:10:24.974348,0.53125,1.1479918956756592
3351,223,,,2018-08-04 13:10:26.005567,0.53125,1.3881089687347412
3352,224,,,2018-08-04 13:10:27.093741,0.609375,1.2050890922546387
3353,225,,,2018-08-04 13:10:28.066761,0.578125,1.247266411781311
3354,226,,,2018-08-04 13:10:28.965822,0.625,1.2793407440185547
3355,227,,,2018-08-04 13:10:29.851249,0.625,1.1314351558685303
3356,228,,,2018-08-04 13:10:30.710797,0.546875,1.2713825702667236
3357,229,,,2018-08-04 13:10:31.720792,0.5,1.2759298086166382
3358,230,,,2018-08-04 13:10:32.624283,0.40625,1.5267300605773926
3359,231,,,2018-08-04 13:10:33.532560,0.625,1.1175988912582397
3360,232,,,2018-08-04 13:10:34.417440,0.625,0.9810914397239685
3361,233,,,2018-08-04 13:10:35.395886,0.296875,1.8894864320755005
3362,234,,,2018-08-04 13:10:36.298226,0.390625,1.7058348655700684
3363,235,,,2018-08-04 13:10:37.307498,0.515625,1.3657857179641724
3364,236,,,2018-08-04 13:10:38.318326,0.640625,1.1521042585372925
3365,237,,,2018-08-04 13:10:39.256387,0.5625,1.2483923435211182
3366,238,,,2018-08-04 13:10:40.138904,0.5625,1.1976392269134521
3367,239,,,2018-08-04 13:10:41.067781,0.5,1.3068921566009521
3368,240,0.5132,1.3421694040298462,2018-08-04 13:10:42.011070,0.609375,1.20088791847229
3369,241,,,2018-08-04 13:11:35.872149,0.703125,1.118809700012207
3370,242,,,2018-08-04 13:11:36.848524,0.5625,1.179105281829834
3371,243,,,2018-08-04 13:11:37.737612,0.546875,1.1413211822509766
3372,244,,,2018-08-04 13:11:38.682461,0.484375,1.3113305568695068
3373,245,,,2018-08-04 13:11:39.578032,0.5,1.458248496055603
3374,246,,,2018-08-04 13:11:40.480299,0.5625,1.3546463251113892
3375,247,,,2018-08-04 13:11:41.411060,0.65625,1.093993902206421
3376,248,,,2018-08-04 13:11:42.307681,0.46875,1.3393852710723877
3377,249,,,2018-08-04 13:11:43.221811,0.59375,1.1677812337875366
3378,250,,,2018-08-04 13:11:44.120990,0.609375,1.0597784519195557
3379,251,,,2018-08-04 13:11:45.016236,0.53125,1.279242753982544
3380,252,,,2018-08-04 13:11:45.917269,0.546875,1.1744623184204102
3381,253,,,2018-08-04 13:11:46.800638,0.359375,1.9489588737487793
3382,254,,,2018-08-04 13:11:47.706443,0.59375,1.2641334533691406
3383,255,,,2018-08-04 13:11:48.634867,0.46875,1.4821608066558838
3384,256,,,2018-08-04 13:11:49.593602,0.484375,1.4405474662780762
3385,257,,,2018-08-04 13:11:50.502821,0.578125,1.2633020877838135
3386,258,,,2018-08-04 13:11:51.499530,0.578125,1.1450691223144531
3387,259,,,2018-08-04 13:11:52.522576,0.59375,1.0390154123306274
3388,260,0.5579,1.2585903406143188,2018-08-04 13:11:53.411698,0.484375,1.3389015197753906
3389,261,,,2018-08-04 13:12:45.920395,0.6875,1.100196123123169
3390,262,,,2018-08-04 13:12:46.851296,0.515625,1.4073736667633057
3391,263,,,2018-08-04 13:12:47.790185,0.484375,1.3924286365509033
3392,264,,,2018-08-04 13:12:48.718734,0.46875,1.287877082824707
3393,265,,,2018-08-04 13:12:49.636555,0.484375,1.3507509231567383
3394,266,,,2018-08-04 13:12:50.579653,0.59375,1.2457917928695679
3395,267,,,2018-08-04 13:12:51.537673,0.484375,1.3085973262786865
3396,268,,,2018-08-04 13:12:52.441462,0.5,1.2814381122589111
3397,269,,,2018-08-04 13:12:53.324699,0.59375,1.1895285844802856
3398,270,,,2018-08-04 13:12:54.276497,0.53125,1.2370355129241943
3399,271,,,2018-08-04 13:12:55.142593,0.625,1.1626077890396118
3400,272,,,2018-08-04 13:12:56.072170,0.671875,1.0714843273162842
3401,273,,,2018-08-04 13:12:56.984381,0.40625,2.0653209686279297
3402,274,,,2018-08-04 13:12:57.879061,0.328125,1.7414356470108032
3403,275,,,2018-08-04 13:12:58.801451,0.5625,1.3112530708312988
3404,276,,,2018-08-04 13:12:59.709405,0.5,1.241315484046936
3405,277,,,2018-08-04 13:13:00.569392,0.53125,1.1673060655593872
3406,278,,,2018-08-04 13:13:01.551772,0.453125,1.3479520082473755
3407,279,,,2018-08-04 13:13:02.477856,0.578125,1.2719181776046753
3408,280,0.5454,1.2746562957763672,2018-08-04 13:13:03.400509,0.625,1.1481667757034302
3409,281,,,2018-08-04 13:13:55.077806,0.515625,1.259634017944336
3410,282,,,2018-08-04 13:13:56.040894,0.609375,1.0491347312927246
3411,283,,,2018-08-04 13:13:56.988702,0.5,1.5359832048416138
3412,284,,,2018-08-04 13:13:57.928161,0.484375,1.409035086631775
3413,285,,,2018-08-04 13:13:58.813856,0.484375,1.3924411535263062
3414,286,,,2018-08-04 13:13:59.713639,0.5625,1.3782165050506592
3415,287,,,2018-08-04 13:14:00.607826,0.421875,1.3938114643096924
3416,288,,,2018-08-04 13:14:01.540726,0.546875,1.2367528676986694
3417,289,,,2018-08-04 13:14:02.402899,0.53125,1.287854552268982
3418,290,,,2018-08-04 13:14:03.308876,0.59375,1.3427293300628662
3419,291,,,2018-08-04 13:14:04.239676,0.46875,1.4208697080612183
3420,292,,,2018-08-04 13:14:05.120107,0.5,1.4411423206329346
3421,293,,,2018-08-04 13:14:06.029816,0.375,1.9315764904022217
3422,294,,,2018-08-04 13:14:06.954291,0.359375,1.6196874380111694
3423,295,,,2018-08-04 13:14:07.848030,0.484375,1.548304557800293
3424,296,,,2018-08-04 13:14:08.718312,0.40625,1.564555287361145
3425,297,,,2018-08-04 13:14:09.591262,0.4375,1.4177968502044678
3426,298,,,2018-08-04 13:14:10.470153,0.5,1.5010122060775757
3427,299,,,2018-08-04 13:14:11.323170,0.46875,1.3664065599441528
3428,300,0.5109,1.3575977087020874,2018-08-04 13:14:12.223315,0.59375,1.1575409173965454
3429,301,,,2018-08-04 13:15:00.085761,0.546875,1.3215880393981934
3430,302,,,2018-08-04 13:15:00.985402,0.515625,1.256600022315979
3431,303,,,2018-08-04 13:15:02.036011,0.578125,1.530025601387024
3432,304,,,2018-08-04 13:15:03.048360,0.5,1.5010536909103394
3433,305,,,2018-08-04 13:15:03.986037,0.515625,1.3250246047973633
3434,306,,,2018-08-04 13:15:04.851102,0.515625,1.3245986700057983
3435,307,,,2018-08-04 13:15:05.733582,0.421875,1.4390814304351807
3436,308,,,2018-08-04 13:15:06.628230,0.5,1.343885064125061
3437,309,,,2018-08-04 13:15:07.539541,0.53125,1.328478217124939
3438,310,,,2018-08-04 13:15:08.466186,0.546875,1.5486969947814941
3439,311,,,2018-08-04 13:15:09.354856,0.640625,1.0181362628936768
3440,312,,,2018-08-04 13:15:10.268194,0.671875,1.0273523330688477
3441,313,,,2018-08-04 13:15:11.134761,0.328125,2.4273884296417236
3442,314,,,2018-08-04 13:15:12.057821,0.390625,1.715905785560608
3443,315,,,2018-08-04 13:15:12.939976,0.515625,1.3489644527435303
3444,316,,,2018-08-04 13:15:13.824505,0.5,1.4859161376953125
3445,317,,,2018-08-04 13:15:14.731387,0.453125,1.4405481815338135
3446,318,,,2018-08-04 13:15:15.595930,0.4375,1.556334137916565
3447,319,,,2018-08-04 13:15:16.522710,0.515625,1.351876139640808
3448,320,0.5019,1.364518404006958,2018-08-04 13:15:17.406788,0.625,1.224064826965332
3449,321,,,2018-08-04 13:16:07.527292,0.5,1.4485867023468018
3450,322,,,2018-08-04 13:16:08.480020,0.578125,1.2859736680984497
3451,323,,,2018-08-04 13:16:09.437102,0.578125,1.2938878536224365
3452,324,,,2018-08-04 13:16:10.241891,0.5,1.4352619647979736
3453,325,,,2018-08-04 13:16:11.137211,0.578125,1.1784194707870483
3454,326,,,2018-08-04 13:16:12.073188,0.453125,1.4581711292266846
3455,327,,,2018-08-04 13:16:12.947270,0.546875,1.192578673362732
3456,328,,,2018-08-04 13:16:13.886413,0.609375,1.1558561325073242
3457,329,,,2018-08-04 13:16:14.766036,0.625,1.0575588941574097
3458,330,,,2018-08-04 13:16:15.671385,0.453125,1.365598201751709
3459,331,,,2018-08-04 13:16:16.584684,0.609375,1.2669272422790527
3460,332,,,2018-08-04 13:16:17.523856,0.5,1.2454984188079834
3461,333,,,2018-08-04 13:16:18.373813,0.375,1.5066781044006348
3462,334,,,2018-08-04 13:16:19.256274,0.4375,1.4194105863571167
3463,335,,,2018-08-04 13:16:20.159120,0.375,1.537469744682312
3464,336,,,2018-08-04 13:16:21.079510,0.4375,1.4953563213348389
3465,337,,,2018-08-04 13:16:21.967071,0.359375,1.6454932689666748
3466,338,,,2018-08-04 13:16:22.906341,0.375,1.563875675201416
3467,339,,,2018-08-04 13:16:23.810643,0.515625,1.2989152669906616
3468,340,0.4926,1.3760188817977905,2018-08-04 13:16:24.775274,0.578125,1.2329533100128174
3469,341,,,2018-08-04 13:17:12.701213,0.453125,1.2715736627578735
3470,342,,,2018-08-04 13:17:13.567424,0.609375,1.193838357925415
3471,343,,,2018-08-04 13:17:14.500895,0.34375,1.7192012071609497
3472,344,,,2018-08-04 13:17:15.352883,0.5,1.442563772201538
3473,345,,,2018-08-04 13:17:16.218555,0.5,1.368960976600647
3474,346,,,2018-08-04 13:17:17.104816,0.5625,1.2976027727127075
3475,347,,,2018-08-04 13:17:17.979149,0.5,1.4565938711166382
3476,348,,,2018-08-04 13:17:18.882196,0.609375,1.1359295845031738
3477,349,,,2018-08-04 13:17:19.772876,0.53125,1.257725715637207
3478,350,,,2018-08-04 13:17:20.573081,0.53125,1.284348964691162
3479,351,,,2018-08-04 13:17:21.453934,0.609375,1.13917875289917
3480,352,,,2018-08-04 13:17:22.359739,0.546875,1.1630775928497314
3481,353,,,2018-08-04 13:17:23.374036,0.53125,1.631140112876892
3482,354,,,2018-08-04 13:17:24.293322,0.484375,1.2739970684051514
3483,355,,,2018-08-04 13:17:25.174777,0.546875,1.0822945833206177
3484,356,,,2018-08-04 13:17:26.109026,0.546875,1.1645702123641968
3485,357,,,2018-08-04 13:17:26.999321,0.5625,1.174250602722168
3486,358,,,2018-08-04 13:17:27.900885,0.609375,1.1563578844070435
3487,359,,,2018-08-04 13:17:28.770735,0.46875,1.4624836444854736
3488,360,0.5504,1.2620632648468018,2018-08-04 13:17:29.716370,0.53125,1.151229739189148
3489,361,,,2018-08-04 13:18:21.034882,0.53125,1.3160176277160645
3490,362,,,2018-08-04 13:18:21.920616,0.578125,1.0713213682174683
3491,363,,,2018-08-04 13:18:22.846986,0.453125,1.4777432680130005
3492,364,,,2018-08-04 13:18:23.750783,0.546875,1.3335667848587036
3493,365,,,2018-08-04 13:18:24.704066,0.53125,1.2765052318572998
3494,366,,,2018-08-04 13:18:25.643398,0.625,1.1096532344818115
3495,367,,,2018-08-04 13:18:26.666440,0.53125,1.1907601356506348
3496,368,,,2018-08-04 13:18:27.637075,0.5,1.0920100212097168
3497,369,,,2018-08-04 13:18:28.565266,0.484375,1.5544559955596924
3498,370,,,2018-08-04 13:18:29.486209,0.53125,1.2813003063201904
3499,371,,,2018-08-04 13:18:30.354738,0.640625,1.1546741724014282
3500,372,,,2018-08-04 13:18:31.262814,0.5625,1.1247162818908691
3501,373,,,2018-08-04 13:18:32.299755,0.40625,2.073164224624634
3502,374,,,2018-08-04 13:18:33.230382,0.296875,2.031097650527954
3503,375,,,2018-08-04 13:18:34.126703,0.546875,1.2869082689285278
3504,376,,,2018-08-04 13:18:35.101891,0.484375,1.3082207441329956
3505,377,,,2018-08-04 13:18:36.075441,0.5625,1.1355936527252197
3506,378,,,2018-08-04 13:18:37.050129,0.515625,1.474761962890625
3507,379,,,2018-08-04 13:18:37.915930,0.5625,1.3618754148483276
3508,380,0.5356,1.3029463291168213,2018-08-04 13:18:38.805504,0.5,1.4563701152801514
3509,381,,,2018-08-04 13:19:31.835241,0.609375,1.1656135320663452
3510,382,,,2018-08-04 13:19:32.757396,0.53125,1.214606523513794
3511,383,,,2018-08-04 13:19:33.721423,0.578125,1.4270353317260742
3512,384,,,2018-08-04 13:19:34.660400,0.484375,1.4325937032699585
3513,385,,,2018-08-04 13:19:35.550825,0.515625,1.291202425956726
3514,386,,,2018-08-04 13:19:36.460008,0.5,1.3148939609527588
3515,387,,,2018-08-04 13:19:37.311203,0.6875,1.1031219959259033
3516,388,,,2018-08-04 13:19:38.097804,0.46875,1.192604899406433
3517,389,,,2018-08-04 13:19:39.028021,0.59375,1.079039454460144
3518,390,,,2018-08-04 13:19:39.850624,0.59375,1.261107325553894
3519,391,,,2018-08-04 13:19:40.688916,0.5625,1.141351580619812
3520,392,,,2018-08-04 13:19:41.604872,0.546875,1.1358202695846558
3521,393,,,2018-08-04 13:19:42.475304,0.453125,1.6535028219223022
3522,394,,,2018-08-04 13:19:43.367616,0.375,1.7214503288269043
3523,395,,,2018-08-04 13:19:44.229634,0.484375,1.2085201740264893
3524,396,,,2018-08-04 13:19:45.146112,0.609375,1.203423023223877
3525,397,,,2018-08-04 13:19:46.079589,0.59375,1.263640284538269
3526,398,,,2018-08-04 13:19:46.995900,0.4375,1.5418980121612549
3527,399,,,2018-08-04 13:19:47.913590,0.5625,1.279138445854187
3528,400,0.5363,1.302228331565857,2018-08-04 13:19:48.817701,0.484375,1.3943960666656494
3529,401,,,2018-08-04 13:20:38.885095,0.59375,1.1818209886550903
3530,402,,,2018-08-04 13:20:39.836061,0.6875,1.0421113967895508
3531,403,,,2018-08-04 13:20:40.808300,0.546875,1.3303650617599487
3532,404,,,2018-08-04 13:20:41.824447,0.4375,1.5452160835266113
3533,405,,,2018-08-04 13:20:42.843699,0.53125,1.232198715209961
3534,406,,,2018-08-04 13:20:43.788731,0.515625,1.212324857711792
3535,407,,,2018-08-04 13:20:44.654075,0.625,1.1713818311691284
3536,408,,,2018-08-04 13:20:45.479593,0.65625,1.023030400276184
3537,409,,,2018-08-04 13:20:46.517039,0.46875,1.389577865600586
3538,410,,,2018-08-04 13:20:47.556781,0.59375,1.2831432819366455
3539,411,,,2018-08-04 13:20:48.528251,0.5,1.2011432647705078
3540,412,,,2018-08-04 13:20:49.480256,0.671875,1.0799537897109985
3541,413,,,2018-08-04 13:20:50.412634,0.453125,1.6058675050735474
3542,414,,,2018-08-04 13:20:51.474112,0.4375,1.5344175100326538
3543,415,,,2018-08-04 13:20:52.412836,0.59375,1.1950091123580933
3544,416,,,2018-08-04 13:20:53.359726,0.5,1.3224951028823853
3545,417,,,2018-08-04 13:20:54.359230,0.59375,1.173171877861023
3546,418,,,2018-08-04 13:20:55.299110,0.625,1.1596872806549072
3547,419,,,2018-08-04 13:20:56.250229,0.703125,1.1086571216583252
3548,420,0.5398,1.2973977327346802,2018-08-04 13:20:57.156827,0.625,1.2071326971054077
3549,421,,,2018-08-04 13:21:48.689878,0.5625,1.3748369216918945
3550,422,,,2018-08-04 13:21:49.677241,0.53125,1.2693668603897095
3551,423,,,2018-08-04 13:21:50.584111,0.5625,1.1077955961227417
3552,424,,,2018-08-04 13:21:51.550954,0.421875,1.6316670179367065
3553,425,,,2018-08-04 13:21:52.572833,0.421875,1.454789400100708
3554,426,,,2018-08-04 13:21:53.514846,0.515625,1.265281319618225
3555,427,,,2018-08-04 13:21:54.473900,0.515625,1.4032230377197266
3556,428,,,2018-08-04 13:21:55.358738,0.53125,1.320320725440979
3557,429,,,2018-08-04 13:21:56.270088,0.59375,1.294400930404663
3558,430,,,2018-08-04 13:21:57.140439,0.59375,1.1853841543197632
3559,431,,,2018-08-04 13:21:58.019280,0.4375,1.3789728879928589
3560,432,,,2018-08-04 13:21:58.958898,0.59375,1.1007969379425049
3561,433,,,2018-08-04 13:21:59.955599,0.390625,1.815859079360962
3562,434,,,2018-08-04 13:22:00.867703,0.5,1.476519227027893
3563,435,,,2018-08-04 13:22:01.751146,0.453125,1.484570860862732
3564,436,,,2018-08-04 13:22:02.652692,0.515625,1.3063690662384033
3565,437,,,2018-08-04 13:22:03.606464,0.578125,1.2680267095565796
3566,438,,,2018-08-04 13:22:04.551865,0.46875,1.3726435899734497
3567,439,,,2018-08-04 13:22:05.378533,0.53125,1.3577184677124023
3568,440,0.5308,1.3163859844207764,2018-08-04 13:22:06.227332,0.65625,0.9803484678268433
3569,441,,,2018-08-04 13:22:58.064694,0.578125,1.393735408782959
3570,442,,,2018-08-04 13:22:58.991304,0.578125,1.2170623540878296
3571,443,,,2018-08-04 13:22:59.835390,0.484375,1.4448599815368652
3572,444,,,2018-08-04 13:23:00.702316,0.640625,1.1579374074935913
3573,445,,,2018-08-04 13:23:01.630006,0.515625,1.2761564254760742
3574,446,,,2018-08-04 13:23:02.530881,0.53125,1.4330699443817139
3575,447,,,2018-08-04 13:23:03.346917,0.5,1.254106879234314
3576,448,,,2018-08-04 13:23:04.336027,0.546875,1.3202852010726929
3577,449,,,2018-08-04 13:23:05.373233,0.578125,1.155342936515808
3578,450,,,2018-08-04 13:23:06.435213,0.59375,1.3118377923965454
3579,451,,,2018-08-04 13:23:07.396591,0.5625,1.126495122909546
3580,452,,,2018-08-04 13:23:08.424381,0.5625,1.2440340518951416
3581,453,,,2018-08-04 13:23:09.377021,0.3125,2.252095937728882
3582,454,,,2018-08-04 13:23:10.383883,0.4375,1.455754280090332
3583,455,,,2018-08-04 13:23:11.349125,0.546875,1.2761900424957275
3584,456,,,2018-08-04 13:23:12.280316,0.53125,1.4034467935562134
3585,457,,,2018-08-04 13:23:13.225357,0.609375,1.1428850889205933
3586,458,,,2018-08-04 13:23:14.102689,0.625,1.1881545782089233
3587,459,,,2018-08-04 13:23:15.083705,0.5,1.425085425376892
3588,460,0.5492,1.2906054258346558,2018-08-04 13:23:15.985754,0.71875,0.9037060737609863
3589,461,,,2018-08-04 13:24:03.932127,0.546875,1.4933109283447266
3590,462,,,2018-08-04 13:24:04.852493,0.5625,1.2082695960998535
3591,463,,,2018-08-04 13:24:05.736799,0.46875,1.5148260593414307
3592,464,,,2018-08-04 13:24:06.587129,0.4375,1.651448369026184
3593,465,,,2018-08-04 13:24:07.447045,0.515625,1.364601492881775
3594,466,,,2018-08-04 13:24:08.428370,0.5625,1.2388873100280762
3595,467,,,2018-08-04 13:24:09.401205,0.5625,1.1047841310501099
3596,468,,,2018-08-04 13:24:10.308209,0.546875,1.3663946390151978
3597,469,,,2018-08-04 13:24:11.170496,0.609375,1.1977574825286865
3598,470,,,2018-08-04 13:24:12.086155,0.640625,1.125833511352539
3599,471,,,2018-08-04 13:24:13.010142,0.5625,1.223761796951294
3600,472,,,2018-08-04 13:24:13.940548,0.484375,1.3369044065475464
3601,473,,,2018-08-04 13:24:14.817885,0.4375,1.7865715026855469
3602,474,,,2018-08-04 13:24:15.679706,0.40625,1.5836507081985474
3603,475,,,2018-08-04 13:24:16.574590,0.546875,1.4829939603805542
3604,476,,,2018-08-04 13:24:17.435647,0.625,1.04618501663208
3605,477,,,2018-08-04 13:24:18.390673,0.578125,1.2532957792282104
3606,478,,,2018-08-04 13:24:19.247744,0.5,1.3973796367645264
3607,479,,,2018-08-04 13:24:20.210624,0.484375,1.3915159702301025
3608,480,0.5447,1.2851347923278809,2018-08-04 13:24:21.147934,0.578125,1.3964186906814575
3609,481,,,2018-08-04 13:25:13.591394,0.59375,1.1332600116729736
3610,482,,,2018-08-04 13:25:14.600135,0.515625,1.327797532081604
3611,483,,,2018-08-04 13:25:15.577654,0.359375,1.7499167919158936
3612,484,,,2018-08-04 13:25:16.616854,0.484375,1.4134941101074219
3613,485,,,2018-08-04 13:25:17.560895,0.453125,1.416093349456787
3614,486,,,2018-08-04 13:25:18.486657,0.515625,1.473960280418396
3615,487,,,2018-08-04 13:25:19.498875,0.515625,1.3237411975860596
3616,488,,,2018-08-04 13:25:20.404852,0.46875,1.2833914756774902
3617,489,,,2018-08-04 13:25:21.280799,0.59375,1.159944772720337
3618,490,,,2018-08-04 13:25:22.173658,0.546875,1.2828205823898315
3619,491,,,2018-08-04 13:25:23.095738,0.65625,0.9825480580329895
3620,492,,,2018-08-04 13:25:24.029541,0.546875,1.2760788202285767
3621,493,,,2018-08-04 13:25:24.921082,0.375,1.7619794607162476
3622,494,,,2018-08-04 13:25:25.827257,0.453125,1.5357975959777832
3623,495,,,2018-08-04 13:25:26.647025,0.453125,1.5217632055282593
3624,496,,,2018-08-04 13:25:27.471280,0.515625,1.4561611413955688
3625,497,,,2018-08-04 13:25:28.373100,0.421875,1.564922571182251
3626,498,,,2018-08-04 13:25:29.343342,0.421875,1.5214248895645142
3627,499,,,2018-08-04 13:25:30.250334,0.484375,1.2768820524215698
3628,500,0.5081,1.348644733428955,2018-08-04 13:25:31.201104,0.46875,1.419927954673767
3629,501,,,2018-08-04 13:26:20.602544,0.625,1.0636088848114014
3630,502,,,2018-08-04 13:26:21.449271,0.4375,1.5073717832565308
3631,503,,,2018-08-04 13:26:22.261513,0.53125,1.3736504316329956
3632,504,,,2018-08-04 13:26:23.146290,0.46875,1.247323989868164
3633,505,,,2018-08-04 13:26:24.040285,0.5625,1.1955153942108154
3634,506,,,2018-08-04 13:26:24.999404,0.53125,1.3136792182922363
3635,507,,,2018-08-04 13:26:25.981000,0.578125,1.1306123733520508
3636,508,,,2018-08-04 13:26:26.924883,0.515625,1.20741605758667
3637,509,,,2018-08-04 13:26:27.838176,0.53125,1.1974048614501953
3638,510,,,2018-08-04 13:26:28.718965,0.578125,1.0147624015808105
3639,511,,,2018-08-04 13:26:29.634289,0.640625,1.0469471216201782
3640,512,,,2018-08-04 13:26:30.501779,0.59375,1.34463369846344
3641,513,,,2018-08-04 13:26:31.374845,0.328125,1.9809881448745728
3642,514,,,2018-08-04 13:26:32.348718,0.421875,1.6961545944213867
3643,515,,,2018-08-04 13:26:33.240942,0.484375,1.2493380308151245
3644,516,,,2018-08-04 13:26:34.156724,0.40625,1.5475735664367676
3645,517,,,2018-08-04 13:26:35.109393,0.640625,1.2437455654144287
3646,518,,,2018-08-04 13:26:35.961286,0.53125,1.4040461778640747
3647,519,,,2018-08-04 13:26:36.900938,0.671875,1.0807386636734009
3648,520,0.5233,1.3491958379745483,2018-08-04 13:26:37.911160,0.40625,1.3434667587280273
3649,521,,,2018-08-04 13:27:30.670429,0.375,1.7517216205596924
3650,522,,,2018-08-04 13:27:31.603301,0.484375,1.273161768913269
3651,523,,,2018-08-04 13:27:32.630367,0.40625,1.850472331047058
3652,524,,,2018-08-04 13:27:33.610868,0.46875,1.352701187133789
3653,525,,,2018-08-04 13:27:34.521020,0.5625,1.153950572013855
3654,526,,,2018-08-04 13:27:35.438030,0.484375,1.2973897457122803
3655,527,,,2018-08-04 13:27:36.343751,0.515625,1.3094955682754517
3656,528,,,2018-08-04 13:27:37.258978,0.5625,1.145545244216919
3657,529,,,2018-08-04 13:27:38.193601,0.578125,1.1864510774612427
3658,530,,,2018-08-04 13:27:39.162611,0.71875,0.9963156580924988
3659,531,,,2018-08-04 13:27:40.143925,0.6875,1.044110894203186
3660,532,,,2018-08-04 13:27:41.061877,0.578125,1.2352195978164673
3661,533,,,2018-08-04 13:27:41.960265,0.46875,1.5966302156448364
3662,534,,,2018-08-04 13:27:42.871511,0.328125,1.792178750038147
3663,535,,,2018-08-04 13:27:43.791778,0.40625,1.633829951286316
3664,536,,,2018-08-04 13:27:44.739589,0.484375,1.284775972366333
3665,537,,,2018-08-04 13:27:45.570095,0.40625,1.562637448310852
3666,538,,,2018-08-04 13:27:46.438260,0.421875,1.4712462425231934
3667,539,,,2018-08-04 13:27:47.440517,0.625,1.1544694900512695
3668,540,0.5292,1.3344779014587402,2018-08-04 13:27:48.412897,0.5,1.396020770072937
3669,541,,,2018-08-04 13:28:39.154156,0.53125,1.200688123703003
3670,542,,,2018-08-04 13:28:40.140991,0.546875,1.127194881439209
3671,543,,,2018-08-04 13:28:40.955315,0.484375,1.7207001447677612
3672,544,,,2018-08-04 13:28:41.838946,0.515625,1.5555554628372192
3673,545,,,2018-08-04 13:28:42.704111,0.421875,1.536054015159607
3674,546,,,2018-08-04 13:28:43.578780,0.515625,1.3350175619125366
3675,547,,,2018-08-04 13:28:44.524329,0.359375,1.4974615573883057
3676,548,,,2018-08-04 13:28:45.490748,0.46875,1.339829921722412
3677,549,,,2018-08-04 13:28:46.391376,0.5,1.3166297674179077
3678,550,,,2018-08-04 13:28:47.264055,0.484375,1.3766717910766602
3679,551,,,2018-08-04 13:28:48.164527,0.5625,1.3114657402038574
3680,552,,,2018-08-04 13:28:48.973138,0.515625,1.2791398763656616
3681,553,,,2018-08-04 13:28:49.872465,0.515625,1.484047532081604
3682,554,,,2018-08-04 13:28:50.725129,0.515625,1.5684198141098022
3683,555,,,2018-08-04 13:28:51.589199,0.375,1.578393816947937
3684,556,,,2018-08-04 13:28:52.467441,0.515625,1.3211582899093628
3685,557,,,2018-08-04 13:28:53.333183,0.578125,1.2829822301864624
3686,558,,,2018-08-04 13:28:54.229543,0.5,1.3209282159805298
3687,559,,,2018-08-04 13:28:55.048132,0.640625,1.08467435836792
3688,560,0.5513,1.2840465307235718,2018-08-04 13:28:55.880849,0.515625,1.3038731813430786
3689,561,,,2018-08-04 13:29:43.391172,0.59375,1.2145936489105225
3690,562,,,2018-08-04 13:29:44.251228,0.609375,1.2712080478668213
3691,563,,,2018-08-04 13:29:45.145449,0.484375,1.394986867904663
3692,564,,,2018-08-04 13:29:46.016154,0.578125,1.343126654624939
3693,565,,,2018-08-04 13:29:46.983210,0.546875,1.4208035469055176
3694,566,,,2018-08-04 13:29:47.850116,0.5625,1.2401604652404785
3695,567,,,2018-08-04 13:29:48.777722,0.53125,1.2864848375320435
3696,568,,,2018-08-04 13:29:49.673552,0.53125,1.3395854234695435
3697,569,,,2018-08-04 13:29:50.551594,0.625,1.1301652193069458
3698,570,,,2018-08-04 13:29:51.494780,0.546875,1.2934150695800781
3699,571,,,2018-08-04 13:29:52.456769,0.640625,1.1431843042373657
3700,572,,,2018-08-04 13:29:53.430095,0.59375,1.1576756238937378
3701,573,,,2018-08-04 13:29:54.331691,0.46875,1.3682235479354858
3702,574,,,2018-08-04 13:29:55.317888,0.453125,1.735629677772522
3703,575,,,2018-08-04 13:29:56.278172,0.390625,1.6521121263504028
3704,576,,,2018-08-04 13:29:57.222203,0.484375,1.5773826837539673
3705,577,,,2018-08-04 13:29:58.155257,0.484375,1.2981901168823242
3706,578,,,2018-08-04 13:29:59.037198,0.59375,1.3021299839019775
3707,579,,,2018-08-04 13:29:59.939940,0.484375,1.4141960144042969
3708,580,0.5306,1.317579746246338,2018-08-04 13:30:00.818087,0.609375,1.3446886539459229
3709,581,,,2018-08-04 13:30:49.740597,0.5625,1.283557415008545
3710,582,,,2018-08-04 13:30:50.600960,0.53125,1.4084869623184204
3711,583,,,2018-08-04 13:30:51.492332,0.359375,1.8391146659851074
3712,584,,,2018-08-04 13:30:52.356605,0.53125,1.3307234048843384
3713,585,,,2018-08-04 13:30:53.315080,0.5625,1.2188221216201782
3714,586,,,2018-08-04 13:30:54.244707,0.515625,1.4349677562713623
3715,587,,,2018-08-04 13:30:55.195089,0.484375,1.3599035739898682
3716,588,,,2018-08-04 13:30:56.144258,0.640625,1.036600947380066
3717,589,,,2018-08-04 13:30:57.058720,0.59375,1.01682448387146
3718,590,,,2018-08-04 13:30:57.977524,0.515625,1.3478723764419556
3719,591,,,2018-08-04 13:30:58.959408,0.484375,1.39431631565094
3720,592,,,2018-08-04 13:30:59.957995,0.5625,1.250605583190918
3721,593,,,2018-08-04 13:31:00.865906,0.46875,1.630045771598816
3722,594,,,2018-08-04 13:31:01.734661,0.515625,1.5062880516052246
3723,595,,,2018-08-04 13:31:02.685514,0.609375,1.147491216659546
3724,596,,,2018-08-04 13:31:03.713968,0.515625,1.3592331409454346
3725,597,,,2018-08-04 13:31:04.610392,0.453125,1.4141814708709717
3726,598,,,2018-08-04 13:31:05.619078,0.609375,1.0702799558639526
3727,599,,,2018-08-04 13:31:06.589656,0.484375,1.2977256774902344
3728,600,0.538,1.3157583475112915,2018-08-04 13:31:07.461938,0.484375,1.3310112953186035
3729,601,,,2018-08-04 13:31:59.761306,0.578125,1.356675624847412
3730,602,,,2018-08-04 13:32:00.735529,0.546875,1.1720123291015625
3731,603,,,2018-08-04 13:32:01.752170,0.46875,1.3857775926589966
3732,604,,,2018-08-04 13:32:02.663317,0.609375,1.0685995817184448
3733,605,,,2018-08-04 13:32:03.575453,0.640625,1.169584035873413
3734,606,,,2018-08-04 13:32:04.418714,0.515625,1.2197250127792358
3735,607,,,2018-08-04 13:32:05.286684,0.546875,1.292379379272461
3736,608,,,2018-08-04 13:32:06.133094,0.421875,1.4301618337631226
3737,609,,,2018-08-04 13:32:07.023514,0.53125,1.2491966485977173
3738,610,,,2018-08-04 13:32:07.912210,0.578125,1.258186936378479
3739,611,,,2018-08-04 13:32:08.926408,0.453125,1.4565701484680176
3740,612,,,2018-08-04 13:32:09.958414,0.515625,1.2445532083511353
3741,613,,,2018-08-04 13:32:10.915197,0.46875,1.478333592414856
3742,614,,,2018-08-04 13:32:11.806698,0.421875,1.4466663599014282
3743,615,,,2018-08-04 13:32:12.685292,0.5,1.4851460456848145
3744,616,,,2018-08-04 13:32:13.556651,0.53125,1.2737480401992798
3745,617,,,2018-08-04 13:32:14.391048,0.546875,1.2010802030563354
3746,618,,,2018-08-04 13:32:15.306139,0.484375,1.5671322345733643
3747,619,,,2018-08-04 13:32:16.167411,0.53125,1.4271857738494873
3748,620,0.5282,1.3078612089157104,2018-08-04 13:32:17.141787,0.4375,1.4032347202301025
3749,621,,,2018-08-04 13:33:06.810915,0.515625,1.2967545986175537
3750,622,,,2018-08-04 13:33:07.757412,0.65625,1.1497414112091064
3751,623,,,2018-08-04 13:33:08.698975,0.453125,1.568737506866455
3752,624,,,2018-08-04 13:33:09.682283,0.4375,1.525669813156128
3753,625,,,2018-08-04 13:33:10.622021,0.5625,1.2641221284866333
3754,626,,,2018-08-04 13:33:11.591850,0.53125,1.35612952709198
3755,627,,,2018-08-04 13:33:12.476655,0.484375,1.4612571001052856
3756,628,,,2018-08-04 13:33:13.432270,0.53125,1.3260983228683472
3757,629,,,2018-08-04 13:33:14.348586,0.5,1.2600815296173096
3758,630,,,2018-08-04 13:33:15.360757,0.46875,1.262258768081665
3759,631,,,2018-08-04 13:33:16.296088,0.515625,1.2743680477142334
3760,632,,,2018-08-04 13:33:17.259959,0.609375,1.161914348602295
3761,633,,,2018-08-04 13:33:18.179331,0.484375,1.483462929725647
3762,634,,,2018-08-04 13:33:19.076016,0.453125,1.3812992572784424
3763,635,,,2018-08-04 13:33:19.988261,0.53125,1.3805233240127563
3764,636,,,2018-08-04 13:33:20.835172,0.515625,1.2307945489883423
3765,637,,,2018-08-04 13:33:21.725718,0.5625,1.2741018533706665
3766,638,,,2018-08-04 13:33:22.646979,0.59375,1.2411048412322998
3767,639,,,2018-08-04 13:33:23.617601,0.609375,1.1804977655410767
3768,640,0.5452,1.2796730995178223,2018-08-04 13:33:24.590376,0.640625,1.1559178829193115
3769,641,,,2018-08-04 13:34:15.467472,0.578125,1.2168718576431274
3770,642,,,2018-08-04 13:34:16.405753,0.578125,1.179410696029663
3771,643,,,2018-08-04 13:34:17.316534,0.546875,1.4308502674102783
3772,644,,,2018-08-04 13:34:18.232603,0.40625,1.6775470972061157
3773,645,,,2018-08-04 13:34:19.131326,0.546875,1.2989931106567383
3774,646,,,2018-08-04 13:34:20.088990,0.4375,1.357117772102356
3775,647,,,2018-08-04 13:34:20.984456,0.703125,0.9621098637580872
3776,648,,,2018-08-04 13:34:21.895788,0.546875,1.3025805950164795
3777,649,,,2018-08-04 13:34:22.786085,0.484375,1.2935595512390137
3778,650,,,2018-08-04 13:34:23.656594,0.5,1.247839331626892
3779,651,,,2018-08-04 13:34:24.634261,0.53125,1.2220547199249268
3780,652,,,2018-08-04 13:34:25.524061,0.625,1.148199439048767
3781,653,,,2018-08-04 13:34:26.391791,0.453125,1.441691517829895
3782,654,,,2018-08-04 13:34:27.264881,0.578125,1.1904443502426147
3783,655,,,2018-08-04 13:34:28.098747,0.40625,1.4192800521850586
3784,656,,,2018-08-04 13:34:29.101170,0.5625,1.2680187225341797
3785,657,,,2018-08-04 13:34:30.022089,0.53125,1.0638086795806885
3786,658,,,2018-08-04 13:34:30.939825,0.46875,1.3464027643203735
3787,659,,,2018-08-04 13:34:31.808763,0.59375,1.122718334197998
3788,660,0.5437,1.2595616579055786,2018-08-04 13:34:32.710189,0.515625,1.367039680480957
3789,661,,,2018-08-04 13:35:23.965513,0.515625,1.2099770307540894
3790,662,,,2018-08-04 13:35:24.987967,0.5,1.2469357252120972
3791,663,,,2018-08-04 13:35:25.971466,0.484375,1.94492506980896
3792,664,,,2018-08-04 13:35:26.936884,0.40625,1.4591569900512695
3793,665,,,2018-08-04 13:35:27.877507,0.46875,1.3820319175720215
3794,666,,,2018-08-04 13:35:28.867646,0.53125,1.2218120098114014
3795,667,,,2018-08-04 13:35:29.798103,0.546875,1.22770094871521
3796,668,,,2018-08-04 13:35:30.735645,0.46875,1.429796814918518
3797,669,,,2018-08-04 13:35:31.613160,0.671875,1.0673351287841797
3798,670,,,2018-08-04 13:35:32.501567,0.53125,1.3778316974639893
3799,671,,,2018-08-04 13:35:33.481672,0.5,1.3304709196090698
3800,672,,,2018-08-04 13:35:34.379641,0.59375,1.0883076190948486
3801,673,,,2018-08-04 13:35:35.393734,0.34375,2.0108165740966797
3802,674,,,2018-08-04 13:35:36.290021,0.515625,1.296636700630188
3803,675,,,2018-08-04 13:35:37.262866,0.515625,1.592445731163025
3804,676,,,2018-08-04 13:35:38.145763,0.515625,1.2345439195632935
3805,677,,,2018-08-04 13:35:38.997213,0.390625,1.4764169454574585
3806,678,,,2018-08-04 13:35:39.934608,0.5,1.4245152473449707
3807,679,,,2018-08-04 13:35:40.809331,0.46875,1.3316954374313354
3808,680,0.5183,1.2917907238006592,2018-08-04 13:35:41.663846,0.53125,1.325212836265564
3809,681,,,2018-08-04 13:36:27.692151,0.59375,1.149044394493103
3810,682,,,2018-08-04 13:36:28.647656,0.5,1.3522038459777832
3811,683,,,2018-08-04 13:36:29.571446,0.53125,1.56980299949646
3812,684,,,2018-08-04 13:36:30.475280,0.515625,1.4380722045898438
3813,685,,,2018-08-04 13:36:31.354055,0.5,1.3351527452468872
3814,686,,,2018-08-04 13:36:32.335171,0.53125,1.170263409614563
3815,687,,,2018-08-04 13:36:33.309588,0.359375,1.708225131034851
3816,688,,,2018-08-04 13:36:34.240882,0.5,1.5241600275039673
3817,689,,,2018-08-04 13:36:35.240145,0.546875,1.2564952373504639
3818,690,,,2018-08-04 13:36:36.145287,0.546875,1.3298085927963257
3819,691,,,2018-08-04 13:36:37.034649,0.515625,1.3446245193481445
3820,692,,,2018-08-04 13:36:37.952612,0.59375,1.1978617906570435
3821,693,,,2018-08-04 13:36:38.942517,0.34375,1.736051321029663
3822,694,,,2018-08-04 13:36:39.870269,0.453125,1.452107548713684
3823,695,,,2018-08-04 13:36:40.867289,0.453125,1.3715684413909912
3824,696,,,2018-08-04 13:36:41.595588,0.484375,1.4286574125289917
3825,697,,,2018-08-04 13:36:42.456114,0.40625,1.512932300567627
3826,698,,,2018-08-04 13:36:43.425703,0.5,1.295140027999878
3827,699,,,2018-08-04 13:36:44.322839,0.546875,1.1888256072998047
3828,700,0.5248,1.313963532447815,2018-08-04 13:36:45.192742,0.59375,1.2340397834777832
3829,701,,,2018-08-04 13:37:28.122712,0.578125,1.2035925388336182
3830,702,,,2018-08-04 13:37:29.029957,0.5625,1.3050880432128906
3831,703,,,2018-08-04 13:37:30.006885,0.453125,1.5538296699523926
3832,704,,,2018-08-04 13:37:30.884363,0.5,1.3762081861495972
3833,705,,,2018-08-04 13:37:31.722108,0.484375,1.4147071838378906
3834,706,,,2018-08-04 13:37:32.622258,0.53125,1.2415106296539307
3835,707,,,2018-08-04 13:37:33.557538,0.53125,1.284496545791626
3836,708,,,2018-08-04 13:37:34.415777,0.5,1.4520140886306763
3837,709,,,2018-08-04 13:37:35.304730,0.546875,1.3333940505981445
3838,710,,,2018-08-04 13:37:36.210530,0.40625,1.4197874069213867
3839,711,,,2018-08-04 13:37:37.203185,0.515625,1.3111810684204102
3840,712,,,2018-08-04 13:37:38.191176,0.609375,1.4276398420333862
3841,713,,,2018-08-04 13:37:39.159026,0.46875,1.7141914367675781
3842,714,,,2018-08-04 13:37:40.066129,0.59375,1.2128041982650757
3843,715,,,2018-08-04 13:37:40.981542,0.46875,1.4054027795791626
3844,716,,,2018-08-04 13:37:41.967805,0.546875,1.1167832612991333
3845,717,,,2018-08-04 13:37:42.869430,0.609375,1.043350100517273
3846,718,,,2018-08-04 13:37:43.691502,0.421875,1.4659377336502075
3847,719,,,2018-08-04 13:37:44.606966,0.53125,1.3854084014892578
3848,720,0.5432,1.2880897521972656,2018-08-04 13:37:45.477991,0.546875,1.1997383832931519
3849,721,,,2018-08-04 13:38:38.937896,0.546875,1.2118494510650635
3850,722,,,2018-08-04 13:38:39.861749,0.453125,1.3844984769821167
3851,723,,,2018-08-04 13:38:40.836405,0.5625,1.33772873878479
3852,724,,,2018-08-04 13:38:41.829773,0.453125,1.2686572074890137
3853,725,,,2018-08-04 13:38:42.777746,0.609375,1.1088122129440308
3854,726,,,2018-08-04 13:38:43.760639,0.640625,1.0397679805755615
3855,727,,,2018-08-04 13:38:44.725799,0.625,1.1181219816207886
3856,728,,,2018-08-04 13:38:45.581623,0.640625,1.0982030630111694
3857,729,,,2018-08-04 13:38:46.399205,0.609375,1.0918699502944946
3858,730,,,2018-08-04 13:38:47.307357,0.5625,1.117592453956604
3859,731,,,2018-08-04 13:38:48.192641,0.53125,1.0370947122573853
3860,732,,,2018-08-04 13:38:49.232491,0.609375,1.0187153816223145
3861,733,,,2018-08-04 13:38:50.147447,0.5,1.5210356712341309
3862,734,,,2018-08-04 13:38:51.016226,0.453125,1.3341856002807617
3863,735,,,2018-08-04 13:38:51.896398,0.46875,1.4544875621795654
3864,736,,,2018-08-04 13:38:52.811503,0.53125,1.2423548698425293
3865,737,,,2018-08-04 13:38:53.757615,0.46875,1.3144866228103638
3866,738,,,2018-08-04 13:38:54.737470,0.578125,1.3152447938919067
3867,739,,,2018-08-04 13:38:55.705884,0.53125,1.2771549224853516
3868,740,0.5687,1.24076509475708,2018-08-04 13:38:56.637962,0.59375,1.1774424314498901
3869,741,,,2018-08-04 13:39:48.976592,0.5625,1.1221230030059814
3870,742,,,2018-08-04 13:39:49.941761,0.671875,1.042983055114746
3871,743,,,2018-08-04 13:39:50.889790,0.28125,2.1351735591888428
3872,744,,,2018-08-04 13:39:51.901956,0.40625,1.5819129943847656
3873,745,,,2018-08-04 13:39:52.857800,0.5625,1.3351532220840454
3874,746,,,2018-08-04 13:39:53.755872,0.578125,1.1097030639648438
3875,747,,,2018-08-04 13:39:54.708875,0.59375,1.1040185689926147
3876,748,,,2018-08-04 13:39:55.701188,0.484375,1.3397057056427002
3877,749,,,2018-08-04 13:39:56.598225,0.578125,1.133429765701294
3878,750,,,2018-08-04 13:39:57.554524,0.546875,1.1541284322738647
3879,751,,,2018-08-04 13:39:58.579568,0.609375,1.0900589227676392
3880,752,,,2018-08-04 13:39:59.501499,0.640625,1.0120012760162354
3881,753,,,2018-08-04 13:40:00.381982,0.453125,1.487520456314087
3882,754,,,2018-08-04 13:40:01.308124,0.5,1.4067730903625488
3883,755,,,2018-08-04 13:40:02.169688,0.5625,1.282691240310669
3884,756,,,2018-08-04 13:40:03.021765,0.4375,1.3973606824874878
3885,757,,,2018-08-04 13:40:03.958240,0.5,1.1979176998138428
3886,758,,,2018-08-04 13:40:04.957583,0.59375,1.2002849578857422
3887,759,,,2018-08-04 13:40:05.934910,0.671875,1.0652278661727905
3888,760,0.5335,1.3075429201126099,2018-08-04 13:40:06.891649,0.59375,1.0941269397735596
3889,761,,,2018-08-04 13:40:58.978193,0.609375,1.1079967021942139
3890,762,,,2018-08-04 13:40:59.879392,0.5625,1.1727066040039062
3891,763,,,2018-08-04 13:41:00.803234,0.3125,2.111501693725586
3892,764,,,2018-08-04 13:41:01.796598,0.4375,1.657406210899353
3893,765,,,2018-08-04 13:41:02.733161,0.4375,1.4673856496810913
3894,766,,,2018-08-04 13:41:03.651314,0.546875,1.1917835474014282
3895,767,,,2018-08-04 13:41:04.533992,0.578125,1.2494584321975708
3896,768,,,2018-08-04 13:41:05.473223,0.453125,1.402248501777649
3897,769,,,2018-08-04 13:41:06.371673,0.453125,1.472422480583191
3898,770,,,2018-08-04 13:41:07.369348,0.484375,1.4494878053665161
3899,771,,,2018-08-04 13:41:08.314240,0.703125,0.9195634722709656
3900,772,,,2018-08-04 13:41:09.205766,0.578125,1.205694317817688
3901,773,,,2018-08-04 13:41:10.119177,0.390625,1.7490835189819336
3902,774,,,2018-08-04 13:41:10.983873,0.375,1.6310813426971436
3903,775,,,2018-08-04 13:41:11.940153,0.40625,1.4606349468231201
3904,776,,,2018-08-04 13:41:12.932942,0.5,1.3548694849014282
3905,777,,,2018-08-04 13:41:13.929067,0.5,1.3591945171356201
3906,778,,,2018-08-04 13:41:14.891728,0.59375,1.2571959495544434
3907,779,,,2018-08-04 13:41:15.840988,0.5625,1.2891134023666382
3908,780,0.5678,1.2358049154281616,2018-08-04 13:41:16.761477,0.640625,1.130310297012329
3909,781,,,2018-08-04 13:42:02.853467,0.5625,1.1996784210205078
3910,0,,,2018-08-04 13:42:51.024708,0.71875,1.0489214658737183
3911,1,,,2018-08-04 13:42:51.877446,0.265625,2.4796335697174072
3912,2,,,2018-08-04 13:42:52.795793,0.40625,1.46658456325531
3913,3,,,2018-08-04 13:42:53.692555,0.421875,1.4787811040878296
3914,4,,,2018-08-04 13:42:54.642999,0.515625,1.3862322568893433
3915,5,,,2018-08-04 13:42:55.614797,0.40625,1.6743440628051758
3916,6,,,2018-08-04 13:42:56.510471,0.6875,1.1791585683822632
3917,7,,,2018-08-04 13:42:57.423125,0.5625,1.1991205215454102
3918,8,,,2018-08-04 13:42:58.330895,0.625,1.1273598670959473
3919,9,,,2018-08-04 13:42:59.284680,0.515625,1.4139240980148315
3920,10,,,2018-08-04 13:43:00.150279,0.515625,1.2767307758331299
3921,11,,,2018-08-04 13:43:01.048587,0.25,2.4140684604644775
3922,12,,,2018-08-04 13:43:01.903193,0.421875,1.6337112188339233
3923,13,,,2018-08-04 13:43:02.778349,0.515625,1.5156723260879517
3924,14,,,2018-08-04 13:43:03.707831,0.453125,1.37558913230896
3925,15,,,2018-08-04 13:43:04.698345,0.421875,1.4029896259307861
3926,16,,,2018-08-04 13:43:05.683031,0.578125,1.2449523210525513
3927,17,,,2018-08-04 13:43:06.616386,0.5,1.3061261177062988
3928,18,,,2018-08-04 13:43:07.628087,0.640625,1.105344295501709
3929,19,,,2018-08-04 13:43:08.548568,0.5625,1.2112244367599487
3930,20,0.3973,1.7907160520553589,2018-08-04 13:43:09.466842,0.65625,1.1236788034439087
3931,21,,,2018-08-04 13:44:02.419933,0.421875,1.5455870628356934
3932,22,,,2018-08-04 13:44:03.276576,0.515625,1.3846739530563354
3933,23,,,2018-08-04 13:44:04.173850,0.453125,1.4928292036056519
3934,24,,,2018-08-04 13:44:05.097671,0.5625,1.3013477325439453
3935,25,,,2018-08-04 13:44:06.015435,0.40625,1.4779961109161377
3936,26,,,2018-08-04 13:44:06.873448,0.46875,1.452741026878357
3937,27,,,2018-08-04 13:44:07.760864,0.46875,1.3554983139038086
3938,28,,,2018-08-04 13:44:08.653198,0.453125,1.3665542602539062
3939,29,,,2018-08-04 13:44:09.621480,0.546875,1.277040719985962
3940,30,,,2018-08-04 13:44:10.545133,0.453125,1.3731024265289307
3941,31,,,2018-08-04 13:44:11.491769,0.453125,1.573043942451477
3942,32,,,2018-08-04 13:44:12.407958,0.5,1.3317993879318237
3943,33,,,2018-08-04 13:44:13.369890,0.53125,1.2796368598937988
3944,34,,,2018-08-04 13:44:14.316554,0.546875,1.2178080081939697
3945,35,,,2018-08-04 13:44:15.220470,0.65625,1.0364717245101929
3946,36,,,2018-08-04 13:44:16.139902,0.515625,1.2495509386062622
3947,37,,,2018-08-04 13:44:17.007043,0.578125,1.1727757453918457
3948,38,,,2018-08-04 13:44:17.925255,0.578125,1.2298405170440674
3949,39,,,2018-08-04 13:44:18.773504,0.65625,1.0813260078430176
3950,40,0.447,1.704910397529602,2018-08-04 13:44:19.600646,0.5625,1.15863037109375
3951,41,,,2018-08-04 13:45:11.792136,0.421875,1.612112283706665
3952,42,,,2018-08-04 13:45:12.730141,0.484375,1.4680784940719604
3953,43,,,2018-08-04 13:45:13.626365,0.515625,1.3901196718215942
3954,44,,,2018-08-04 13:45:14.555643,0.484375,1.4219712018966675
3955,45,,,2018-08-04 13:45:15.492997,0.625,1.119773507118225
3956,46,,,2018-08-04 13:45:16.432930,0.578125,1.21494460105896
3957,47,,,2018-08-04 13:45:17.315751,0.53125,1.2779566049575806
3958,48,,,2018-08-04 13:45:18.195445,0.578125,1.0626932382583618
3959,49,,,2018-08-04 13:45:19.150380,0.53125,1.2917389869689941
3960,50,,,2018-08-04 13:45:20.103347,0.578125,1.034188151359558
3961,51,,,2018-08-04 13:45:20.912059,0.59375,1.1290504932403564
3962,52,,,2018-08-04 13:45:21.841739,0.625,1.2328109741210938
3963,53,,,2018-08-04 13:45:22.740209,0.609375,1.1389957666397095
3964,54,,,2018-08-04 13:45:23.678949,0.59375,1.0885705947875977
3965,55,,,2018-08-04 13:45:24.556138,0.625,0.9143915772438049
3966,56,,,2018-08-04 13:45:25.469691,0.515625,1.3180747032165527
3967,57,,,2018-08-04 13:45:26.361413,0.53125,1.2102773189544678
3968,58,,,2018-08-04 13:45:27.406406,0.65625,1.0804176330566406
3969,59,,,2018-08-04 13:45:28.418256,0.5625,1.2195874452590942
3970,60,0.4728,1.5515735149383545,2018-08-04 13:45:29.379217,0.515625,1.2956832647323608
3971,61,,,2018-08-04 13:46:22.989846,0.5,1.450744867324829
3972,62,,,2018-08-04 13:46:23.934497,0.421875,1.647815227508545
3973,63,,,2018-08-04 13:46:24.827463,0.546875,1.2392191886901855
3974,64,,,2018-08-04 13:46:25.827934,0.5625,1.2113323211669922
3975,65,,,2018-08-04 13:46:26.774200,0.609375,1.1006301641464233
3976,66,,,2018-08-04 13:46:27.639796,0.546875,1.2623577117919922
3977,67,,,2018-08-04 13:46:28.528760,0.6875,1.1883107423782349
3978,68,,,2018-08-04 13:46:29.418135,0.4375,1.4082341194152832
3979,69,,,2018-08-04 13:46:30.309164,0.578125,1.1430649757385254
3980,70,,,2018-08-04 13:46:31.211387,0.46875,1.2862670421600342
3981,71,,,2018-08-04 13:46:32.164142,0.53125,1.2402782440185547
3982,72,,,2018-08-04 13:46:33.146778,0.5,1.2206577062606812
3983,73,,,2018-08-04 13:46:34.090145,0.5,1.3241939544677734
3984,74,,,2018-08-04 13:46:35.030076,0.640625,1.0838078260421753
3985,75,,,2018-08-04 13:46:35.881174,0.640625,1.1496068239212036
3986,76,,,2018-08-04 13:46:36.755883,0.421875,1.4179039001464844
3987,77,,,2018-08-04 13:46:37.641039,0.53125,1.2943798303604126
3988,78,,,2018-08-04 13:46:38.540085,0.515625,1.2546709775924683
3989,79,,,2018-08-04 13:46:39.425858,0.625,1.1285669803619385
3990,80,0.3634,1.9963581562042236,2018-08-04 13:46:40.356896,0.515625,1.323732852935791
3991,81,,,2018-08-04 13:47:25.543118,0.40625,1.7803928852081299
3992,82,,,2018-08-04 13:47:26.470893,0.390625,1.6417659521102905
3993,83,,,2018-08-04 13:47:27.376402,0.5,1.4601960182189941
3994,84,,,2018-08-04 13:47:28.251539,0.53125,1.3982654809951782
3995,85,,,2018-08-04 13:47:29.197972,0.5,1.1877480745315552
3996,86,,,2018-08-04 13:47:30.129200,0.796875,0.8704053163528442
3997,87,,,2018-08-04 13:47:30.994460,0.515625,1.2038778066635132
3998,88,,,2018-08-04 13:47:31.880629,0.578125,1.2743372917175293
3999,89,,,2018-08-04 13:47:32.825666,0.6875,0.9375894665718079
4000,90,,,2018-08-04 13:47:33.853190,0.59375,1.048772931098938
4001,91,,,2018-08-04 13:47:34.844581,0.390625,1.9396966695785522
4002,92,,,2018-08-04 13:47:35.788339,0.453125,1.3383228778839111
4003,93,,,2018-08-04 13:47:36.674089,0.4375,1.4536031484603882
4004,94,,,2018-08-04 13:47:37.499093,0.515625,1.242527961730957
4005,95,,,2018-08-04 13:47:38.325209,0.59375,1.22179114818573
4006,96,,,2018-08-04 13:47:39.160777,0.59375,1.1532690525054932
4007,97,,,2018-08-04 13:47:40.099470,0.578125,1.122100830078125
4008,98,,,2018-08-04 13:47:41.116699,0.640625,1.0435253381729126
4009,99,,,2018-08-04 13:47:42.033406,0.640625,1.1245501041412354
4010,100,0.382,1.9588879346847534,2018-08-04 13:47:42.990928,0.578125,1.2492234706878662
4011,101,,,2018-08-04 13:48:35.735949,0.453125,1.598388671875
4012,102,,,2018-08-04 13:48:36.642758,0.515625,1.4781254529953003
4013,103,,,2018-08-04 13:48:37.575567,0.4375,1.5495903491973877
4014,104,,,2018-08-04 13:48:38.492351,0.578125,1.4755327701568604
4015,105,,,2018-08-04 13:48:39.353470,0.5,1.2622547149658203
4016,106,,,2018-08-04 13:48:40.243985,0.546875,1.3267302513122559
4017,107,,,2018-08-04 13:48:41.093199,0.703125,1.0353573560714722
4018,108,,,2018-08-04 13:48:41.943241,0.546875,1.1775312423706055
4019,109,,,2018-08-04 13:48:42.772376,0.53125,1.3742656707763672
4020,110,,,2018-08-04 13:48:43.636937,0.546875,1.1424239873886108
4021,111,,,2018-08-04 13:48:44.593148,0.515625,1.5943055152893066
4022,112,,,2018-08-04 13:48:45.457841,0.59375,1.2589446306228638
4023,113,,,2018-08-04 13:48:46.426593,0.515625,1.3704032897949219
4024,114,,,2018-08-04 13:48:47.295516,0.578125,1.2866547107696533
4025,115,,,2018-08-04 13:48:48.258437,0.5,1.4007631540298462
4026,116,,,2018-08-04 13:48:49.127530,0.5625,1.3376009464263916
4027,117,,,2018-08-04 13:48:50.120915,0.515625,1.3920384645462036
4028,118,,,2018-08-04 13:48:51.085369,0.546875,1.0795432329177856
4029,119,,,2018-08-04 13:48:52.001561,0.578125,1.0191184282302856
4030,120,0.4202,1.7706819772720337,2018-08-04 13:48:52.879437,0.5625,1.3696300983428955
4031,121,,,2018-08-04 13:49:43.631855,0.46875,1.4675930738449097
4032,122,,,2018-08-04 13:49:44.619919,0.40625,1.5824575424194336
4033,123,,,2018-08-04 13:49:45.524181,0.515625,1.368862271308899
4034,124,,,2018-08-04 13:49:46.472942,0.5,1.3829525709152222
4035,125,,,2018-08-04 13:49:47.347148,0.59375,1.2299680709838867
4036,126,,,2018-08-04 13:49:48.264419,0.375,1.5245741605758667
4037,127,,,2018-08-04 13:49:49.323856,0.625,1.1042007207870483
4038,128,,,2018-08-04 13:49:50.208663,0.59375,1.2919280529022217
4039,129,,,2018-08-04 13:49:51.145152,0.609375,1.2216438055038452
4040,130,,,2018-08-04 13:49:52.137961,0.578125,1.2768961191177368
4041,131,,,2018-08-04 13:49:53.012075,0.390625,1.864542841911316
4042,132,,,2018-08-04 13:49:53.967333,0.46875,1.3471728563308716
4043,133,,,2018-08-04 13:49:54.841341,0.515625,1.505617380142212
4044,134,,,2018-08-04 13:49:55.778568,0.546875,1.250404953956604
4045,135,,,2018-08-04 13:49:56.688745,0.625,1.1717438697814941
4046,136,,,2018-08-04 13:49:57.658411,0.484375,1.2713100910186768
4047,137,,,2018-08-04 13:49:58.671149,0.59375,1.3054420948028564
4048,138,,,2018-08-04 13:49:59.548377,0.515625,1.3046940565109253
4049,139,,,2018-08-04 13:50:00.470687,0.578125,1.246103048324585
4050,140,0.4196,1.7586920261383057,2018-08-04 13:50:01.406395,0.6875,1.0497301816940308
4051,141,,,2018-08-04 13:50:48.746335,0.390625,1.9087409973144531
4052,142,,,2018-08-04 13:50:49.698532,0.46875,1.4069541692733765
4053,143,,,2018-08-04 13:50:50.633937,0.484375,1.3872772455215454
4054,144,,,2018-08-04 13:50:51.588051,0.53125,1.3931177854537964
4055,145,,,2018-08-04 13:50:52.513533,0.53125,1.19480299949646
4056,146,,,2018-08-04 13:50:53.446785,0.546875,1.289354920387268
4057,147,,,2018-08-04 13:50:54.350951,0.5625,1.2126786708831787
4058,148,,,2018-08-04 13:50:55.227543,0.546875,1.2177118062973022
4059,149,,,2018-08-04 13:50:56.123802,0.59375,1.1603095531463623
4060,150,,,2018-08-04 13:50:56.986274,0.546875,1.2395461797714233
4061,151,,,2018-08-04 13:50:57.843732,0.484375,1.6077322959899902
4062,152,,,2018-08-04 13:50:58.733995,0.4375,1.5927612781524658
4063,153,,,2018-08-04 13:50:59.619704,0.578125,1.209611415863037
4064,154,,,2018-08-04 13:51:00.492186,0.515625,1.347136378288269
4065,155,,,2018-08-04 13:51:01.464784,0.46875,1.4659020900726318
4066,156,,,2018-08-04 13:51:02.360571,0.546875,1.2062857151031494
4067,157,,,2018-08-04 13:51:03.336157,0.546875,1.3828037977218628
4068,158,,,2018-08-04 13:51:04.304477,0.375,1.4870572090148926
4069,159,,,2018-08-04 13:51:05.197959,0.53125,1.3285573720932007
4070,160,0.4425,1.5875084400177002,2018-08-04 13:51:06.090435,0.546875,1.134357213973999
4071,161,,,2018-08-04 13:51:57.081358,0.4375,1.4299894571304321
4072,162,,,2018-08-04 13:51:58.031759,0.34375,1.7355297803878784
4073,163,,,2018-08-04 13:51:58.936823,0.421875,1.4163964986801147
4074,164,,,2018-08-04 13:51:59.834586,0.46875,1.4620949029922485
4075,165,,,2018-08-04 13:52:00.689727,0.46875,1.2902705669403076
4076,166,,,2018-08-04 13:52:01.541336,0.5,1.3372801542282104
4077,167,,,2018-08-04 13:52:02.416595,0.609375,1.1768020391464233
4078,168,,,2018-08-04 13:52:03.365655,0.625,1.1700102090835571
4079,169,,,2018-08-04 13:52:04.302906,0.5625,1.3139920234680176
4080,170,,,2018-08-04 13:52:05.258444,0.625,1.0537768602371216
4081,171,,,2018-08-04 13:52:06.271958,0.421875,1.4821350574493408
4082,172,,,2018-08-04 13:52:07.317250,0.46875,1.4144049882888794
4083,173,,,2018-08-04 13:52:08.327492,0.5625,1.250572681427002
4084,174,,,2018-08-04 13:52:09.317101,0.546875,1.199910044670105
4085,175,,,2018-08-04 13:52:10.232643,0.609375,1.2153289318084717
4086,176,,,2018-08-04 13:52:11.056998,0.5,1.3188755512237549
4087,177,,,2018-08-04 13:52:11.897306,0.578125,1.2206509113311768
4088,178,,,2018-08-04 13:52:12.715426,0.609375,1.1847710609436035
4089,179,,,2018-08-04 13:52:13.678483,0.625,1.2299751043319702
4090,180,0.423,1.650899052619934,2018-08-04 13:52:14.591313,0.65625,1.1045994758605957
4091,181,,,2018-08-04 13:53:07.545689,0.53125,1.439192533493042
4092,182,,,2018-08-04 13:53:08.497469,0.484375,1.4106165170669556
4093,183,,,2018-08-04 13:53:09.353150,0.4375,1.5126899480819702
4094,184,,,2018-08-04 13:53:10.258942,0.640625,1.1257104873657227
4095,185,,,2018-08-04 13:53:11.258125,0.5625,1.2514071464538574
4096,186,,,2018-08-04 13:53:12.135179,0.640625,1.0284433364868164
4097,187,,,2018-08-04 13:53:13.060510,0.59375,1.2087329626083374
4098,188,,,2018-08-04 13:53:13.924406,0.765625,0.9066337943077087
4099,189,,,2018-08-04 13:53:14.834981,0.65625,1.082519292831421
4100,190,,,2018-08-04 13:53:15.780103,0.5,1.3018410205841064
4101,191,,,2018-08-04 13:53:16.655478,0.4375,1.566981554031372
4102,192,,,2018-08-04 13:53:17.598245,0.546875,1.313232183456421
4103,193,,,2018-08-04 13:53:18.606672,0.625,1.1472375392913818
4104,194,,,2018-08-04 13:53:19.550679,0.640625,1.101593017578125
4105,195,,,2018-08-04 13:53:20.453458,0.609375,1.2119498252868652
4106,196,,,2018-08-04 13:53:21.374991,0.578125,1.1957340240478516
4107,197,,,2018-08-04 13:53:22.251818,0.625,1.1082763671875
4108,198,,,2018-08-04 13:53:23.139842,0.609375,1.114728569984436
4109,199,,,2018-08-04 13:53:23.987660,0.53125,1.219485878944397
4110,200,0.4663,1.6518913507461548,2018-08-04 13:53:24.919974,0.640625,0.9588266611099243
4111,201,,,2018-08-04 13:54:15.139144,0.5,1.8015714883804321
4112,202,,,2018-08-04 13:54:16.037224,0.609375,1.0903255939483643
4113,203,,,2018-08-04 13:54:16.901048,0.53125,1.3375887870788574
4114,204,,,2018-08-04 13:54:17.822064,0.59375,1.142915964126587
4115,205,,,2018-08-04 13:54:18.738489,0.640625,1.0343891382217407
4116,206,,,2018-08-04 13:54:19.638452,0.421875,1.4614907503128052
4117,207,,,2018-08-04 13:54:20.570224,0.578125,1.2290257215499878
4118,208,,,2018-08-04 13:54:21.458590,0.546875,1.151440143585205
4119,209,,,2018-08-04 13:54:22.257150,0.6875,0.7864130139350891
4120,210,,,2018-08-04 13:54:23.130154,0.5625,1.2775988578796387
4121,211,,,2018-08-04 13:54:24.115300,0.53125,1.214695930480957
4122,212,,,2018-08-04 13:54:25.061359,0.625,1.2365812063217163
4123,213,,,2018-08-04 13:54:25.992606,0.484375,1.2752536535263062
4124,214,,,2018-08-04 13:54:26.911729,0.5,1.4214863777160645
4125,215,,,2018-08-04 13:54:27.933653,0.65625,0.9342079162597656
4126,216,,,2018-08-04 13:54:28.885866,0.609375,1.0678596496582031
4127,217,,,2018-08-04 13:54:29.879684,0.578125,1.1965081691741943
4128,218,,,2018-08-04 13:54:30.840135,0.65625,0.9843974709510803
4129,219,,,2018-08-04 13:54:31.744173,0.5625,1.0156720876693726
4130,220,0.4664,1.5741182565689087,2018-08-04 13:54:32.679905,0.625,0.9941222667694092
4131,221,,,2018-08-04 13:55:24.325173,0.46875,1.4069424867630005
4132,222,,,2018-08-04 13:55:25.340180,0.5,1.3531453609466553
4133,223,,,2018-08-04 13:55:26.322787,0.484375,1.3474812507629395
4134,224,,,2018-08-04 13:55:27.226633,0.578125,1.253240704536438
4135,225,,,2018-08-04 13:55:28.054764,0.609375,1.0532946586608887
4136,226,,,2018-08-04 13:55:28.985531,0.46875,1.3297730684280396
4137,227,,,2018-08-04 13:55:29.975895,0.609375,1.1746184825897217
4138,228,,,2018-08-04 13:55:30.980710,0.765625,0.7413183450698853
4139,229,,,2018-08-04 13:55:31.986411,0.640625,1.1627017259597778
4140,230,,,2018-08-04 13:55:32.974940,0.5625,1.133974313735962
4141,231,,,2018-08-04 13:55:34.051874,0.5,1.2656636238098145
4142,232,,,2018-08-04 13:55:35.024805,0.546875,1.2933874130249023
4143,233,,,2018-08-04 13:55:35.920304,0.578125,1.1675033569335938
4144,234,,,2018-08-04 13:55:36.812076,0.609375,1.152546763420105
4145,235,,,2018-08-04 13:55:37.746816,0.4375,1.4389451742172241
4146,236,,,2018-08-04 13:55:38.789611,0.65625,0.9318503141403198
4147,237,,,2018-08-04 13:55:39.816627,0.671875,0.9065719246864319
4148,238,,,2018-08-04 13:55:40.792126,0.59375,1.0644630193710327
4149,239,,,2018-08-04 13:55:41.744412,0.65625,0.9388632774353027
4150,240,0.4215,1.8463339805603027,2018-08-04 13:55:42.665589,0.6875,1.0267407894134521
4151,241,,,2018-08-04 13:56:34.686818,0.28125,1.8786519765853882
4152,242,,,2018-08-04 13:56:35.634552,0.4375,1.5691843032836914
4153,243,,,2018-08-04 13:56:36.579406,0.328125,1.6385678052902222
4154,244,,,2018-08-04 13:56:37.462998,0.671875,0.9441635608673096
4155,245,,,2018-08-04 13:56:38.416934,0.65625,1.0220565795898438
4156,246,,,2018-08-04 13:56:39.279137,0.5625,1.2401573657989502
4157,247,,,2018-08-04 13:56:40.256645,0.578125,1.2697733640670776
4158,248,,,2018-08-04 13:56:41.115505,0.6875,0.9850049614906311
4159,249,,,2018-08-04 13:56:41.996744,0.578125,1.1321932077407837
4160,250,,,2018-08-04 13:56:42.818252,0.59375,1.2435529232025146
4161,251,,,2018-08-04 13:56:43.692948,0.453125,1.4774733781814575
4162,252,,,2018-08-04 13:56:44.602869,0.4375,1.7899338006973267
4163,253,,,2018-08-04 13:56:45.464163,0.546875,1.231695532798767
4164,254,,,2018-08-04 13:56:46.389810,0.53125,1.1594164371490479
4165,255,,,2018-08-04 13:56:47.333673,0.625,1.064963698387146
4166,256,,,2018-08-04 13:56:48.267221,0.609375,0.9712271690368652
4167,257,,,2018-08-04 13:56:49.094119,0.59375,1.1750680208206177
4168,258,,,2018-08-04 13:56:50.043344,0.609375,1.348406195640564
4169,259,,,2018-08-04 13:56:51.010456,0.734375,0.933437705039978
4170,260,0.3894,1.93877112865448,2018-08-04 13:56:51.921078,0.6875,1.0656938552856445
4171,261,,,2018-08-04 13:57:40.144127,0.484375,1.4302769899368286
4172,262,,,2018-08-04 13:57:41.087968,0.4375,1.7837307453155518
4173,263,,,2018-08-04 13:57:42.047154,0.421875,1.5911304950714111
4174,264,,,2018-08-04 13:57:42.964756,0.484375,1.4020483493804932
4175,265,,,2018-08-04 13:57:43.827279,0.515625,1.3650118112564087
4176,266,,,2018-08-04 13:57:44.726074,0.59375,1.1094532012939453
4177,267,,,2018-08-04 13:57:45.598866,0.46875,1.3370282649993896
4178,268,,,2018-08-04 13:57:46.499725,0.59375,1.2122902870178223
4179,269,,,2018-08-04 13:57:47.350318,0.5625,1.174877643585205
4180,270,,,2018-08-04 13:57:48.281638,0.515625,1.2082816362380981
4181,271,,,2018-08-04 13:57:49.181772,0.375,1.785159707069397
4182,272,,,2018-08-04 13:57:50.149351,0.4375,1.789384126663208
4183,273,,,2018-08-04 13:57:50.978800,0.546875,1.2242885828018188
4184,274,,,2018-08-04 13:57:51.886350,0.484375,1.2094213962554932
4185,275,,,2018-08-04 13:57:52.888884,0.625,1.1536939144134521
4186,276,,,2018-08-04 13:57:53.788753,0.484375,1.4684841632843018
4187,277,,,2018-08-04 13:57:54.727356,0.5625,1.1123285293579102
4188,278,,,2018-08-04 13:57:55.579502,0.59375,1.0830260515213013
4189,279,,,2018-08-04 13:57:56.501443,0.53125,1.2764525413513184
4190,280,0.3833,1.8715507984161377,2018-08-04 13:57:57.391451,0.625,1.1365596055984497
4191,281,,,2018-08-04 13:58:49.402590,0.390625,1.6062707901000977
4192,282,,,2018-08-04 13:58:50.319810,0.53125,1.2478715181350708
4193,283,,,2018-08-04 13:58:51.215675,0.5,1.2734791040420532
4194,284,,,2018-08-04 13:58:52.119026,0.515625,1.1435954570770264
4195,285,,,2018-08-04 13:58:53.012253,0.5,1.291918158531189
4196,286,,,2018-08-04 13:58:53.879355,0.4375,1.3821099996566772
4197,287,,,2018-08-04 13:58:54.760697,0.53125,1.2932156324386597
4198,288,,,2018-08-04 13:58:55.705868,0.5,1.3772648572921753
4199,289,,,2018-08-04 13:58:56.682269,0.609375,1.2009625434875488
4200,290,,,2018-08-04 13:58:57.539305,0.4375,1.2760380506515503
4201,291,,,2018-08-04 13:58:58.433807,0.46875,1.5346581935882568
4202,292,,,2018-08-04 13:58:59.337005,0.5625,1.1463556289672852
4203,293,,,2018-08-04 13:59:00.182584,0.578125,1.118195652961731
4204,294,,,2018-08-04 13:59:01.014278,0.484375,1.35042405128479
4205,295,,,2018-08-04 13:59:01.907796,0.5625,1.1167314052581787
4206,296,,,2018-08-04 13:59:02.808615,0.671875,1.1629893779754639
4207,297,,,2018-08-04 13:59:03.620796,0.609375,1.0300036668777466
4208,298,,,2018-08-04 13:59:04.549988,0.625,1.1792148351669312
4209,299,,,2018-08-04 13:59:05.381145,0.53125,1.353200912475586
4210,300,0.4358,1.694527506828308,2018-08-04 13:59:06.255714,0.640625,1.0966981649398804
4211,301,,,2018-08-04 13:59:56.792035,0.328125,2.032104730606079
4212,302,,,2018-08-04 13:59:57.730342,0.4375,1.340535283088684
4213,303,,,2018-08-04 13:59:58.633785,0.515625,1.2696771621704102
4214,304,,,2018-08-04 13:59:59.507378,0.421875,1.5453680753707886
4215,305,,,2018-08-04 14:00:00.390967,0.578125,1.2645527124404907
4216,306,,,2018-08-04 14:00:01.331421,0.5625,1.1897741556167603
4217,307,,,2018-08-04 14:00:02.172940,0.5625,1.189815640449524
4218,308,,,2018-08-04 14:00:03.108706,0.609375,1.2879923582077026
4219,309,,,2018-08-04 14:00:04.038105,0.671875,1.0045762062072754
4220,310,,,2018-08-04 14:00:04.899514,0.625,1.1206101179122925
4221,311,,,2018-08-04 14:00:05.891566,0.546875,1.3191994428634644
4222,312,,,2018-08-04 14:00:06.851852,0.578125,1.2981247901916504
4223,313,,,2018-08-04 14:00:07.809298,0.515625,1.1940970420837402
4224,314,,,2018-08-04 14:00:08.729181,0.625,1.0910156965255737
4225,315,,,2018-08-04 14:00:09.662904,0.578125,1.1672792434692383
4226,316,,,2018-08-04 14:00:10.656014,0.53125,1.3337639570236206
4227,317,,,2018-08-04 14:00:11.613199,0.59375,1.1639360189437866
4228,318,,,2018-08-04 14:00:12.546352,0.65625,1.0842639207839966
4229,319,,,2018-08-04 14:00:13.428396,0.71875,0.880660891532898
4230,320,0.4284,1.9405040740966797,2018-08-04 14:00:14.444837,0.546875,1.1346873044967651
4231,321,,,2018-08-04 14:01:05.815205,0.4375,1.8096426725387573
4232,322,,,2018-08-04 14:01:06.736370,0.609375,1.1441426277160645
4233,323,,,2018-08-04 14:01:07.597628,0.546875,1.2101187705993652
4234,324,,,2018-08-04 14:01:08.488954,0.421875,1.5096296072006226
4235,325,,,2018-08-04 14:01:09.363987,0.609375,1.1602129936218262
4236,326,,,2018-08-04 14:01:10.207681,0.5625,1.1887673139572144
4237,327,,,2018-08-04 14:01:11.012959,0.46875,1.413474440574646
4238,328,,,2018-08-04 14:01:11.888453,0.578125,1.2604871988296509
4239,329,,,2018-08-04 14:01:12.674585,0.625,1.0611432790756226
4240,330,,,2018-08-04 14:01:13.544912,0.625,0.9773141145706177
4241,331,,,2018-08-04 14:01:14.401340,0.5625,1.2550132274627686
4242,332,,,2018-08-04 14:01:15.257050,0.578125,1.224139928817749
4243,333,,,2018-08-04 14:01:16.075296,0.546875,1.226141095161438
4244,334,,,2018-08-04 14:01:16.881409,0.765625,0.7561319470405579
4245,335,,,2018-08-04 14:01:17.710993,0.625,1.03078293800354
4246,336,,,2018-08-04 14:01:18.624019,0.578125,1.238751769065857
4247,337,,,2018-08-04 14:01:19.507706,0.640625,1.0683236122131348
4248,338,,,2018-08-04 14:01:20.323914,0.59375,1.0846929550170898
4249,339,,,2018-08-04 14:01:21.172820,0.65625,0.9548763632774353
4250,340,0.4504,1.5848920345306396,2018-08-04 14:01:22.021878,0.609375,1.1505544185638428
4251,341,,,2018-08-04 14:02:11.106568,0.5,1.497997760772705
4252,342,,,2018-08-04 14:02:12.067853,0.5625,1.1927311420440674
4253,343,,,2018-08-04 14:02:13.012155,0.4375,1.406103491783142
4254,344,,,2018-08-04 14:02:14.005955,0.40625,1.4375802278518677
4255,345,,,2018-08-04 14:02:14.864065,0.609375,1.0894485712051392
4256,346,,,2018-08-04 14:02:15.760772,0.640625,1.068179965019226
4257,347,,,2018-08-04 14:02:16.654973,0.625,1.1073195934295654
4258,348,,,2018-08-04 14:02:17.493509,0.671875,1.0248010158538818
4259,349,,,2018-08-04 14:02:18.411603,0.578125,1.1219110488891602
4260,350,,,2018-08-04 14:02:19.271619,0.703125,0.9881279468536377
4261,351,,,2018-08-04 14:02:20.069220,0.59375,1.2082232236862183
4262,352,,,2018-08-04 14:02:20.873812,0.46875,1.3199878931045532
4263,353,,,2018-08-04 14:02:21.707164,0.59375,1.1166088581085205
4264,354,,,2018-08-04 14:02:22.601376,0.65625,1.0355225801467896
4265,355,,,2018-08-04 14:02:23.497135,0.59375,1.0647618770599365
4266,356,,,2018-08-04 14:02:24.328385,0.671875,1.017120599746704
4267,357,,,2018-08-04 14:02:25.262922,0.59375,1.307792067527771
4268,358,,,2018-08-04 14:02:26.140748,0.59375,1.1475789546966553
4269,359,,,2018-08-04 14:02:26.974541,0.578125,1.0828567743301392
4270,360,0.4861,1.5781446695327759,2018-08-04 14:02:27.931919,0.59375,1.1718024015426636
4271,361,,,2018-08-04 14:03:18.056872,0.53125,1.2764003276824951
4272,362,,,2018-08-04 14:03:18.871992,0.484375,1.403910756111145
4273,363,,,2018-08-04 14:03:19.742509,0.703125,1.1821662187576294
4274,364,,,2018-08-04 14:03:20.624115,0.625,1.062624454498291
4275,365,,,2018-08-04 14:03:21.454408,0.625,1.1618497371673584
4276,366,,,2018-08-04 14:03:22.264666,0.625,1.0326106548309326
4277,367,,,2018-08-04 14:03:23.084752,0.6875,0.8828223943710327
4278,368,,,2018-08-04 14:03:23.983990,0.6875,1.025534749031067
4279,369,,,2018-08-04 14:03:24.882649,0.65625,1.0650405883789062
4280,370,,,2018-08-04 14:03:25.780777,0.546875,1.1142261028289795
4281,371,,,2018-08-04 14:03:26.671679,0.546875,1.1838340759277344
4282,372,,,2018-08-04 14:03:27.559325,0.78125,0.7821434140205383
4283,373,,,2018-08-04 14:03:28.475440,0.59375,1.0843403339385986
4284,374,,,2018-08-04 14:03:29.375327,0.53125,1.267016053199768
4285,375,,,2018-08-04 14:03:30.247166,0.578125,1.2353272438049316
4286,376,,,2018-08-04 14:03:31.173101,0.59375,1.1264140605926514
4287,377,,,2018-08-04 14:03:32.081960,0.59375,1.1320323944091797
4288,378,,,2018-08-04 14:03:33.002569,0.703125,0.8712443113327026
4289,379,,,2018-08-04 14:03:33.956618,0.484375,1.2664735317230225
4290,380,0.4954,1.55543851852417,2018-08-04 14:03:34.978671,0.625,0.9420185089111328
4291,381,,,2018-08-04 14:04:24.893977,0.578125,1.3437106609344482
4292,382,,,2018-08-04 14:04:25.765778,0.59375,1.252629041671753
4293,383,,,2018-08-04 14:04:26.691443,0.578125,1.103583812713623
4294,384,,,2018-08-04 14:04:27.609816,0.625,1.0238648653030396
4295,385,,,2018-08-04 14:04:28.511515,0.578125,1.2149986028671265
4296,386,,,2018-08-04 14:04:29.379040,0.546875,1.1954973936080933
4297,387,,,2018-08-04 14:04:30.375463,0.671875,1.0849577188491821
4298,388,,,2018-08-04 14:04:31.319447,0.703125,0.9198271036148071
4299,389,,,2018-08-04 14:04:32.200152,0.5625,1.1085416078567505
4300,390,,,2018-08-04 14:04:33.040596,0.625,1.0153636932373047
4301,391,,,2018-08-04 14:04:33.878449,0.640625,1.0310618877410889
4302,392,,,2018-08-04 14:04:34.839883,0.609375,1.0677473545074463
4303,393,,,2018-08-04 14:04:35.805717,0.5625,1.2235517501831055
4304,394,,,2018-08-04 14:04:36.665366,0.625,1.0869231224060059
4305,395,,,2018-08-04 14:04:37.500079,0.578125,1.0413411855697632
4306,396,,,2018-08-04 14:04:38.389052,0.671875,0.9674695134162903
4307,397,,,2018-08-04 14:04:39.369634,0.578125,1.1664235591888428
4308,398,,,2018-08-04 14:04:40.295092,0.671875,1.0606461763381958
4309,399,,,2018-08-04 14:04:41.179742,0.671875,1.079593539237976
4310,400,0.4354,1.843048095703125,2018-08-04 14:04:42.134148,0.625,1.0814480781555176
4311,401,,,2018-08-04 14:05:33.969670,0.59375,1.326128602027893
4312,402,,,2018-08-04 14:05:34.867045,0.640625,1.2324879169464111
4313,403,,,2018-08-04 14:05:35.765579,0.53125,1.35981023311615
4314,404,,,2018-08-04 14:05:36.656059,0.578125,1.1772586107254028
4315,405,,,2018-08-04 14:05:37.531635,0.6875,1.0533562898635864
4316,406,,,2018-08-04 14:05:38.480525,0.484375,1.4049077033996582
4317,407,,,2018-08-04 14:05:39.320250,0.65625,1.1218982934951782
4318,408,,,2018-08-04 14:05:40.103183,0.546875,1.110640287399292
4319,409,,,2018-08-04 14:05:40.947501,0.578125,1.0347075462341309
4320,410,,,2018-08-04 14:05:41.852694,0.59375,1.103719711303711
4321,411,,,2018-08-04 14:05:42.606689,0.6875,1.168076753616333
4322,412,,,2018-08-04 14:05:43.518314,0.65625,1.036791443824768
4323,413,,,2018-08-04 14:05:44.427127,0.515625,1.1965210437774658
4324,414,,,2018-08-04 14:05:45.403525,0.53125,1.3492616415023804
4325,415,,,2018-08-04 14:05:46.256358,0.625,1.020949125289917
4326,416,,,2018-08-04 14:05:47.153332,0.609375,1.0251972675323486
4327,417,,,2018-08-04 14:05:47.959847,0.515625,1.2564067840576172
4328,418,,,2018-08-04 14:05:48.825486,0.765625,0.7776253819465637
4329,419,,,2018-08-04 14:05:49.656893,0.671875,0.9689111709594727
4330,420,0.4623,1.807615041732788,2018-08-04 14:05:50.552962,0.625,1.0406626462936401
4331,421,,,2018-08-04 14:06:39.868120,0.5,1.4090434312820435
4332,422,,,2018-08-04 14:06:40.783308,0.515625,1.3726396560668945
4333,423,,,2018-08-04 14:06:41.571157,0.65625,1.062838077545166
4334,424,,,2018-08-04 14:06:42.336940,0.578125,1.1064221858978271
4335,425,,,2018-08-04 14:06:43.097211,0.546875,1.4874005317687988
4336,426,,,2018-08-04 14:06:44.001951,0.59375,1.1418588161468506
4337,427,,,2018-08-04 14:06:44.883523,0.671875,0.9826179146766663
4338,428,,,2018-08-04 14:06:45.716213,0.640625,0.996614396572113
4339,429,,,2018-08-04 14:06:46.624749,0.625,1.0433614253997803
4340,430,,,2018-08-04 14:06:47.463103,0.578125,1.2141172885894775
4341,431,,,2018-08-04 14:06:48.376266,0.53125,1.4143261909484863
4342,432,,,2018-08-04 14:06:49.344924,0.5625,1.326866865158081
4343,433,,,2018-08-04 14:06:50.231862,0.5625,1.1932804584503174
4344,434,,,2018-08-04 14:06:51.147161,0.484375,1.40140962600708
4345,435,,,2018-08-04 14:06:52.023669,0.6875,1.1171385049819946
4346,436,,,2018-08-04 14:06:52.869457,0.640625,1.1054344177246094
4347,437,,,2018-08-04 14:06:53.794418,0.609375,1.137987494468689
4348,438,,,2018-08-04 14:06:54.682648,0.59375,1.090374231338501
4349,439,,,2018-08-04 14:06:55.519682,0.578125,1.0637447834014893
4350,440,0.3908,1.911785364151001,2018-08-04 14:06:56.406382,0.609375,1.1255797147750854
4351,441,,,2018-08-04 14:07:46.067405,0.328125,2.32871150970459
4352,442,,,2018-08-04 14:07:46.927907,0.484375,1.3315880298614502
4353,443,,,2018-08-04 14:07:47.798319,0.59375,1.2429519891738892
4354,444,,,2018-08-04 14:07:48.733622,0.625,1.1518666744232178
4355,445,,,2018-08-04 14:07:49.598006,0.59375,1.1036475896835327
4356,446,,,2018-08-04 14:07:50.479299,0.609375,1.1635187864303589
4357,447,,,2018-08-04 14:07:51.347473,0.578125,1.0128662586212158
4358,448,,,2018-08-04 14:07:52.183942,0.59375,1.1868518590927124
4359,449,,,2018-08-04 14:07:53.083293,0.640625,1.2665226459503174
4360,450,,,2018-08-04 14:07:54.012215,0.640625,1.0963497161865234
4361,451,,,2018-08-04 14:07:55.019683,0.46875,1.5662827491760254
4362,452,,,2018-08-04 14:07:55.967802,0.546875,1.2144114971160889
4363,453,,,2018-08-04 14:07:56.805114,0.515625,1.2422723770141602
4364,454,,,2018-08-04 14:07:57.667663,0.546875,1.1865825653076172
4365,455,,,2018-08-04 14:07:58.570937,0.625,1.0014408826828003
4366,456,,,2018-08-04 14:07:59.489877,0.5625,1.2152025699615479
4367,457,,,2018-08-04 14:08:00.474824,0.53125,1.3508809804916382
4368,458,,,2018-08-04 14:08:01.390134,0.6875,1.007634162902832
4369,459,,,2018-08-04 14:08:02.259232,0.703125,1.0127136707305908
4370,460,0.3825,2.047161340713501,2018-08-04 14:08:03.103450,0.578125,1.0660487413406372
4371,461,,,2018-08-04 14:08:52.083892,0.390625,1.7536085844039917
4372,462,,,2018-08-04 14:08:52.943178,0.453125,1.6428942680358887
4373,463,,,2018-08-04 14:08:53.846549,0.5625,1.184185266494751
4374,464,,,2018-08-04 14:08:54.790421,0.453125,1.3602527379989624
4375,465,,,2018-08-04 14:08:55.746354,0.515625,1.3901554346084595
4376,466,,,2018-08-04 14:08:56.660422,0.625,1.2295687198638916
4377,467,,,2018-08-04 14:08:57.549865,0.484375,1.4345715045928955
4378,468,,,2018-08-04 14:08:58.512832,0.59375,1.2041962146759033
4379,469,,,2018-08-04 14:08:59.489538,0.46875,1.3713475465774536
4380,470,,,2018-08-04 14:09:00.379209,0.671875,1.0377192497253418
4381,471,,,2018-08-04 14:09:01.214513,0.59375,1.1727209091186523
4382,472,,,2018-08-04 14:09:02.027779,0.578125,1.0844330787658691
4383,473,,,2018-08-04 14:09:02.870568,0.5625,1.2541680335998535
4384,474,,,2018-08-04 14:09:03.809631,0.546875,1.163029432296753
4385,475,,,2018-08-04 14:09:04.673499,0.609375,1.093195915222168
4386,476,,,2018-08-04 14:09:05.553188,0.59375,1.1622711420059204
4387,477,,,2018-08-04 14:09:06.423226,0.625,1.0202107429504395
4388,478,,,2018-08-04 14:09:07.353112,0.625,1.1135321855545044
4389,479,,,2018-08-04 14:09:08.218940,0.59375,1.1607457399368286
4390,480,0.413,1.8732253313064575,2018-08-04 14:09:09.110585,0.609375,1.1708693504333496
4391,481,,,2018-08-04 14:09:57.360422,0.421875,1.6630221605300903
4392,482,,,2018-08-04 14:09:58.199443,0.53125,1.3744944334030151
4393,483,,,2018-08-04 14:09:58.993455,0.390625,1.5948891639709473
4394,484,,,2018-08-04 14:09:59.858420,0.5625,1.2707419395446777
4395,485,,,2018-08-04 14:10:00.746835,0.53125,1.314063310623169
4396,486,,,2018-08-04 14:10:01.625909,0.453125,1.4791890382766724
4397,487,,,2018-08-04 14:10:02.534590,0.625,1.1410967111587524
4398,488,,,2018-08-04 14:10:03.374508,0.515625,1.2818769216537476
4399,489,,,2018-08-04 14:10:04.215440,0.546875,1.5207858085632324
4400,490,,,2018-08-04 14:10:05.174031,0.71875,1.0406321287155151
4401,491,,,2018-08-04 14:10:06.157434,0.578125,1.0781896114349365
4402,492,,,2018-08-04 14:10:07.027740,0.46875,1.1646623611450195
4403,493,,,2018-08-04 14:10:07.974965,0.609375,0.9730527997016907
4404,494,,,2018-08-04 14:10:08.963450,0.640625,1.1084941625595093
4405,495,,,2018-08-04 14:10:09.941689,0.640625,1.0564463138580322
4406,496,,,2018-08-04 14:10:10.754510,0.59375,1.1863152980804443
4407,497,,,2018-08-04 14:10:11.626577,0.578125,1.2933745384216309
4408,498,,,2018-08-04 14:10:12.605396,0.625,1.1665457487106323
4409,499,,,2018-08-04 14:10:13.587952,0.65625,0.9677355289459229
4410,500,0.4667,1.7005515098571777,2018-08-04 14:10:14.516290,0.578125,1.210702657699585
4411,501,,,2018-08-04 14:11:05.019086,0.390625,2.109161138534546
4412,502,,,2018-08-04 14:11:05.884006,0.5,1.3853392601013184
4413,503,,,2018-08-04 14:11:06.796594,0.671875,1.2248903512954712
4414,504,,,2018-08-04 14:11:07.696146,0.515625,1.2547247409820557
4415,505,,,2018-08-04 14:11:08.586867,0.640625,1.0717225074768066
4416,506,,,2018-08-04 14:11:09.490103,0.671875,1.051451325416565
4417,507,,,2018-08-04 14:11:10.402745,0.65625,0.9887976050376892
4418,508,,,2018-08-04 14:11:11.311776,0.546875,1.1709997653961182
4419,509,,,2018-08-04 14:11:12.255385,0.59375,1.185611367225647
4420,510,,,2018-08-04 14:11:13.100249,0.59375,1.0565975904464722
4421,511,,,2018-08-04 14:11:14.021863,0.5625,1.4128499031066895
4422,512,,,2018-08-04 14:11:14.946257,0.5625,1.2059091329574585
4423,513,,,2018-08-04 14:11:15.959137,0.546875,1.1305667161941528
4424,514,,,2018-08-04 14:11:16.917978,0.53125,1.2856626510620117
4425,515,,,2018-08-04 14:11:17.834365,0.59375,1.0561233758926392
4426,516,,,2018-08-04 14:11:18.792886,0.515625,1.2449140548706055
4427,517,,,2018-08-04 14:11:19.733489,0.59375,1.1187063455581665
4428,518,,,2018-08-04 14:11:20.628869,0.59375,1.1782498359680176
4429,519,,,2018-08-04 14:11:21.617272,0.578125,1.0131969451904297
4430,520,0.4696,1.6334761381149292,2018-08-04 14:11:22.489858,0.65625,1.0001336336135864
4431,521,,,2018-08-04 14:12:10.710469,0.625,1.2061814069747925
4432,522,,,2018-08-04 14:12:11.614373,0.640625,1.3035435676574707
4433,523,,,2018-08-04 14:12:12.480069,0.578125,1.2341350317001343
4434,524,,,2018-08-04 14:12:13.405581,0.59375,1.1281020641326904
4435,525,,,2018-08-04 14:12:14.288130,0.625,1.1091179847717285
4436,526,,,2018-08-04 14:12:15.175897,0.578125,1.1749486923217773
4437,527,,,2018-08-04 14:12:16.067030,0.5625,1.1312670707702637
4438,528,,,2018-08-04 14:12:16.958977,0.625,1.0392719507217407
4439,529,,,2018-08-04 14:12:17.812215,0.59375,1.1688205003738403
4440,530,,,2018-08-04 14:12:18.730457,0.703125,1.0460457801818848
4441,531,,,2018-08-04 14:12:19.645281,0.59375,1.246409296989441
4442,532,,,2018-08-04 14:12:20.588442,0.515625,1.363281011581421
4443,533,,,2018-08-04 14:12:21.556834,0.515625,1.292422890663147
4444,534,,,2018-08-04 14:12:22.480690,0.609375,1.1197314262390137
4445,535,,,2018-08-04 14:12:23.284514,0.546875,1.1190986633300781
4446,536,,,2018-08-04 14:12:24.228908,0.671875,0.9943400025367737
4447,537,,,2018-08-04 14:12:25.180341,0.65625,1.0705188512802124
4448,538,,,2018-08-04 14:12:26.121722,0.6875,0.8592150211334229
4449,539,,,2018-08-04 14:12:26.957415,0.546875,1.180985450744629
4450,540,0.4217,1.8515336513519287,2018-08-04 14:12:27.775373,0.640625,0.9285885095596313
4451,541,,,2018-08-04 14:13:18.080530,0.453125,1.5979344844818115
4452,542,,,2018-08-04 14:13:18.914653,0.4375,1.61850106716156
4453,543,,,2018-08-04 14:13:19.830032,0.625,1.1284278631210327
4454,544,,,2018-08-04 14:13:20.690565,0.5625,1.1634106636047363
4455,545,,,2018-08-04 14:13:21.589561,0.546875,1.2991448640823364
4456,546,,,2018-08-04 14:13:22.564519,0.625,1.0884565114974976
4457,547,,,2018-08-04 14:13:23.439712,0.515625,1.323748230934143
4458,548,,,2018-08-04 14:13:24.302919,0.578125,1.0565420389175415
4459,549,,,2018-08-04 14:13:25.195843,0.609375,1.2227438688278198
4460,550,,,2018-08-04 14:13:26.123366,0.65625,1.0695446729660034
4461,551,,,2018-08-04 14:13:26.970193,0.53125,1.2536993026733398
4462,552,,,2018-08-04 14:13:27.791509,0.65625,1.0707279443740845
4463,553,,,2018-08-04 14:13:28.635888,0.640625,0.9291444420814514
4464,554,,,2018-08-04 14:13:29.498525,0.515625,1.155741572380066
4465,555,,,2018-08-04 14:13:30.386493,0.609375,0.9839458465576172
4466,556,,,2018-08-04 14:13:31.320256,0.65625,0.9666646122932434
4467,557,,,2018-08-04 14:13:32.244868,0.640625,0.9384235143661499
4468,558,,,2018-08-04 14:13:33.173232,0.671875,1.0512962341308594
4469,559,,,2018-08-04 14:13:34.105761,0.609375,1.0092628002166748
4470,560,0.4071,1.8376131057739258,2018-08-04 14:13:35.021970,0.5625,1.1074488162994385
4471,561,,,2018-08-04 14:14:25.532170,0.484375,1.6022205352783203
4472,562,,,2018-08-04 14:14:26.459330,0.578125,1.3643159866333008
4473,563,,,2018-08-04 14:14:27.358213,0.484375,1.3292877674102783
4474,564,,,2018-08-04 14:14:28.187379,0.640625,1.0319713354110718
4475,565,,,2018-08-04 14:14:29.023111,0.515625,1.305311679840088
4476,566,,,2018-08-04 14:14:29.875042,0.578125,1.1079339981079102
4477,567,,,2018-08-04 14:14:30.725672,0.484375,1.3903602361679077
4478,568,,,2018-08-04 14:14:31.677560,0.5625,1.1086927652359009
4479,569,,,2018-08-04 14:14:32.542166,0.5625,1.1829906702041626
4480,570,,,2018-08-04 14:14:33.401651,0.578125,1.2652604579925537
4481,571,,,2018-08-04 14:14:34.302447,0.625,1.1652041673660278
4482,572,,,2018-08-04 14:14:35.228932,0.578125,1.117841362953186
4483,573,,,2018-08-04 14:14:36.087338,0.578125,1.4142974615097046
4484,574,,,2018-08-04 14:14:36.919957,0.671875,1.0016528367996216
4485,575,,,2018-08-04 14:14:37.700619,0.640625,0.9253374934196472
4486,576,,,2018-08-04 14:14:38.560547,0.6875,0.99254310131073
4487,577,,,2018-08-04 14:14:39.484126,0.53125,1.147741436958313
4488,578,,,2018-08-04 14:14:40.320851,0.796875,0.8669657111167908
4489,579,,,2018-08-04 14:14:41.216358,0.671875,0.9036321640014648
4490,580,0.444,1.750284194946289,2018-08-04 14:14:42.016926,0.65625,1.0388245582580566
4491,581,,,2018-08-04 14:15:32.559094,0.5625,1.4424337148666382
4492,582,,,2018-08-04 14:15:33.424702,0.421875,1.5323430299758911
4493,583,,,2018-08-04 14:15:34.341213,0.546875,1.3818479776382446
4494,584,,,2018-08-04 14:15:35.303787,0.5,1.3231430053710938
4495,585,,,2018-08-04 14:15:36.180782,0.609375,1.043017864227295
4496,586,,,2018-08-04 14:15:37.065208,0.546875,1.1795927286148071
4497,587,,,2018-08-04 14:15:38.009951,0.671875,1.0588324069976807
4498,588,,,2018-08-04 14:15:38.750667,0.578125,1.0841633081436157
4499,589,,,2018-08-04 14:15:39.602363,0.578125,1.2476259469985962
4500,590,,,2018-08-04 14:15:40.468955,0.546875,1.1847330331802368
4501,591,,,2018-08-04 14:15:41.325144,0.671875,1.016808271408081
4502,592,,,2018-08-04 14:15:42.140115,0.625,1.1409902572631836
4503,593,,,2018-08-04 14:15:43.003736,0.578125,1.2107787132263184
4504,594,,,2018-08-04 14:15:43.847691,0.578125,1.0481699705123901
4505,595,,,2018-08-04 14:15:44.762164,0.640625,1.1835130453109741
4506,596,,,2018-08-04 14:15:45.679397,0.578125,1.104580044746399
4507,597,,,2018-08-04 14:15:46.616441,0.625,1.1892215013504028
4508,598,,,2018-08-04 14:15:47.458836,0.640625,1.095557689666748
4509,599,,,2018-08-04 14:15:48.309694,0.78125,0.8547045588493347
4510,600,0.4579,1.5525685548782349,2018-08-04 14:15:49.194691,0.671875,0.9291326999664307
4511,601,,,2018-08-04 14:16:37.930131,0.390625,1.67901611328125
4512,602,,,2018-08-04 14:16:38.820464,0.53125,1.2243233919143677
4513,603,,,2018-08-04 14:16:39.708268,0.65625,0.9548135995864868
4514,604,,,2018-08-04 14:16:40.641136,0.578125,1.0985361337661743
4515,605,,,2018-08-04 14:16:41.511137,0.546875,1.1890101432800293
4516,606,,,2018-08-04 14:16:42.417665,0.484375,1.2786056995391846
4517,607,,,2018-08-04 14:16:43.378899,0.625,1.1193042993545532
4518,608,,,2018-08-04 14:16:44.266351,0.546875,1.3201388120651245
4519,609,,,2018-08-04 14:16:45.121171,0.671875,1.051982045173645
4520,610,,,2018-08-04 14:16:46.068872,0.453125,1.3564605712890625
4521,611,,,2018-08-04 14:16:46.954107,0.453125,1.4787569046020508
4522,612,,,2018-08-04 14:16:47.879340,0.546875,1.173777461051941
4523,613,,,2018-08-04 14:16:48.842037,0.625,1.250497579574585
4524,614,,,2018-08-04 14:16:49.755552,0.609375,1.2162981033325195
4525,615,,,2018-08-04 14:16:50.710166,0.65625,1.1225236654281616
4526,616,,,2018-08-04 14:16:51.601015,0.671875,1.112267017364502
4527,617,,,2018-08-04 14:16:52.475153,0.59375,1.175857663154602
4528,618,,,2018-08-04 14:16:53.329210,0.6875,1.1031882762908936
4529,619,,,2018-08-04 14:16:54.264664,0.671875,0.9890629649162292
4530,620,0.4826,1.6445945501327515,2018-08-04 14:16:55.146467,0.640625,1.2130955457687378
4531,621,,,2018-08-04 14:17:43.749094,0.46875,1.6254620552062988
4532,622,,,2018-08-04 14:17:44.714986,0.546875,1.2726317644119263
4533,623,,,2018-08-04 14:17:45.590033,0.640625,1.0854823589324951
4534,624,,,2018-08-04 14:17:46.441914,0.578125,1.2621424198150635
4535,625,,,2018-08-04 14:17:47.313710,0.671875,0.9512427449226379
4536,626,,,2018-08-04 14:17:48.209813,0.625,1.205393671989441
4537,627,,,2018-08-04 14:17:49.167466,0.640625,1.0171056985855103
4538,628,,,2018-08-04 14:17:50.063251,0.609375,1.1100544929504395
4539,629,,,2018-08-04 14:17:50.890861,0.640625,1.1547554731369019
4540,630,,,2018-08-04 14:17:51.789044,0.578125,1.2805936336517334
4541,631,,,2018-08-04 14:17:52.695259,0.515625,1.4993892908096313
4542,632,,,2018-08-04 14:17:53.550806,0.59375,1.3230376243591309
4543,633,,,2018-08-04 14:17:54.452330,0.625,1.0833488702774048
4544,634,,,2018-08-04 14:17:55.411755,0.625,0.9707314372062683
4545,635,,,2018-08-04 14:17:56.349283,0.59375,1.0755164623260498
4546,636,,,2018-08-04 14:17:57.157668,0.6875,0.973028302192688
4547,637,,,2018-08-04 14:17:57.994311,0.609375,1.0694876909255981
4548,638,,,2018-08-04 14:17:58.946636,0.6875,0.88426673412323
4549,639,,,2018-08-04 14:17:59.868666,0.625,1.012859582901001
4550,640,0.4602,1.7645001411437988,2018-08-04 14:18:00.834767,0.703125,0.9881088733673096
4551,641,,,2018-08-04 14:18:50.109079,0.5,1.5791887044906616
4552,642,,,2018-08-04 14:18:50.973154,0.46875,1.3192830085754395
4553,643,,,2018-08-04 14:18:51.823097,0.5,1.2726401090621948
4554,644,,,2018-08-04 14:18:52.769686,0.53125,1.32162606716156
4555,645,,,2018-08-04 14:18:53.595357,0.546875,1.1557852029800415
4556,646,,,2018-08-04 14:18:54.530042,0.609375,1.1367532014846802
4557,647,,,2018-08-04 14:18:55.370714,0.640625,1.1310412883758545
4558,648,,,2018-08-04 14:18:56.274088,0.578125,1.1973432302474976
4559,649,,,2018-08-04 14:18:57.115715,0.578125,1.0177685022354126
4560,650,,,2018-08-04 14:18:57.967084,0.5625,1.1301190853118896
4561,651,,,2018-08-04 14:18:58.811302,0.53125,1.2530996799468994
4562,652,,,2018-08-04 14:18:59.710741,0.609375,1.2092839479446411
4563,653,,,2018-08-04 14:19:00.525114,0.53125,1.1308945417404175
4564,654,,,2018-08-04 14:19:01.497254,0.625,1.151027798652649
4565,655,,,2018-08-04 14:19:02.266638,0.609375,1.1385005712509155
4566,656,,,2018-08-04 14:19:03.133465,0.625,0.9552017450332642
4567,657,,,2018-08-04 14:19:03.977582,0.6875,1.0045297145843506
4568,658,,,2018-08-04 14:19:04.926224,0.578125,1.1735855340957642
4569,659,,,2018-08-04 14:19:05.744276,0.546875,1.2937166690826416
4570,660,0.4631,1.594109058380127,2018-08-04 14:19:06.597945,0.65625,1.017907738685608
4571,661,,,2018-08-04 14:19:53.978299,0.46875,1.5197818279266357
4572,662,,,2018-08-04 14:19:54.875590,0.546875,1.250481128692627
4573,663,,,2018-08-04 14:19:55.811376,0.5,1.4274495840072632
4574,664,,,2018-08-04 14:19:56.748024,0.546875,1.1602370738983154
4575,665,,,2018-08-04 14:19:57.619846,0.53125,1.1115995645523071
4576,666,,,2018-08-04 14:19:58.538153,0.640625,1.0864838361740112
4577,667,,,2018-08-04 14:19:59.342341,0.59375,1.154412865638733
4578,668,,,2018-08-04 14:20:00.295144,0.515625,1.2592520713806152
4579,669,,,2018-08-04 14:20:01.171649,0.546875,1.1935341358184814
4580,670,,,2018-08-04 14:20:02.051674,0.546875,1.1253193616867065
4581,671,,,2018-08-04 14:20:02.945014,0.5625,1.2290048599243164
4582,672,,,2018-08-04 14:20:03.897215,0.625,1.1279112100601196
4583,673,,,2018-08-04 14:20:04.805703,0.625,0.8846611380577087
4584,674,,,2018-08-04 14:20:05.689518,0.640625,1.178932547569275
4585,675,,,2018-08-04 14:20:06.587228,0.65625,1.0178306102752686
4586,676,,,2018-08-04 14:20:07.450998,0.75,0.8308823704719543
4587,677,,,2018-08-04 14:20:08.298034,0.546875,1.1003468036651611
4588,678,,,2018-08-04 14:20:09.225143,0.59375,1.1138571500778198
4589,679,,,2018-08-04 14:20:10.124548,0.453125,1.37769615650177
4590,680,0.4524,1.7950785160064697,2018-08-04 14:20:11.004139,0.703125,0.8669993281364441
4591,681,,,2018-08-04 14:20:59.594189,0.5625,1.4236770868301392
4592,682,,,2018-08-04 14:21:00.460192,0.5,1.5941752195358276
4593,683,,,2018-08-04 14:21:01.376677,0.578125,1.148870587348938
4594,684,,,2018-08-04 14:21:02.193306,0.546875,1.2025097608566284
4595,685,,,2018-08-04 14:21:03.104889,0.59375,1.0456290245056152
4596,686,,,2018-08-04 14:21:04.015978,0.59375,1.1323868036270142
4597,687,,,2018-08-04 14:21:04.911860,0.625,1.0572125911712646
4598,688,,,2018-08-04 14:21:05.738267,0.546875,1.1406688690185547
4599,689,,,2018-08-04 14:21:06.581190,0.65625,0.9770491123199463
4600,690,,,2018-08-04 14:21:07.552419,0.59375,1.132313847541809
4601,691,,,2018-08-04 14:21:08.494439,0.484375,1.285988688468933
4602,692,,,2018-08-04 14:21:09.407973,0.65625,0.9943177103996277
4603,693,,,2018-08-04 14:21:10.234406,0.6875,1.0191959142684937
4604,694,,,2018-08-04 14:21:11.101555,0.484375,1.2760769128799438
4605,695,,,2018-08-04 14:21:11.998097,0.609375,1.2558869123458862
4606,696,,,2018-08-04 14:21:12.879533,0.640625,1.0585651397705078
4607,697,,,2018-08-04 14:21:13.820331,0.578125,1.1510043144226074
4608,698,,,2018-08-04 14:21:14.725080,0.65625,1.0087084770202637
4609,699,,,2018-08-04 14:21:15.538907,0.578125,1.0258879661560059
4610,700,0.4246,1.9198144674301147,2018-08-04 14:21:16.457741,0.609375,0.9156440496444702
4611,701,,,2018-08-04 14:22:06.221745,0.609375,1.745356559753418
4612,702,,,2018-08-04 14:22:07.079228,0.453125,1.4627695083618164
4613,703,,,2018-08-04 14:22:07.926653,0.46875,1.2069858312606812
4614,704,,,2018-08-04 14:22:08.791528,0.59375,1.177771806716919
4615,705,,,2018-08-04 14:22:09.697317,0.5625,1.1335638761520386
4616,706,,,2018-08-04 14:22:10.634068,0.5625,1.1496069431304932
4617,707,,,2018-08-04 14:22:11.570457,0.46875,1.3973199129104614
4618,708,,,2018-08-04 14:22:12.441290,0.640625,1.0343620777130127
4619,709,,,2018-08-04 14:22:13.232451,0.578125,1.190841794013977
4620,710,,,2018-08-04 14:22:14.120363,0.546875,1.1472638845443726
4621,711,,,2018-08-04 14:22:15.041701,0.53125,1.2128751277923584
4622,712,,,2018-08-04 14:22:15.910689,0.640625,1.2351045608520508
4623,713,,,2018-08-04 14:22:16.702346,0.640625,1.1607917547225952
4624,714,,,2018-08-04 14:22:17.604240,0.65625,0.9751372337341309
4625,715,,,2018-08-04 14:22:18.357283,0.671875,0.959855854511261
4626,716,,,2018-08-04 14:22:19.148823,0.671875,1.1075981855392456
4627,717,,,2018-08-04 14:22:20.013095,0.671875,1.109423041343689
4628,718,,,2018-08-04 14:22:20.906395,0.671875,0.9524335861206055
4629,719,,,2018-08-04 14:22:21.773538,0.6875,0.8461847901344299
4630,720,0.4897,1.4980031251907349,2018-08-04 14:22:22.701084,0.65625,0.8904497623443604
4631,721,,,2018-08-04 14:23:11.497714,0.46875,1.4394960403442383
4632,722,,,2018-08-04 14:23:12.435355,0.59375,1.2018749713897705
4633,723,,,2018-08-04 14:23:13.317648,0.625,1.2239702939987183
4634,724,,,2018-08-04 14:23:14.291492,0.578125,1.1893216371536255
4635,725,,,2018-08-04 14:23:15.126681,0.46875,1.4710594415664673
4636,726,,,2018-08-04 14:23:16.031032,0.546875,1.0511367321014404
4637,727,,,2018-08-04 14:23:16.790872,0.671875,0.8996129631996155
4638,728,,,2018-08-04 14:23:17.611877,0.578125,1.1630419492721558
4639,729,,,2018-08-04 14:23:18.504976,0.59375,1.1011196374893188
4640,730,,,2018-08-04 14:23:19.432470,0.609375,1.3716285228729248
4641,731,,,2018-08-04 14:23:20.328641,0.625,1.111124873161316
4642,732,,,2018-08-04 14:23:21.232210,0.53125,1.2150887250900269
4643,733,,,2018-08-04 14:23:22.072525,0.515625,1.2705049514770508
4644,734,,,2018-08-04 14:23:22.973225,0.5625,1.0672844648361206
4645,735,,,2018-08-04 14:23:23.850482,0.4375,1.3382506370544434
4646,736,,,2018-08-04 14:23:24.751135,0.59375,1.1906603574752808
4647,737,,,2018-08-04 14:23:25.635846,0.5625,1.1301751136779785
4648,738,,,2018-08-04 14:23:26.489146,0.65625,0.9329094290733337
4649,739,,,2018-08-04 14:23:27.361998,0.53125,1.1988641023635864
4650,740,0.4841,1.5782325267791748,2018-08-04 14:23:28.273776,0.75,0.920703113079071
4651,741,,,2018-08-04 14:24:15.839437,0.453125,1.468932867050171
4652,742,,,2018-08-04 14:24:16.752219,0.515625,1.4754496812820435
4653,743,,,2018-08-04 14:24:17.661431,0.6875,0.9084771871566772
4654,744,,,2018-08-04 14:24:18.552442,0.609375,1.0730482339859009
4655,745,,,2018-08-04 14:24:19.402085,0.59375,1.1374597549438477
4656,746,,,2018-08-04 14:24:20.232679,0.703125,0.8248306512832642
4657,747,,,2018-08-04 14:24:21.155756,0.5625,1.0362510681152344
4658,748,,,2018-08-04 14:24:22.008678,0.640625,1.1359020471572876
4659,749,,,2018-08-04 14:24:22.844277,0.65625,1.0330215692520142
4660,750,,,2018-08-04 14:24:23.723699,0.609375,1.0853079557418823
4661,751,,,2018-08-04 14:24:24.596104,0.625,1.1609439849853516
4662,752,,,2018-08-04 14:24:25.403359,0.609375,1.0376230478286743
4663,753,,,2018-08-04 14:24:26.309909,0.515625,1.3094696998596191
4664,754,,,2018-08-04 14:24:27.140807,0.5625,1.3337950706481934
4665,755,,,2018-08-04 14:24:28.049363,0.640625,1.0089082717895508
4666,756,,,2018-08-04 14:24:28.814498,0.625,1.0769588947296143
4667,757,,,2018-08-04 14:24:29.739937,0.65625,1.0019875764846802
4668,758,,,2018-08-04 14:24:30.676591,0.625,1.0719448328018188
4669,759,,,2018-08-04 14:24:31.597248,0.5,1.1377135515213013
4670,760,0.4297,1.8795021772384644,2018-08-04 14:24:32.410213,0.578125,1.043130874633789
4671,761,,,2018-08-04 14:25:20.338577,0.421875,1.8989042043685913
4672,762,,,2018-08-04 14:25:21.175672,0.453125,1.3871906995773315
4673,763,,,2018-08-04 14:25:22.056793,0.5,1.4636623859405518
4674,764,,,2018-08-04 14:25:22.914276,0.609375,1.021822214126587
4675,765,,,2018-08-04 14:25:23.800955,0.65625,1.0873442888259888
4676,766,,,2018-08-04 14:25:24.684975,0.53125,1.2874994277954102
4677,767,,,2018-08-04 14:25:25.571681,0.5,1.1823686361312866
4678,768,,,2018-08-04 14:25:26.490041,0.53125,1.2697227001190186
4679,769,,,2018-08-04 14:25:27.352710,0.578125,1.140172004699707
4680,770,,,2018-08-04 14:25:28.298953,0.625,0.9197207093238831
4681,771,,,2018-08-04 14:25:29.217266,0.609375,1.0418215990066528
4682,772,,,2018-08-04 14:25:30.107716,0.65625,0.9906153678894043
4683,773,,,2018-08-04 14:25:30.970245,0.671875,0.9545454978942871
4684,774,,,2018-08-04 14:25:31.869444,0.609375,1.308916449546814
4685,775,,,2018-08-04 14:25:32.793007,0.6875,0.9256505370140076
4686,776,,,2018-08-04 14:25:33.684012,0.5,1.225861668586731
4687,777,,,2018-08-04 14:25:34.591233,0.65625,1.0170272588729858
4688,778,,,2018-08-04 14:25:35.449039,0.640625,0.9210720658302307
4689,779,,,2018-08-04 14:25:36.394702,0.640625,1.0967193841934204
4690,780,0.4503,1.6566095352172852,2018-08-04 14:25:37.280944,0.78125,0.7814561724662781
4691,781,,,2018-08-04 14:26:23.980163,0.4375,1.5204675197601318
4692,0,,,2018-08-04 14:27:10.428175,0.453125,1.4934585094451904
4693,1,,,2018-08-04 14:27:11.263263,0.5,1.3578705787658691
4694,2,,,2018-08-04 14:27:12.097912,0.609375,0.9593620300292969
4695,3,,,2018-08-04 14:27:12.950058,0.609375,1.1184335947036743
4696,4,,,2018-08-04 14:27:13.836289,0.546875,1.2758173942565918
4697,5,,,2018-08-04 14:27:14.740320,0.546875,1.0145055055618286
4698,6,,,2018-08-04 14:27:15.710880,0.484375,1.263311743736267
4699,7,,,2018-08-04 14:27:16.554322,0.65625,1.0274028778076172
4700,8,,,2018-08-04 14:27:17.651450,0.640625,1.068253517150879
4701,9,,,2018-08-04 14:27:18.574210,0.640625,0.9818568229675293
4702,10,,,2018-08-04 14:27:19.467548,0.734375,0.9364364147186279
4703,11,,,2018-08-04 14:27:20.357170,0.640625,0.935409665107727
4704,12,,,2018-08-04 14:27:21.272247,0.625,0.8897913098335266
4705,13,,,2018-08-04 14:27:22.191964,0.71875,0.8672600388526917
4706,14,,,2018-08-04 14:27:23.069815,0.640625,0.9618730545043945
4707,15,,,2018-08-04 14:27:23.894807,0.609375,1.107319712638855
4708,16,,,2018-08-04 14:27:24.732369,0.6875,0.8833222985267639
4709,17,,,2018-08-04 14:27:25.614994,0.6875,0.9639657139778137
4710,18,,,2018-08-04 14:27:26.533247,0.734375,0.8021474480628967
4711,19,,,2018-08-04 14:27:27.481344,0.578125,1.149580955505371
4712,20,0.5608,1.2641000747680664,2018-08-04 14:27:28.379852,0.515625,1.0429766178131104
4713,21,,,2018-08-04 14:28:15.328812,0.59375,0.9844627380371094
4714,22,,,2018-08-04 14:28:16.168471,0.671875,1.0588693618774414
4715,23,,,2018-08-04 14:28:16.975169,0.5,1.2940329313278198
4716,24,,,2018-08-04 14:28:17.791833,0.625,1.0044012069702148
4717,25,,,2018-08-04 14:28:18.629625,0.609375,1.0266733169555664
4718,26,,,2018-08-04 14:28:19.465617,0.65625,0.9095328450202942
4719,27,,,2018-08-04 14:28:20.298402,0.640625,1.0936733484268188
4720,28,,,2018-08-04 14:28:21.158703,0.65625,0.966589629650116
4721,29,,,2018-08-04 14:28:22.017301,0.46875,1.3169944286346436
4722,30,,,2018-08-04 14:28:22.874303,0.671875,1.003438949584961
4723,31,,,2018-08-04 14:28:23.681163,0.671875,0.9703471660614014
4724,32,,,2018-08-04 14:28:24.586372,0.59375,1.2122859954833984
4725,33,,,2018-08-04 14:28:25.396602,0.484375,1.1485700607299805
4726,34,,,2018-08-04 14:28:26.363883,0.5625,1.101340651512146
4727,35,,,2018-08-04 14:28:27.211181,0.71875,0.8392239212989807
4728,36,,,2018-08-04 14:28:28.097011,0.6875,0.9166627526283264
4729,37,,,2018-08-04 14:28:28.960253,0.65625,0.948581874370575
4730,38,,,2018-08-04 14:28:29.834859,0.578125,1.1337231397628784
4731,39,,,2018-08-04 14:28:30.707374,0.46875,1.3960437774658203
4732,40,0.5487,1.2731684446334839,2018-08-04 14:28:31.601277,0.5625,1.2589008808135986
4733,41,,,2018-08-04 14:29:18.325809,0.734375,0.8495627641677856
4734,42,,,2018-08-04 14:29:19.209523,0.65625,0.9795824289321899
4735,43,,,2018-08-04 14:29:20.061730,0.609375,0.9827089905738831
4736,44,,,2018-08-04 14:29:20.890781,0.640625,1.1250056028366089
4737,45,,,2018-08-04 14:29:21.814812,0.625,1.033260464668274
4738,46,,,2018-08-04 14:29:22.687264,0.640625,0.9797604084014893
4739,47,,,2018-08-04 14:29:23.581350,0.65625,0.9302574396133423
4740,48,,,2018-08-04 14:29:24.437816,0.703125,0.9441331028938293
4741,49,,,2018-08-04 14:29:25.311482,0.484375,1.4065792560577393
4742,50,,,2018-08-04 14:29:26.133268,0.546875,1.2093435525894165
4743,51,,,2018-08-04 14:29:27.014981,0.53125,1.28097403049469
4744,52,,,2018-08-04 14:29:27.868742,0.578125,0.9797624945640564
4745,53,,,2018-08-04 14:29:28.705570,0.671875,1.1154141426086426
4746,54,,,2018-08-04 14:29:29.498048,0.59375,1.1060377359390259
4747,55,,,2018-08-04 14:29:30.339478,0.765625,0.8127289414405823
4748,56,,,2018-08-04 14:29:31.216646,0.609375,0.9561647176742554
4749,57,,,2018-08-04 14:29:32.058146,0.640625,0.9057981967926025
4750,58,,,2018-08-04 14:29:32.963396,0.65625,0.9665049314498901
4751,59,,,2018-08-04 14:29:33.806386,0.453125,1.6146615743637085
4752,60,0.5086,1.3829576969146729,2018-08-04 14:29:34.703724,0.421875,1.592250108718872
4753,61,,,2018-08-04 14:30:21.790986,0.546875,1.1760965585708618
4754,62,,,2018-08-04 14:30:22.684735,0.578125,1.2600375413894653
4755,63,,,2018-08-04 14:30:23.532495,0.5625,1.1521703004837036
4756,64,,,2018-08-04 14:30:24.387536,0.578125,1.1309750080108643
4757,65,,,2018-08-04 14:30:25.239083,0.515625,1.3756942749023438
4758,66,,,2018-08-04 14:30:26.118695,0.59375,1.1699813604354858
4759,67,,,2018-08-04 14:30:26.934310,0.578125,1.3585096597671509
4760,68,,,2018-08-04 14:30:27.841845,0.625,1.0407289266586304
4761,69,,,2018-08-04 14:30:28.703997,0.5,1.3624731302261353
4762,70,,,2018-08-04 14:30:29.562280,0.734375,0.8639039397239685
4763,71,,,2018-08-04 14:30:30.445198,0.671875,1.1465173959732056
4764,72,,,2018-08-04 14:30:31.329231,0.71875,0.7182706594467163
4765,73,,,2018-08-04 14:30:32.155248,0.671875,0.8484290242195129
4766,74,,,2018-08-04 14:30:33.015287,0.765625,0.72312992811203
4767,75,,,2018-08-04 14:30:33.906951,0.671875,0.8915697336196899
4768,76,,,2018-08-04 14:30:34.721710,0.53125,1.1233679056167603
4769,77,,,2018-08-04 14:30:35.574145,0.671875,0.8986810445785522
4770,78,,,2018-08-04 14:30:36.456529,0.6875,0.9625241160392761
4771,79,,,2018-08-04 14:30:37.397229,0.515625,1.4762845039367676
4772,80,0.501,1.400968074798584,2018-08-04 14:30:38.283180,0.4375,1.3171141147613525
4773,81,,,2018-08-04 14:31:25.775236,0.5625,1.0950878858566284
4774,82,,,2018-08-04 14:31:26.601616,0.59375,1.076778531074524
4775,83,,,2018-08-04 14:31:27.443397,0.625,1.109070897102356
4776,84,,,2018-08-04 14:31:28.364130,0.65625,1.0815738439559937
4777,85,,,2018-08-04 14:31:29.175484,0.578125,1.2268880605697632
4778,86,,,2018-08-04 14:31:30.043753,0.71875,0.8963429927825928
4779,87,,,2018-08-04 14:31:30.878591,0.59375,1.109513282775879
4780,88,,,2018-08-04 14:31:31.643622,0.703125,0.8635128736495972
4781,89,,,2018-08-04 14:31:32.533790,0.609375,1.1667243242263794
4782,90,,,2018-08-04 14:31:33.424365,0.640625,1.0315688848495483
4783,91,,,2018-08-04 14:31:34.202784,0.703125,0.8440908193588257
4784,92,,,2018-08-04 14:31:35.208624,0.546875,1.061104655265808
4785,93,,,2018-08-04 14:31:36.076401,0.640625,1.0679833889007568
4786,94,,,2018-08-04 14:31:36.944277,0.5625,1.162778615951538
4787,95,,,2018-08-04 14:31:37.770096,0.640625,1.031600832939148
4788,96,,,2018-08-04 14:31:38.610425,0.65625,1.0230079889297485
4789,97,,,2018-08-04 14:31:39.503406,0.71875,0.985634982585907
4790,98,,,2018-08-04 14:31:40.422014,0.703125,0.9093984365463257
4791,99,,,2018-08-04 14:31:41.272283,0.40625,1.9018466472625732
4792,100,0.5557,1.2622435092926025,2018-08-04 14:31:42.094915,0.59375,1.2314311265945435
4793,101,,,2018-08-04 14:32:28.412749,0.65625,1.0412131547927856
4794,102,,,2018-08-04 14:32:29.260089,0.625,1.098595142364502
4795,103,,,2018-08-04 14:32:30.118321,0.59375,1.2369139194488525
4796,104,,,2018-08-04 14:32:31.033152,0.578125,1.1479802131652832
4797,105,,,2018-08-04 14:32:31.810913,0.734375,0.8390313982963562
4798,106,,,2018-08-04 14:32:32.660961,0.703125,0.8482076525688171
4799,107,,,2018-08-04 14:32:33.458368,0.546875,1.080499529838562
4800,108,,,2018-08-04 14:32:34.271101,0.6875,0.9254668951034546
4801,109,,,2018-08-04 14:32:35.104214,0.609375,1.2833279371261597
4802,110,,,2018-08-04 14:32:35.938427,0.4375,1.422876238822937
4803,111,,,2018-08-04 14:32:36.726509,0.703125,0.9337072372436523
4804,112,,,2018-08-04 14:32:37.571905,0.6875,1.017714023590088
4805,113,,,2018-08-04 14:32:38.398240,0.6875,0.8402045369148254
4806,114,,,2018-08-04 14:32:39.230332,0.78125,0.7418273091316223
4807,115,,,2018-08-04 14:32:40.131744,0.703125,0.904563307762146
4808,116,,,2018-08-04 14:32:41.022657,0.59375,1.1540056467056274
4809,117,,,2018-08-04 14:32:41.803437,0.671875,0.878278911113739
4810,118,,,2018-08-04 14:32:42.628563,0.6875,0.8248710632324219
4811,119,,,2018-08-04 14:32:43.525856,0.5,1.5530985593795776
4812,120,0.5574,1.2922570705413818,2018-08-04 14:32:44.394154,0.640625,0.913578987121582
4813,121,,,2018-08-04 14:33:33.081005,0.6875,0.9126752614974976
4814,122,,,2018-08-04 14:33:33.920645,0.625,1.0247043371200562
4815,123,,,2018-08-04 14:33:34.795742,0.515625,1.186845302581787
4816,124,,,2018-08-04 14:33:35.614466,0.6875,0.9143306612968445
4817,125,,,2018-08-04 14:33:36.479930,0.65625,0.7918790578842163
4818,126,,,2018-08-04 14:33:37.330203,0.5625,1.1184626817703247
4819,127,,,2018-08-04 14:33:38.275727,0.625,1.0309317111968994
4820,128,,,2018-08-04 14:33:39.112933,0.6875,0.9690960645675659
4821,129,,,2018-08-04 14:33:40.014374,0.5,1.4129701852798462
4822,130,,,2018-08-04 14:33:40.908376,0.5,1.185811996459961
4823,131,,,2018-08-04 14:33:41.822093,0.5625,1.2412489652633667
4824,132,,,2018-08-04 14:33:42.697783,0.40625,1.31741201877594
4825,133,,,2018-08-04 14:33:43.613861,0.59375,1.152299165725708
4826,134,,,2018-08-04 14:33:44.428643,0.609375,1.099035620689392
4827,135,,,2018-08-04 14:33:45.325390,0.609375,1.1053065061569214
4828,136,,,2018-08-04 14:33:46.208650,0.546875,1.2313481569290161
4829,137,,,2018-08-04 14:33:47.091764,0.65625,0.9770889282226562
4830,138,,,2018-08-04 14:33:47.921256,0.6875,0.8923126459121704
4831,139,,,2018-08-04 14:33:48.854167,0.46875,1.5482059717178345
4832,140,0.5009,1.3783138990402222,2018-08-04 14:33:49.719744,0.5,1.3443050384521484
4833,141,,,2018-08-04 14:34:36.688854,0.640625,1.0243077278137207
4834,142,,,2018-08-04 14:34:37.573577,0.59375,1.0522618293762207
4835,143,,,2018-08-04 14:34:38.431452,0.5,1.322043776512146
4836,144,,,2018-08-04 14:34:39.287524,0.65625,1.0458499193191528
4837,145,,,2018-08-04 14:34:40.152271,0.515625,1.488220453262329
4838,146,,,2018-08-04 14:34:41.002272,0.65625,1.0329058170318604
4839,147,,,2018-08-04 14:34:41.815399,0.625,1.0211009979248047
4840,148,,,2018-08-04 14:34:42.697211,0.59375,1.0200432538986206
4841,149,,,2018-08-04 14:34:43.554137,0.609375,1.038816213607788
4842,150,,,2018-08-04 14:34:44.428327,0.65625,0.9792515635490417
4843,151,,,2018-08-04 14:34:45.320467,0.75,0.9458313584327698
4844,152,,,2018-08-04 14:34:46.176165,0.578125,1.21713125705719
4845,153,,,2018-08-04 14:34:47.084761,0.5625,0.9599791169166565
4846,154,,,2018-08-04 14:34:47.896159,0.671875,1.0577117204666138
4847,155,,,2018-08-04 14:34:48.783190,0.75,0.7990807890892029
4848,156,,,2018-08-04 14:34:49.658300,0.671875,0.9309733510017395
4849,157,,,2018-08-04 14:34:50.508247,0.640625,0.8099889755249023
4850,158,,,2018-08-04 14:34:51.401940,0.65625,1.0126128196716309
4851,159,,,2018-08-04 14:34:52.263147,0.40625,1.7533730268478394
4852,160,0.5034,1.392046332359314,2018-08-04 14:34:53.138148,0.4375,1.650006890296936
4853,161,,,2018-08-04 14:35:40.192173,0.578125,1.2099320888519287
4854,162,,,2018-08-04 14:35:41.037903,0.5,1.2016432285308838
4855,163,,,2018-08-04 14:35:41.873768,0.640625,0.9440193176269531
4856,164,,,2018-08-04 14:35:42.726913,0.609375,1.0412806272506714
4857,165,,,2018-08-04 14:35:43.653479,0.640625,0.9656159281730652
4858,166,,,2018-08-04 14:35:44.533903,0.578125,0.9883559942245483
4859,167,,,2018-08-04 14:35:45.475423,0.65625,0.9889092445373535
4860,168,,,2018-08-04 14:35:46.375812,0.71875,0.8237054944038391
4861,169,,,2018-08-04 14:35:47.125848,0.59375,1.0134435892105103
4862,170,,,2018-08-04 14:35:48.057195,0.609375,1.145775318145752
4863,171,,,2018-08-04 14:35:48.878677,0.6875,0.9361400008201599
4864,172,,,2018-08-04 14:35:49.730718,0.65625,0.8837176561355591
4865,173,,,2018-08-04 14:35:50.558601,0.59375,1.0733394622802734
4866,174,,,2018-08-04 14:35:51.368083,0.546875,1.0740209817886353
4867,175,,,2018-08-04 14:35:52.148171,0.75,0.8655682802200317
4868,176,,,2018-08-04 14:35:53.084521,0.671875,0.8943023085594177
4869,177,,,2018-08-04 14:35:53.883217,0.515625,1.163914442062378
4870,178,,,2018-08-04 14:35:54.732552,0.6875,0.9309111833572388
4871,179,,,2018-08-04 14:35:55.605369,0.609375,1.2029023170471191
4872,180,0.514,1.4190597534179688,2018-08-04 14:35:56.474309,0.609375,1.2178997993469238
4873,181,,,2018-08-04 14:36:44.225305,0.46875,1.545363187789917
4874,182,,,2018-08-04 14:36:45.134395,0.71875,0.9139934778213501
4875,183,,,2018-08-04 14:36:46.069731,0.625,0.8879116773605347
4876,184,,,2018-08-04 14:36:46.906863,0.65625,0.9799296855926514
4877,185,,,2018-08-04 14:36:47.792271,0.640625,1.1298673152923584
4878,186,,,2018-08-04 14:36:48.651870,0.640625,1.0962401628494263
4879,187,,,2018-08-04 14:36:49.549939,0.671875,0.9122939705848694
4880,188,,,2018-08-04 14:36:50.366597,0.65625,0.9996128082275391
4881,189,,,2018-08-04 14:36:51.263012,0.65625,0.9957789778709412
4882,190,,,2018-08-04 14:36:52.057449,0.609375,1.1706899404525757
4883,191,,,2018-08-04 14:36:52.964561,0.578125,1.1089788675308228
4884,192,,,2018-08-04 14:36:53.821125,0.5625,1.1073580980300903
4885,193,,,2018-08-04 14:36:54.732304,0.578125,1.2172961235046387
4886,194,,,2018-08-04 14:36:55.578402,0.6875,0.9323545694351196
4887,195,,,2018-08-04 14:36:56.460976,0.59375,1.2229682207107544
4888,196,,,2018-08-04 14:36:57.296879,0.625,1.121086835861206
4889,197,,,2018-08-04 14:36:58.182294,0.640625,0.9162163138389587
4890,198,,,2018-08-04 14:36:59.020834,0.71875,0.7427360415458679
4891,199,,,2018-08-04 14:36:59.985135,0.546875,1.5209275484085083
4892,200,0.5189,1.3717902898788452,2018-08-04 14:37:00.858392,0.59375,1.2037639617919922
4893,201,,,2018-08-04 14:37:49.040863,0.546875,1.121587872505188
4894,202,,,2018-08-04 14:37:49.884530,0.515625,1.2343946695327759
4895,203,,,2018-08-04 14:37:50.707678,0.703125,0.7766366600990295
4896,204,,,2018-08-04 14:37:51.545044,0.578125,1.1547439098358154
4897,205,,,2018-08-04 14:37:52.427597,0.546875,1.2110239267349243
4898,206,,,2018-08-04 14:37:53.308522,0.625,1.055558204650879
4899,207,,,2018-08-04 14:37:54.162911,0.6875,0.8780050873756409
4900,208,,,2018-08-04 14:37:55.036431,0.734375,0.7462297677993774
4901,209,,,2018-08-04 14:37:56.011748,0.65625,1.093782663345337
4902,210,,,2018-08-04 14:37:56.868922,0.625,1.0041720867156982
4903,211,,,2018-08-04 14:37:57.809992,0.625,1.0694319009780884
4904,212,,,2018-08-04 14:37:58.722783,0.625,0.8581089973449707
4905,213,,,2018-08-04 14:37:59.543167,0.53125,1.2955265045166016
4906,214,,,2018-08-04 14:38:00.475337,0.640625,1.0621216297149658
4907,215,,,2018-08-04 14:38:01.350198,0.625,0.9969300627708435
4908,216,,,2018-08-04 14:38:02.270738,0.609375,0.8994449973106384
4909,217,,,2018-08-04 14:38:03.143286,0.671875,0.9985109567642212
4910,218,,,2018-08-04 14:38:03.978403,0.671875,1.0033563375473022
4911,219,,,2018-08-04 14:38:04.835858,0.5625,1.3397352695465088
4912,220,0.5536,1.268967628479004,2018-08-04 14:38:05.682442,0.640625,1.1476781368255615
4913,221,,,2018-08-04 14:38:54.330362,0.734375,0.8660421967506409
4914,222,,,2018-08-04 14:38:55.199158,0.53125,1.274788737297058
4915,223,,,2018-08-04 14:38:56.043711,0.65625,0.9442878365516663
4916,224,,,2018-08-04 14:38:56.947668,0.640625,0.9720231890678406
4917,225,,,2018-08-04 14:38:57.799422,0.640625,0.9149651527404785
4918,226,,,2018-08-04 14:38:58.744690,0.6875,0.9983664751052856
4919,227,,,2018-08-04 14:38:59.598787,0.796875,0.6876028776168823
4920,228,,,2018-08-04 14:39:00.524775,0.6875,0.881942868232727
4921,229,,,2018-08-04 14:39:01.384905,0.4375,1.3488948345184326
4922,230,,,2018-08-04 14:39:02.217276,0.59375,1.022371768951416
4923,231,,,2018-08-04 14:39:03.155389,0.53125,1.1589939594268799
4924,232,,,2018-08-04 14:39:04.040583,0.734375,0.7204499840736389
4925,233,,,2018-08-04 14:39:04.910492,0.609375,1.090611457824707
4926,234,,,2018-08-04 14:39:05.776847,0.46875,1.2044851779937744
4927,235,,,2018-08-04 14:39:06.613084,0.640625,0.9419350624084473
4928,236,,,2018-08-04 14:39:07.535817,0.609375,1.1561535596847534
4929,237,,,2018-08-04 14:39:08.400829,0.703125,0.8207934498786926
4930,238,,,2018-08-04 14:39:09.297329,0.734375,0.6857380270957947
4931,239,,,2018-08-04 14:39:10.204499,0.484375,1.9454376697540283
4932,240,0.5245,1.4044814109802246,2018-08-04 14:39:11.153782,0.546875,1.5037190914154053
4933,241,,,2018-08-04 14:40:01.722315,0.46875,1.465767502784729
4934,242,,,2018-08-04 14:40:02.605138,0.578125,1.2253326177597046
4935,243,,,2018-08-04 14:40:03.445036,0.625,1.1049745082855225
4936,244,,,2018-08-04 14:40:04.290043,0.6875,0.7903287410736084
4937,245,,,2018-08-04 14:40:05.219678,0.640625,1.1321558952331543
4938,246,,,2018-08-04 14:40:06.089841,0.59375,1.0723872184753418
4939,247,,,2018-08-04 14:40:06.937819,0.625,1.0173091888427734
4940,248,,,2018-08-04 14:40:07.813223,0.6875,1.0029277801513672
4941,249,,,2018-08-04 14:40:08.709252,0.578125,0.991701602935791
4942,250,,,2018-08-04 14:40:09.605848,0.609375,0.9449520111083984
4943,251,,,2018-08-04 14:40:10.512536,0.5625,1.0874264240264893
4944,252,,,2018-08-04 14:40:11.367381,0.6875,1.0120046138763428
4945,253,,,2018-08-04 14:40:12.211550,0.765625,0.8514964580535889
4946,254,,,2018-08-04 14:40:13.093285,0.640625,0.9098899364471436
4947,255,,,2018-08-04 14:40:13.985009,0.546875,1.074406623840332
4948,256,,,2018-08-04 14:40:14.864841,0.71875,0.9322046637535095
4949,257,,,2018-08-04 14:40:15.757079,0.65625,0.7811094522476196
4950,258,,,2018-08-04 14:40:16.693058,0.59375,0.9824002385139465
4951,259,,,2018-08-04 14:40:17.610888,0.5,1.660469651222229
4952,260,0.5176,1.360200047492981,2018-08-04 14:40:18.482919,0.546875,1.4755187034606934
4953,261,,,2018-08-04 14:41:08.621332,0.53125,1.2945438623428345
4954,262,,,2018-08-04 14:41:09.557929,0.609375,1.0132864713668823
4955,263,,,2018-08-04 14:41:10.458198,0.625,1.0276424884796143
4956,264,,,2018-08-04 14:41:11.338653,0.515625,1.20622980594635
4957,265,,,2018-08-04 14:41:12.181646,0.6875,0.9077513813972473
4958,266,,,2018-08-04 14:41:13.085112,0.609375,0.8597226738929749
4959,267,,,2018-08-04 14:41:13.975154,0.71875,0.9228383302688599
4960,268,,,2018-08-04 14:41:14.854456,0.734375,0.9522429704666138
4961,269,,,2018-08-04 14:41:15.758421,0.53125,1.326452612876892
4962,270,,,2018-08-04 14:41:16.659558,0.59375,1.0682930946350098
4963,271,,,2018-08-04 14:41:17.551794,0.6875,0.885815441608429
4964,272,,,2018-08-04 14:41:18.406640,0.703125,0.8903161883354187
4965,273,,,2018-08-04 14:41:19.352460,0.75,0.8722129464149475
4966,274,,,2018-08-04 14:41:20.213802,0.609375,1.1924939155578613
4967,275,,,2018-08-04 14:41:21.019246,0.640625,0.8987442255020142
4968,276,,,2018-08-04 14:41:21.861923,0.640625,0.946437418460846
4969,277,,,2018-08-04 14:41:22.842379,0.59375,1.0254055261611938
4970,278,,,2018-08-04 14:41:23.796009,0.84375,0.8268036246299744
4971,279,,,2018-08-04 14:41:24.676443,0.5,1.5093836784362793
4972,280,0.5494,1.2990790605545044,2018-08-04 14:41:25.570800,0.578125,1.3687793016433716
4973,281,,,2018-08-04 14:42:14.793378,0.609375,1.2472275495529175
4974,282,,,2018-08-04 14:42:15.683839,0.65625,0.9479003548622131
4975,283,,,2018-08-04 14:42:16.602218,0.640625,1.0545259714126587
4976,284,,,2018-08-04 14:42:17.556960,0.703125,0.9047858715057373
4977,285,,,2018-08-04 14:42:18.409627,0.71875,0.8730312585830688
4978,286,,,2018-08-04 14:42:19.238580,0.671875,0.9863818287849426
4979,287,,,2018-08-04 14:42:20.134674,0.671875,1.0280735492706299
4980,288,,,2018-08-04 14:42:21.022771,0.6875,0.9212987422943115
4981,289,,,2018-08-04 14:42:21.978118,0.625,1.2493395805358887
4982,290,,,2018-08-04 14:42:22.868052,0.640625,0.8847770094871521
4983,291,,,2018-08-04 14:42:23.701013,0.640625,0.970792293548584
4984,292,,,2018-08-04 14:42:24.599175,0.65625,0.9570597410202026
4985,293,,,2018-08-04 14:42:25.430974,0.609375,0.9262790679931641
4986,294,,,2018-08-04 14:42:26.245546,0.640625,0.9007084965705872
4987,295,,,2018-08-04 14:42:27.057891,0.609375,1.1477108001708984
4988,296,,,2018-08-04 14:42:27.961376,0.625,1.0021812915802002
4989,297,,,2018-08-04 14:42:28.819750,0.578125,1.0583304166793823
4990,298,,,2018-08-04 14:42:29.675481,0.703125,1.0008370876312256
4991,299,,,2018-08-04 14:42:30.558476,0.46875,1.6423605680465698
4992,300,0.5601,1.2897573709487915,2018-08-04 14:42:31.433908,0.53125,1.2821834087371826
4993,301,,,2018-08-04 14:43:21.967697,0.703125,0.9823448061943054
4994,302,,,2018-08-04 14:43:22.918670,0.625,1.0572750568389893
4995,303,,,2018-08-04 14:43:23.845457,0.71875,1.1214126348495483
4996,304,,,2018-08-04 14:43:24.647009,0.6875,0.9311886429786682
4997,305,,,2018-08-04 14:43:25.473712,0.546875,1.2115395069122314
4998,306,,,2018-08-04 14:43:26.375444,0.578125,1.0207314491271973
4999,307,,,2018-08-04 14:43:27.295707,0.5625,0.9910362958908081
5000,308,,,2018-08-04 14:43:28.215542,0.75,0.7488011121749878
5001,309,,,2018-08-04 14:43:29.035947,0.46875,1.3177460432052612
5002,310,,,2018-08-04 14:43:29.933043,0.640625,1.0067228078842163
5003,311,,,2018-08-04 14:43:30.850760,0.609375,1.0843256711959839
5004,312,,,2018-08-04 14:43:31.684418,0.671875,0.8740765452384949
5005,313,,,2018-08-04 14:43:32.608577,0.546875,1.3293964862823486
5006,314,,,2018-08-04 14:43:33.617435,0.8125,0.8261643052101135
5007,315,,,2018-08-04 14:43:34.581260,0.671875,0.9363378286361694
5008,316,,,2018-08-04 14:43:35.547780,0.703125,0.816046953201294
5009,317,,,2018-08-04 14:43:36.404533,0.625,1.1621102094650269
5010,318,,,2018-08-04 14:43:37.383238,0.703125,0.8396931290626526
5011,319,,,2018-08-04 14:43:38.283473,0.46875,2.1277761459350586
5012,320,0.5546,1.26710045337677,2018-08-04 14:43:39.144954,0.546875,1.2629953622817993
5013,321,,,2018-08-04 14:44:27.286598,0.625,1.2527806758880615
5014,322,,,2018-08-04 14:44:28.153978,0.65625,1.0542926788330078
5015,323,,,2018-08-04 14:44:29.006009,0.625,1.0210508108139038
5016,324,,,2018-08-04 14:44:29.880627,0.671875,0.9569830894470215
5017,325,,,2018-08-04 14:44:30.768528,0.625,1.0074684619903564
5018,326,,,2018-08-04 14:44:31.630115,0.625,0.9180240631103516
5019,327,,,2018-08-04 14:44:32.488648,0.578125,1.0094588994979858
5020,328,,,2018-08-04 14:44:33.326115,0.71875,0.8773183822631836
5021,329,,,2018-08-04 14:44:34.186890,0.453125,1.4270015954971313
5022,330,,,2018-08-04 14:44:35.175989,0.5625,1.213064193725586
5023,331,,,2018-08-04 14:44:36.023085,0.703125,0.991914689540863
5024,332,,,2018-08-04 14:44:36.934545,0.6875,1.0366653203964233
5025,333,,,2018-08-04 14:44:37.863527,0.640625,1.022740125656128
5026,334,,,2018-08-04 14:44:38.708241,0.671875,0.9090160131454468
5027,335,,,2018-08-04 14:44:39.585891,0.625,1.0913653373718262
5028,336,,,2018-08-04 14:44:40.499953,0.5625,1.105393648147583
5029,337,,,2018-08-04 14:44:41.389120,0.703125,0.8151862621307373
5030,338,,,2018-08-04 14:44:42.307788,0.734375,0.822638213634491
5031,339,,,2018-08-04 14:44:43.221373,0.453125,1.6945186853408813
5032,340,0.5125,1.3852245807647705,2018-08-04 14:44:44.134734,0.515625,1.5068368911743164
5033,341,,,2018-08-04 14:45:34.853299,0.609375,1.1334012746810913
5034,342,,,2018-08-04 14:45:35.741385,0.5625,1.2882788181304932
5035,343,,,2018-08-04 14:45:36.564348,0.578125,1.3155932426452637
5036,344,,,2018-08-04 14:45:37.443995,0.59375,1.0320887565612793
5037,345,,,2018-08-04 14:45:38.302177,0.703125,0.8955874443054199
5038,346,,,2018-08-04 14:45:39.166971,0.6875,0.958328127861023
5039,347,,,2018-08-04 14:45:40.025131,0.546875,1.319515347480774
5040,348,,,2018-08-04 14:45:40.830982,0.609375,1.1115241050720215
5041,349,,,2018-08-04 14:45:41.656559,0.546875,1.1782840490341187
5042,350,,,2018-08-04 14:45:42.474256,0.484375,1.1877241134643555
5043,351,,,2018-08-04 14:45:43.392706,0.578125,1.2716883420944214
5044,352,,,2018-08-04 14:45:44.313457,0.625,1.045661211013794
5045,353,,,2018-08-04 14:45:45.207260,0.59375,1.0772987604141235
5046,354,,,2018-08-04 14:45:46.148994,0.6875,0.9448010325431824
5047,355,,,2018-08-04 14:45:47.066146,0.5625,1.100703477859497
5048,356,,,2018-08-04 14:45:47.966164,0.59375,1.0705701112747192
5049,357,,,2018-08-04 14:45:48.833516,0.609375,1.197519302368164
5050,358,,,2018-08-04 14:45:49.582543,0.71875,0.9001842737197876
5051,359,,,2018-08-04 14:45:50.454989,0.53125,1.242926001548767
5052,360,0.5402,1.3252530097961426,2018-08-04 14:45:51.346472,0.515625,1.429640769958496
5053,361,,,2018-08-04 14:46:41.777666,0.578125,1.3208506107330322
5054,362,,,2018-08-04 14:46:42.703020,0.640625,1.0564184188842773
5055,363,,,2018-08-04 14:46:43.587101,0.578125,1.0022846460342407
5056,364,,,2018-08-04 14:46:44.516806,0.609375,1.050017237663269
5057,365,,,2018-08-04 14:46:45.417009,0.609375,0.9974207878112793
5058,366,,,2018-08-04 14:46:46.341006,0.6875,0.885545015335083
5059,367,,,2018-08-04 14:46:47.227502,0.65625,1.20598566532135
5060,368,,,2018-08-04 14:46:48.177983,0.609375,1.0340319871902466
5061,369,,,2018-08-04 14:46:49.084545,0.609375,1.018618106842041
5062,370,,,2018-08-04 14:46:49.949402,0.578125,1.1930489540100098
5063,371,,,2018-08-04 14:46:50.903423,0.640625,0.9081382751464844
5064,372,,,2018-08-04 14:46:51.807601,0.734375,0.9117381572723389
5065,373,,,2018-08-04 14:46:52.690229,0.578125,1.1064860820770264
5066,374,,,2018-08-04 14:46:53.543496,0.671875,0.9619227051734924
5067,375,,,2018-08-04 14:46:54.362897,0.671875,0.9066919088363647
5068,376,,,2018-08-04 14:46:55.197388,0.5625,1.1392621994018555
5069,377,,,2018-08-04 14:46:56.110393,0.84375,0.6260361075401306
5070,378,,,2018-08-04 14:46:56.997362,0.640625,1.0653924942016602
5071,379,,,2018-08-04 14:46:57.903481,0.484375,1.5120019912719727
5072,380,0.5385,1.3049626350402832,2018-08-04 14:46:58.697652,0.546875,1.1602463722229004
5073,381,,,2018-08-04 14:47:50.449040,0.53125,1.3482611179351807
5074,382,,,2018-08-04 14:47:51.288495,0.640625,1.0359406471252441
5075,383,,,2018-08-04 14:47:52.154793,0.5625,1.1019585132598877
5076,384,,,2018-08-04 14:47:53.058596,0.59375,1.1503599882125854
5077,385,,,2018-08-04 14:47:53.961928,0.640625,1.007819414138794
5078,386,,,2018-08-04 14:47:54.876636,0.625,0.9830365777015686
5079,387,,,2018-08-04 14:47:55.812067,0.65625,1.0778210163116455
5080,388,,,2018-08-04 14:47:56.690524,0.53125,1.1073195934295654
5081,389,,,2018-08-04 14:47:57.618952,0.71875,1.0281671285629272
5082,390,,,2018-08-04 14:47:58.578098,0.5,1.3040920495986938
5083,391,,,2018-08-04 14:47:59.512129,0.609375,1.1630630493164062
5084,392,,,2018-08-04 14:48:00.363345,0.65625,0.9482895135879517
5085,393,,,2018-08-04 14:48:01.264931,0.75,0.7552893161773682
5086,394,,,2018-08-04 14:48:02.140391,0.65625,1.0571529865264893
5087,395,,,2018-08-04 14:48:03.013624,0.71875,0.8881533145904541
5088,396,,,2018-08-04 14:48:03.916818,0.625,1.070850133895874
5089,397,,,2018-08-04 14:48:04.768863,0.734375,0.7470130324363708
5090,398,,,2018-08-04 14:48:05.575460,0.640625,1.1759288311004639
5091,399,,,2018-08-04 14:48:06.441312,0.5,1.4092025756835938
5092,400,0.5564,1.3123881816864014,2018-08-04 14:48:07.322135,0.59375,1.2019520998001099
5093,401,,,2018-08-04 14:48:57.000964,0.625,1.0394648313522339
5094,402,,,2018-08-04 14:48:57.840755,0.5625,0.97098308801651
5095,403,,,2018-08-04 14:48:58.710992,0.5625,1.0088036060333252
5096,404,,,2018-08-04 14:48:59.638606,0.671875,0.7909444570541382
5097,405,,,2018-08-04 14:49:00.545904,0.703125,0.8907075524330139
5098,406,,,2018-08-04 14:49:01.444032,0.6875,0.7787368297576904
5099,407,,,2018-08-04 14:49:02.419707,0.640625,1.0155054330825806
5100,408,,,2018-08-04 14:49:03.325375,0.71875,1.0407187938690186
5101,409,,,2018-08-04 14:49:04.196611,0.53125,1.3409955501556396
5102,410,,,2018-08-04 14:49:05.098620,0.625,0.9553746581077576
5103,411,,,2018-08-04 14:49:06.088003,0.609375,1.0155874490737915
5104,412,,,2018-08-04 14:49:06.987113,0.609375,1.0484780073165894
5105,413,,,2018-08-04 14:49:07.868700,0.5625,1.033887267112732
5106,414,,,2018-08-04 14:49:08.773147,0.734375,0.8634210228919983
5107,415,,,2018-08-04 14:49:09.632061,0.6875,0.8629988431930542
5108,416,,,2018-08-04 14:49:10.438096,0.65625,1.053407907485962
5109,417,,,2018-08-04 14:49:11.331027,0.65625,1.0048495531082153
5110,418,,,2018-08-04 14:49:12.248147,0.75,0.6913536787033081
5111,419,,,2018-08-04 14:49:13.193363,0.4375,2.041736125946045
5112,420,0.5299,1.3498167991638184,2018-08-04 14:49:14.105163,0.5,1.3677161931991577
5113,421,,,2018-08-04 14:50:04.131803,0.59375,1.1482917070388794
5114,422,,,2018-08-04 14:50:05.021311,0.671875,0.9531198740005493
5115,423,,,2018-08-04 14:50:05.873627,0.578125,1.1573538780212402
5116,424,,,2018-08-04 14:50:06.726244,0.6875,0.9807470440864563
5117,425,,,2018-08-04 14:50:07.604011,0.78125,0.7383610010147095
5118,426,,,2018-08-04 14:50:08.484557,0.65625,1.0264729261398315
5119,427,,,2018-08-04 14:50:09.408795,0.5625,1.207746148109436
5120,428,,,2018-08-04 14:50:10.387826,0.640625,1.0116705894470215
5121,429,,,2018-08-04 14:50:11.353402,0.65625,1.003800868988037
5122,430,,,2018-08-04 14:50:12.250282,0.59375,1.077222228050232
5123,431,,,2018-08-04 14:50:13.095493,0.71875,0.6845957040786743
5124,432,,,2018-08-04 14:50:14.075968,0.671875,0.8064506649971008
5125,433,,,2018-08-04 14:50:14.983169,0.609375,0.9978064894676208
5126,434,,,2018-08-04 14:50:15.906518,0.59375,1.183948278427124
5127,435,,,2018-08-04 14:50:16.771291,0.625,1.1014305353164673
5128,436,,,2018-08-04 14:50:17.657273,0.609375,1.023231029510498
5129,437,,,2018-08-04 14:50:18.556329,0.65625,1.0580276250839233
5130,438,,,2018-08-04 14:50:19.367159,0.671875,0.9714025855064392
5131,439,,,2018-08-04 14:50:20.266060,0.46875,1.5497336387634277
5132,440,0.5096,1.369925856590271,2018-08-04 14:50:21.130279,0.4375,1.5611850023269653
5133,441,,,2018-08-04 14:51:10.873826,0.484375,1.2911652326583862
5134,442,,,2018-08-04 14:51:11.792149,0.609375,1.1907341480255127
5135,443,,,2018-08-04 14:51:12.692275,0.546875,1.2206259965896606
5136,444,,,2018-08-04 14:51:13.530246,0.640625,1.0439231395721436
5137,445,,,2018-08-04 14:51:14.354034,0.640625,0.8987430930137634
5138,446,,,2018-08-04 14:51:15.248041,0.640625,0.9149152040481567
5139,447,,,2018-08-04 14:51:16.149079,0.625,1.1399977207183838
5140,448,,,2018-08-04 14:51:17.036747,0.671875,0.9249142408370972
5141,449,,,2018-08-04 14:51:17.956678,0.53125,1.3479869365692139
5142,450,,,2018-08-04 14:51:18.875852,0.703125,0.9547724723815918
5143,451,,,2018-08-04 14:51:19.734188,0.5625,1.1644666194915771
5144,452,,,2018-08-04 14:51:20.607412,0.640625,1.017526626586914
5145,453,,,2018-08-04 14:51:21.520116,0.65625,1.0074065923690796
5146,454,,,2018-08-04 14:51:22.423850,0.609375,0.9935557246208191
5147,455,,,2018-08-04 14:51:23.344118,0.625,0.9924799799919128
5148,456,,,2018-08-04 14:51:24.259671,0.796875,0.6610905528068542
5149,457,,,2018-08-04 14:51:25.114307,0.640625,1.0267785787582397
5150,458,,,2018-08-04 14:51:26.009526,0.71875,0.8219518661499023
5151,459,,,2018-08-04 14:51:26.917582,0.578125,1.270755648612976
5152,460,0.5152,1.4030472040176392,2018-08-04 14:51:27.799970,0.484375,1.4031589031219482
5153,461,,,2018-08-04 14:52:16.845049,0.609375,1.1722569465637207
5154,462,,,2018-08-04 14:52:17.685366,0.640625,0.9559080004692078
5155,463,,,2018-08-04 14:52:18.587914,0.546875,1.1204464435577393
5156,464,,,2018-08-04 14:52:19.490917,0.765625,0.6797645092010498
5157,465,,,2018-08-04 14:52:20.399537,0.6875,0.9454599618911743
5158,466,,,2018-08-04 14:52:21.296761,0.609375,1.0221916437149048
5159,467,,,2018-08-04 14:52:22.226029,0.6875,1.0010182857513428
5160,468,,,2018-08-04 14:52:23.135078,0.640625,0.8599293828010559
5161,469,,,2018-08-04 14:52:24.080345,0.546875,1.1435514688491821
5162,470,,,2018-08-04 14:52:24.928449,0.6875,1.1127443313598633
5163,471,,,2018-08-04 14:52:25.854713,0.625,1.122196912765503
5164,472,,,2018-08-04 14:52:26.765996,0.609375,1.1112446784973145
5165,473,,,2018-08-04 14:52:27.729442,0.71875,0.9267880320549011
5166,474,,,2018-08-04 14:52:28.710419,0.703125,0.7364261150360107
5167,475,,,2018-08-04 14:52:29.706403,0.8125,0.7171651124954224
5168,476,,,2018-08-04 14:52:30.561597,0.65625,0.9244723320007324
5169,477,,,2018-08-04 14:52:31.464116,0.640625,0.8086007833480835
5170,478,,,2018-08-04 14:52:32.435367,0.59375,1.0422561168670654
5171,479,,,2018-08-04 14:52:33.334990,0.46875,1.5733890533447266
5172,480,0.5634,1.2608774900436401,2018-08-04 14:52:34.177126,0.625,1.2083830833435059
5173,481,,,2018-08-04 14:53:24.521836,0.625,1.1894240379333496
5174,482,,,2018-08-04 14:53:25.506148,0.71875,0.7808377146720886
5175,483,,,2018-08-04 14:53:26.405734,0.59375,1.160918116569519
5176,484,,,2018-08-04 14:53:27.338051,0.65625,0.9523656964302063
5177,485,,,2018-08-04 14:53:28.216261,0.6875,0.9030044674873352
5178,486,,,2018-08-04 14:53:29.152599,0.65625,0.9671618938446045
5179,487,,,2018-08-04 14:53:30.052287,0.6875,1.0092942714691162
5180,488,,,2018-08-04 14:53:30.950926,0.640625,1.035412311553955
5181,489,,,2018-08-04 14:53:31.883525,0.515625,1.2458025217056274
5182,490,,,2018-08-04 14:53:32.800606,0.625,1.1573936939239502
5183,491,,,2018-08-04 14:53:33.731253,0.6875,0.9906579256057739
5184,492,,,2018-08-04 14:53:34.570092,0.5625,1.1947877407073975
5185,493,,,2018-08-04 14:53:35.487407,0.59375,1.1389738321304321
5186,494,,,2018-08-04 14:53:36.438832,0.59375,0.9794552326202393
5187,495,,,2018-08-04 14:53:37.365752,0.75,0.7197021842002869
5188,496,,,2018-08-04 14:53:38.347010,0.625,0.9953739643096924
5189,497,,,2018-08-04 14:53:39.296601,0.640625,0.9788257479667664
5190,498,,,2018-08-04 14:53:40.243449,0.71875,0.8888159990310669
5191,499,,,2018-08-04 14:53:41.169185,0.453125,1.6670969724655151
5192,500,0.5652,1.2890673875808716,2018-08-04 14:53:42.105363,0.546875,1.3756029605865479
5193,501,,,2018-08-04 14:54:32.814828,0.515625,1.2841036319732666
5194,502,,,2018-08-04 14:54:33.717035,0.671875,1.0277578830718994
5195,503,,,2018-08-04 14:54:34.629482,0.53125,1.1469069719314575
5196,504,,,2018-08-04 14:54:35.592792,0.609375,0.975708544254303
5197,505,,,2018-08-04 14:54:36.559194,0.703125,0.9074985384941101
5198,506,,,2018-08-04 14:54:37.527816,0.75,0.8036326169967651
5199,507,,,2018-08-04 14:54:38.451828,0.65625,1.035435438156128
5200,508,,,2018-08-04 14:54:39.416244,0.59375,1.0601236820220947
5201,509,,,2018-08-04 14:54:40.269858,0.609375,1.1785773038864136
5202,510,,,2018-08-04 14:54:41.168677,0.5,1.3061264753341675
5203,511,,,2018-08-04 14:54:42.111156,0.5625,1.3147759437561035
5204,512,,,2018-08-04 14:54:43.024307,0.578125,1.231292486190796
5205,513,,,2018-08-04 14:54:43.945469,0.71875,0.8309671878814697
5206,514,,,2018-08-04 14:54:44.842055,0.703125,0.8347641825675964
5207,515,,,2018-08-04 14:54:45.806520,0.640625,0.9450072646141052
5208,516,,,2018-08-04 14:54:46.769463,0.65625,0.9561764001846313
5209,517,,,2018-08-04 14:54:47.736824,0.640625,0.9913041591644287
5210,518,,,2018-08-04 14:54:48.696680,0.65625,0.8815351128578186
5211,519,,,2018-08-04 14:54:49.590709,0.484375,1.5011109113693237
5212,520,0.5028,1.4033029079437256,2018-08-04 14:54:50.418769,0.46875,1.6501458883285522
5213,521,,,2018-08-04 14:55:43.020988,0.53125,1.3581156730651855
5214,522,,,2018-08-04 14:55:43.965635,0.609375,1.077531099319458
5215,523,,,2018-08-04 14:55:44.871149,0.6875,0.9494451880455017
5216,524,,,2018-08-04 14:55:45.767862,0.65625,0.9304237961769104
5217,525,,,2018-08-04 14:55:46.655963,0.5625,1.1494675874710083
5218,526,,,2018-08-04 14:55:47.585206,0.671875,0.9645586609840393
5219,527,,,2018-08-04 14:55:48.541842,0.625,1.050555944442749
5220,528,,,2018-08-04 14:55:49.446402,0.5,1.0866281986236572
5221,529,,,2018-08-04 14:55:50.340798,0.703125,0.7998017072677612
5222,530,,,2018-08-04 14:55:51.236134,0.609375,1.0884162187576294
5223,531,,,2018-08-04 14:55:52.131217,0.59375,1.1330411434173584
5224,532,,,2018-08-04 14:55:53.054988,0.703125,0.9832958579063416
5225,533,,,2018-08-04 14:55:53.995880,0.796875,0.8258236050605774
5226,534,,,2018-08-04 14:55:54.853098,0.609375,1.1768081188201904
5227,535,,,2018-08-04 14:55:55.754526,0.765625,0.8019925951957703
5228,536,,,2018-08-04 14:55:56.663988,0.609375,1.099669337272644
5229,537,,,2018-08-04 14:55:57.623488,0.75,0.7274033427238464
5230,538,,,2018-08-04 14:55:58.543410,0.625,0.9692556262016296
5231,539,,,2018-08-04 14:55:59.520517,0.5,1.5403846502304077
5232,540,0.5342,1.3302485942840576,2018-08-04 14:56:00.427700,0.515625,1.237854242324829
5233,541,,,2018-08-04 14:56:53.683978,0.59375,1.1330407857894897
5234,542,,,2018-08-04 14:56:54.589301,0.546875,1.155007004737854
5235,543,,,2018-08-04 14:56:55.472231,0.703125,0.8273304104804993
5236,544,,,2018-08-04 14:56:56.406695,0.515625,1.293372631072998
5237,545,,,2018-08-04 14:56:57.359348,0.65625,1.0567286014556885
5238,546,,,2018-08-04 14:56:58.200865,0.59375,1.0321438312530518
5239,547,,,2018-08-04 14:56:59.099428,0.703125,0.9125928282737732
5240,548,,,2018-08-04 14:57:00.124508,0.625,0.9291257262229919
5241,549,,,2018-08-04 14:57:01.086028,0.515625,1.364348292350769
5242,550,,,2018-08-04 14:57:01.956151,0.609375,1.0828951597213745
5243,551,,,2018-08-04 14:57:02.852488,0.625,0.9504046440124512
5244,552,,,2018-08-04 14:57:03.796818,0.734375,0.799018144607544
5245,553,,,2018-08-04 14:57:04.774318,0.75,0.7921969294548035
5246,554,,,2018-08-04 14:57:05.756230,0.6875,0.7056533694267273
5247,555,,,2018-08-04 14:57:06.635389,0.75,0.8578941822052002
5248,556,,,2018-08-04 14:57:07.568431,0.796875,0.606395423412323
5249,557,,,2018-08-04 14:57:08.575130,0.78125,0.8019330501556396
5250,558,,,2018-08-04 14:57:09.572836,0.65625,1.0627037286758423
5251,559,,,2018-08-04 14:57:10.537938,0.5625,1.4624121189117432
5252,560,0.5596,1.2937008142471313,2018-08-04 14:57:11.497725,0.515625,1.3024358749389648
5253,561,,,2018-08-04 14:58:01.088860,0.578125,1.2691092491149902
5254,562,,,2018-08-04 14:58:01.945344,0.59375,1.234510898590088
5255,563,,,2018-08-04 14:58:02.830867,0.671875,0.8747308254241943
5256,564,,,2018-08-04 14:58:03.728686,0.609375,0.9822697639465332
5257,565,,,2018-08-04 14:58:04.721351,0.59375,1.0721402168273926
5258,566,,,2018-08-04 14:58:05.669470,0.59375,0.9234689474105835
5259,567,,,2018-08-04 14:58:06.627023,0.671875,0.8745468258857727
5260,568,,,2018-08-04 14:58:07.581677,0.703125,0.8802614212036133
5261,569,,,2018-08-04 14:58:08.513367,0.5625,1.443459153175354
5262,570,,,2018-08-04 14:58:09.484158,0.515625,1.293701171875
5263,571,,,2018-08-04 14:58:10.390622,0.671875,1.0819858312606812
5264,572,,,2018-08-04 14:58:11.279920,0.625,1.0075910091400146
5265,573,,,2018-08-04 14:58:12.207282,0.5625,1.1228582859039307
5266,574,,,2018-08-04 14:58:13.113862,0.609375,0.8631900548934937
5267,575,,,2018-08-04 14:58:14.053399,0.65625,0.8459925651550293
5268,576,,,2018-08-04 14:58:14.935008,0.6875,0.8900738954544067
5269,577,,,2018-08-04 14:58:15.869859,0.625,0.9758114218711853
5270,578,,,2018-08-04 14:58:16.782567,0.65625,0.9389943480491638
5271,579,,,2018-08-04 14:58:17.713212,0.375,2.1336286067962646
5272,580,0.5345,1.331955075263977,2018-08-04 14:58:18.573165,0.625,1.2274281978607178
5273,581,,,2018-08-04 14:59:09.436340,0.5625,1.099625825881958
5274,582,,,2018-08-04 14:59:10.371172,0.59375,1.2678284645080566
5275,583,,,2018-08-04 14:59:11.247697,0.578125,1.036363124847412
5276,584,,,2018-08-04 14:59:12.176662,0.5,1.4638704061508179
5277,585,,,2018-08-04 14:59:13.077318,0.65625,1.0477327108383179
5278,586,,,2018-08-04 14:59:14.002055,0.59375,0.9838249683380127
5279,587,,,2018-08-04 14:59:14.838977,0.625,1.0888270139694214
5280,588,,,2018-08-04 14:59:15.774020,0.609375,0.9798796772956848
5281,589,,,2018-08-04 14:59:16.721752,0.5,1.1533452272415161
5282,590,,,2018-08-04 14:59:17.767681,0.609375,1.034313678741455
5283,591,,,2018-08-04 14:59:18.740443,0.65625,1.0690163373947144
5284,592,,,2018-08-04 14:59:19.616576,0.640625,0.9503635168075562
5285,593,,,2018-08-04 14:59:20.530957,0.5625,1.0254640579223633
5286,594,,,2018-08-04 14:59:21.468089,0.703125,0.8320263028144836
5287,595,,,2018-08-04 14:59:22.427692,0.625,0.9785608053207397
5288,596,,,2018-08-04 14:59:23.330940,0.71875,0.8818057775497437
5289,597,,,2018-08-04 14:59:24.294181,0.6875,0.9320775270462036
5290,598,,,2018-08-04 14:59:25.258187,0.609375,0.9879007339477539
5291,599,,,2018-08-04 14:59:26.215878,0.421875,1.6098194122314453
5292,600,0.5215,1.3890377283096313,2018-08-04 14:59:27.062261,0.5625,1.2525004148483276
5293,601,,,2018-08-04 15:00:16.583536,0.578125,1.1825873851776123
5294,602,,,2018-08-04 15:00:17.566540,0.515625,1.2351940870285034
5295,603,,,2018-08-04 15:00:18.550583,0.546875,1.2624789476394653
5296,604,,,2018-08-04 15:00:19.555182,0.640625,1.0192384719848633
5297,605,,,2018-08-04 15:00:20.534795,0.765625,0.7508419156074524
5298,606,,,2018-08-04 15:00:21.454177,0.625,1.123392105102539
5299,607,,,2018-08-04 15:00:22.388639,0.71875,0.7889676094055176
5300,608,,,2018-08-04 15:00:23.306813,0.765625,0.9666115641593933
5301,609,,,2018-08-04 15:00:24.193219,0.640625,1.0448126792907715
5302,610,,,2018-08-04 15:00:25.031257,0.65625,1.1088509559631348
5303,611,,,2018-08-04 15:00:25.972177,0.671875,1.0244168043136597
5304,612,,,2018-08-04 15:00:26.870060,0.671875,0.9252476692199707
5305,613,,,2018-08-04 15:00:27.827291,0.734375,0.8141893744468689
5306,614,,,2018-08-04 15:00:28.721751,0.6875,0.9231916666030884
5307,615,,,2018-08-04 15:00:29.628430,0.75,0.7774816155433655
5308,616,,,2018-08-04 15:00:30.499508,0.671875,0.8799178600311279
5309,617,,,2018-08-04 15:00:31.328331,0.6875,0.8501856923103333
5310,618,,,2018-08-04 15:00:32.242447,0.625,1.0596145391464233
5311,619,,,2018-08-04 15:00:33.120740,0.578125,1.3229482173919678
5312,620,0.5592,1.2338101863861084,2018-08-04 15:00:34.031432,0.671875,0.9593191742897034
5313,621,,,2018-08-04 15:01:19.111800,0.546875,1.214361310005188
5314,622,,,2018-08-04 15:01:20.010334,0.703125,0.9730986952781677
5315,623,,,2018-08-04 15:01:20.952593,0.578125,0.9880477786064148
5316,624,,,2018-08-04 15:01:21.891293,0.75,0.7576902508735657
5317,625,,,2018-08-04 15:01:22.829322,0.71875,0.9509692192077637
5318,626,,,2018-08-04 15:01:23.783863,0.71875,0.8396153450012207
5319,627,,,2018-08-04 15:01:24.696170,0.703125,0.7303507924079895
5320,628,,,2018-08-04 15:01:25.588895,0.671875,0.9887471795082092
5321,629,,,2018-08-04 15:01:26.493214,0.609375,1.0985252857208252
5322,630,,,2018-08-04 15:01:27.440807,0.625,1.0297232866287231
5323,631,,,2018-08-04 15:01:28.317559,0.796875,0.8287856578826904
5324,632,,,2018-08-04 15:01:29.236505,0.65625,1.0027945041656494
5325,633,,,2018-08-04 15:01:30.138272,0.5625,1.1500720977783203
5326,634,,,2018-08-04 15:01:30.950727,0.625,0.8714580535888672
5327,635,,,2018-08-04 15:01:31.798698,0.703125,0.9105143547058105
5328,636,,,2018-08-04 15:01:32.675658,0.609375,1.0810562372207642
5329,637,,,2018-08-04 15:01:33.613618,0.671875,0.8845474720001221
5330,638,,,2018-08-04 15:01:34.534904,0.671875,0.801322877407074
5331,639,,,2018-08-04 15:01:35.401264,0.546875,1.307585597038269
5332,640,0.5512,1.277424931526184,2018-08-04 15:01:36.338605,0.59375,1.1286531686782837
5333,641,,,2018-08-04 15:02:26.879709,0.578125,1.1316722631454468
5334,642,,,2018-08-04 15:02:27.755285,0.65625,0.921832263469696
5335,643,,,2018-08-04 15:02:28.784097,0.65625,1.0258771181106567
5336,644,,,2018-08-04 15:02:29.838392,0.59375,1.0628468990325928
5337,645,,,2018-08-04 15:02:30.730031,0.59375,1.000451922416687
5338,646,,,2018-08-04 15:02:31.643289,0.609375,1.2034257650375366
5339,647,,,2018-08-04 15:02:32.601281,0.71875,0.8437778353691101
5340,648,,,2018-08-04 15:02:33.477036,0.71875,0.8361243605613708
5341,649,,,2018-08-04 15:02:34.483589,0.671875,1.043212890625
5342,650,,,2018-08-04 15:02:35.373061,0.71875,0.9445167779922485
5343,651,,,2018-08-04 15:02:36.256770,0.515625,1.1255216598510742
5344,652,,,2018-08-04 15:02:37.166603,0.609375,1.1460638046264648
5345,653,,,2018-08-04 15:02:38.095507,0.734375,0.7005701661109924
5346,654,,,2018-08-04 15:02:39.060411,0.75,0.8840491771697998
5347,655,,,2018-08-04 15:02:39.995052,0.671875,0.874472975730896
5348,656,,,2018-08-04 15:02:40.971882,0.640625,0.951474130153656
5349,657,,,2018-08-04 15:02:41.908316,0.71875,0.7138743996620178
5350,658,,,2018-08-04 15:02:42.821839,0.703125,0.7997223734855652
5351,659,,,2018-08-04 15:02:43.724782,0.59375,1.1886132955551147
5352,660,0.5285,1.4067223072052002,2018-08-04 15:02:44.685458,0.640625,0.9981216192245483
5353,661,,,2018-08-04 15:03:36.838764,0.53125,1.3428927659988403
5354,662,,,2018-08-04 15:03:37.768982,0.59375,1.0810356140136719
5355,663,,,2018-08-04 15:03:38.668894,0.609375,1.0446231365203857
5356,664,,,2018-08-04 15:03:39.550919,0.5625,1.1598600149154663
5357,665,,,2018-08-04 15:03:40.406764,0.65625,1.0525940656661987
5358,666,,,2018-08-04 15:03:41.306763,0.71875,0.7412787079811096
5359,667,,,2018-08-04 15:03:42.325672,0.59375,1.0947046279907227
5360,668,,,2018-08-04 15:03:43.317453,0.65625,0.8952565789222717
5361,669,,,2018-08-04 15:03:44.305705,0.578125,1.2298176288604736
5362,670,,,2018-08-04 15:03:45.282128,0.5625,1.0508755445480347
5363,671,,,2018-08-04 15:03:46.181264,0.53125,1.3544867038726807
5364,672,,,2018-08-04 15:03:47.072222,0.734375,0.8434045314788818
5365,673,,,2018-08-04 15:03:47.952951,0.65625,1.0124266147613525
5366,674,,,2018-08-04 15:03:48.860267,0.6875,0.8671419024467468
5367,675,,,2018-08-04 15:03:49.737701,0.6875,0.8891351222991943
5368,676,,,2018-08-04 15:03:50.607133,0.75,0.7507835030555725
5369,677,,,2018-08-04 15:03:51.502139,0.625,1.0350028276443481
5370,678,,,2018-08-04 15:03:52.371609,0.71875,0.8745954632759094
5371,679,,,2018-08-04 15:03:53.233157,0.59375,1.2816143035888672
5372,680,0.5645,1.266578197479248,2018-08-04 15:03:54.162440,0.625,1.2770556211471558
5373,681,,,2018-08-04 15:04:44.710739,0.625,1.0321033000946045
5374,682,,,2018-08-04 15:04:45.630254,0.625,1.0857784748077393
5375,683,,,2018-08-04 15:04:46.557749,0.625,0.967380940914154
5376,684,,,2018-08-04 15:04:47.464302,0.640625,1.0281932353973389
5377,685,,,2018-08-04 15:04:48.403309,0.640625,0.9383477568626404
5378,686,,,2018-08-04 15:04:49.354400,0.671875,1.037889838218689
5379,687,,,2018-08-04 15:04:50.224168,0.734375,0.8380919098854065
5380,688,,,2018-08-04 15:04:51.058522,0.703125,0.8915029168128967
5381,689,,,2018-08-04 15:04:51.991511,0.59375,1.1750963926315308
5382,690,,,2018-08-04 15:04:52.868388,0.578125,1.3041491508483887
5383,691,,,2018-08-04 15:04:53.783526,0.578125,0.9747717380523682
5384,692,,,2018-08-04 15:04:54.708840,0.828125,0.7482755780220032
5385,693,,,2018-08-04 15:04:55.625640,0.6875,0.9758487939834595
5386,694,,,2018-08-04 15:04:56.544925,0.703125,0.878593385219574
5387,695,,,2018-08-04 15:04:57.493920,0.71875,0.8864249587059021
5388,696,,,2018-08-04 15:04:58.404545,0.78125,0.7499209642410278
5389,697,,,2018-08-04 15:04:59.352990,0.65625,1.0065215826034546
5390,698,,,2018-08-04 15:05:00.302747,0.65625,0.9753826260566711
5391,699,,,2018-08-04 15:05:01.138193,0.5625,1.3189430236816406
5392,700,0.5546,1.2885010242462158,2018-08-04 15:05:01.968346,0.515625,1.5721185207366943
5393,701,,,2018-08-04 15:05:50.244672,0.640625,1.0814528465270996
5394,702,,,2018-08-04 15:05:51.096845,0.71875,0.9759835600852966
5395,703,,,2018-08-04 15:05:51.911360,0.671875,1.152836799621582
5396,704,,,2018-08-04 15:05:52.813521,0.640625,0.9129205346107483
5397,705,,,2018-08-04 15:05:53.734644,0.609375,0.9742176532745361
5398,706,,,2018-08-04 15:05:54.705217,0.671875,1.0698168277740479
5399,707,,,2018-08-04 15:05:55.582767,0.703125,0.790288507938385
5400,708,,,2018-08-04 15:05:56.488681,0.625,1.0522253513336182
5401,709,,,2018-08-04 15:05:57.435296,0.578125,1.1311572790145874
5402,710,,,2018-08-04 15:05:58.265991,0.609375,1.348015546798706
5403,711,,,2018-08-04 15:05:59.185507,0.609375,1.065361499786377
5404,712,,,2018-08-04 15:06:00.043709,0.59375,1.1278274059295654
5405,713,,,2018-08-04 15:06:00.967590,0.671875,0.9704062938690186
5406,714,,,2018-08-04 15:06:01.800623,0.609375,1.0189167261123657
5407,715,,,2018-08-04 15:06:02.672969,0.6875,0.9304829835891724
5408,716,,,2018-08-04 15:06:03.551169,0.65625,0.9511185884475708
5409,717,,,2018-08-04 15:06:04.421688,0.703125,0.9458122253417969
5410,718,,,2018-08-04 15:06:05.382713,0.640625,0.8788936138153076
5411,719,,,2018-08-04 15:06:06.279643,0.421875,2.0270731449127197
5412,720,0.548,1.2760307788848877,2018-08-04 15:06:07.092801,0.578125,1.2206628322601318
5413,721,,,2018-08-04 15:06:57.393597,0.46875,1.416242241859436
5414,722,,,2018-08-04 15:06:58.188453,0.5625,1.0511395931243896
5415,723,,,2018-08-04 15:06:59.142965,0.625,0.9744312167167664
5416,724,,,2018-08-04 15:07:00.071688,0.546875,1.1840593814849854
5417,725,,,2018-08-04 15:07:01.063730,0.640625,0.8709022402763367
5418,726,,,2018-08-04 15:07:01.881428,0.65625,0.8603836894035339
5419,727,,,2018-08-04 15:07:02.674882,0.734375,0.8175744414329529
5420,728,,,2018-08-04 15:07:03.509257,0.78125,0.5691551566123962
5421,729,,,2018-08-04 15:07:04.417506,0.578125,1.1000709533691406
5422,730,,,2018-08-04 15:07:05.361973,0.703125,0.9787351489067078
5423,731,,,2018-08-04 15:07:06.263443,0.703125,0.8868495225906372
5424,732,,,2018-08-04 15:07:07.147485,0.59375,1.155864953994751
5425,733,,,2018-08-04 15:07:08.091742,0.65625,0.8642783164978027
5426,734,,,2018-08-04 15:07:08.946763,0.6875,0.8407354950904846
5427,735,,,2018-08-04 15:07:09.809229,0.671875,0.8935842514038086
5428,736,,,2018-08-04 15:07:10.687954,0.65625,1.0478118658065796
5429,737,,,2018-08-04 15:07:11.500536,0.671875,0.9734920263290405
5430,738,,,2018-08-04 15:07:12.355903,0.65625,0.8367781639099121
5431,739,,,2018-08-04 15:07:13.249296,0.5,1.5990012884140015
5432,740,0.553,1.2836350202560425,2018-08-04 15:07:14.118302,0.578125,1.1682723760604858
5433,741,,,2018-08-04 15:08:04.797688,0.640625,0.9882669448852539
5434,742,,,2018-08-04 15:08:05.583536,0.453125,1.449843406677246
5435,743,,,2018-08-04 15:08:06.378911,0.671875,0.9436471462249756
5436,744,,,2018-08-04 15:08:07.316778,0.578125,0.9407292008399963
5437,745,,,2018-08-04 15:08:08.238825,0.640625,1.0903466939926147
5438,746,,,2018-08-04 15:08:09.143814,0.625,0.8445063233375549
5439,747,,,2018-08-04 15:08:10.126832,0.59375,1.0517046451568604
5440,748,,,2018-08-04 15:08:11.123432,0.640625,0.8844906091690063
5441,749,,,2018-08-04 15:08:12.110342,0.6875,1.115602970123291
5442,750,,,2018-08-04 15:08:13.056357,0.671875,0.9333013892173767
5443,751,,,2018-08-04 15:08:13.979545,0.5625,1.2692859172821045
5444,752,,,2018-08-04 15:08:14.915963,0.65625,0.8406649827957153
5445,753,,,2018-08-04 15:08:15.839126,0.640625,0.9912422895431519
5446,754,,,2018-08-04 15:08:16.748634,0.65625,0.9789753556251526
5447,755,,,2018-08-04 15:08:17.690090,0.671875,0.8519935011863708
5448,756,,,2018-08-04 15:08:18.645033,0.75,0.7916504740715027
5449,757,,,2018-08-04 15:08:19.535901,0.796875,0.655410647392273
5450,758,,,2018-08-04 15:08:20.460598,0.625,0.8989992737770081
5451,759,,,2018-08-04 15:08:21.389029,0.578125,1.2006702423095703
5452,760,0.5612,1.3034237623214722,2018-08-04 15:08:22.298286,0.65625,1.0031758546829224
5453,761,,,2018-08-04 15:09:12.495176,0.484375,1.3551310300827026
5454,762,,,2018-08-04 15:09:13.396420,0.578125,1.2255582809448242
5455,763,,,2018-08-04 15:09:14.302340,0.671875,0.9518740177154541
5456,764,,,2018-08-04 15:09:15.158082,0.671875,1.030985713005066
5457,765,,,2018-08-04 15:09:16.074348,0.640625,1.040018916130066
5458,766,,,2018-08-04 15:09:16.920231,0.765625,0.9291151165962219
5459,767,,,2018-08-04 15:09:17.804954,0.640625,0.877025306224823
5460,768,,,2018-08-04 15:09:18.710388,0.640625,0.941275954246521
5461,769,,,2018-08-04 15:09:19.555431,0.53125,1.2973730564117432
5462,770,,,2018-08-04 15:09:20.467291,0.5625,1.1535766124725342
5463,771,,,2018-08-04 15:09:21.324599,0.640625,0.9948430061340332
5464,772,,,2018-08-04 15:09:22.200372,0.578125,1.015979290008545
5465,773,,,2018-08-04 15:09:23.048997,0.765625,0.7486609816551208
5466,774,,,2018-08-04 15:09:23.930035,0.734375,0.9586460590362549
5467,775,,,2018-08-04 15:09:24.781022,0.765625,0.7878786325454712
5468,776,,,2018-08-04 15:09:25.677603,0.609375,1.0152186155319214
5469,777,,,2018-08-04 15:09:26.557227,0.671875,0.84380042552948
5470,778,,,2018-08-04 15:09:27.500655,0.75,0.7773920893669128
5471,779,,,2018-08-04 15:09:28.333603,0.609375,1.2809518575668335
5472,780,0.5698,1.2709287405014038,2018-08-04 15:09:29.236381,0.625,1.062599539756775
5473,781,,,2018-08-04 15:10:18.164509,0.6875,0.8194898366928101
5474,0,,,2018-08-04 15:11:07.645361,0.59375,1.1556365489959717
5475,1,,,2018-08-04 15:11:08.571613,0.625,1.1841747760772705
5476,2,,,2018-08-04 15:11:09.413742,0.65625,0.823721170425415
5477,3,,,2018-08-04 15:11:10.283541,0.59375,1.0588372945785522
5478,4,,,2018-08-04 15:11:11.139933,0.640625,1.0029423236846924
5479,5,,,2018-08-04 15:11:11.958935,0.78125,0.7508310079574585
5480,6,,,2018-08-04 15:11:12.819972,0.671875,0.9079155921936035
5481,7,,,2018-08-04 15:11:13.712397,0.75,0.763728678226471
5482,8,,,2018-08-04 15:11:14.638264,0.640625,0.8346840739250183
5483,9,,,2018-08-04 15:11:15.581498,0.578125,1.0362533330917358
5484,10,,,2018-08-04 15:11:16.475396,0.609375,0.9393675327301025
5485,11,,,2018-08-04 15:11:17.333725,0.734375,0.7874519228935242
5486,12,,,2018-08-04 15:11:18.197900,0.59375,1.0785586833953857
5487,13,,,2018-08-04 15:11:19.123523,0.609375,1.0042206048965454
5488,14,,,2018-08-04 15:11:20.053632,0.640625,0.9106162190437317
5489,15,,,2018-08-04 15:11:20.949922,0.578125,1.0270065069198608
5490,16,,,2018-08-04 15:11:21.838805,0.640625,1.0560476779937744
5491,17,,,2018-08-04 15:11:22.766056,0.59375,1.0516598224639893
5492,18,,,2018-08-04 15:11:23.737402,0.59375,1.19618821144104
5493,19,,,2018-08-04 15:11:24.652991,0.609375,1.1416176557540894
5494,20,0.5433,1.3670157194137573,2018-08-04 15:11:25.556934,0.65625,0.8840644359588623
5495,21,,,2018-08-04 15:12:16.230840,0.65625,0.9303281307220459
5496,22,,,2018-08-04 15:12:17.093306,0.609375,1.1359962224960327
5497,23,,,2018-08-04 15:12:18.010746,0.625,1.1330610513687134
5498,24,,,2018-08-04 15:12:18.843307,0.5625,1.190580129623413
5499,25,,,2018-08-04 15:12:19.688136,0.640625,0.9215003848075867
5500,26,,,2018-08-04 15:12:20.515224,0.609375,1.1412912607192993
5501,27,,,2018-08-04 15:12:21.388984,0.640625,0.8116495609283447
5502,28,,,2018-08-04 15:12:22.242526,0.765625,0.6654744148254395
5503,29,,,2018-08-04 15:12:23.198640,0.578125,1.0833582878112793
5504,30,,,2018-08-04 15:12:24.172212,0.71875,0.7292890548706055
5505,31,,,2018-08-04 15:12:25.072452,0.6875,1.1257141828536987
5506,32,,,2018-08-04 15:12:25.946808,0.75,0.7224319577217102
5507,33,,,2018-08-04 15:12:26.802710,0.75,0.7444593906402588
5508,34,,,2018-08-04 15:12:27.631250,0.703125,0.950958251953125
5509,35,,,2018-08-04 15:12:28.503728,0.6875,0.8762965798377991
5510,36,,,2018-08-04 15:12:29.414641,0.640625,1.0357307195663452
5511,37,,,2018-08-04 15:12:30.279722,0.71875,0.7418920397758484
5512,38,,,2018-08-04 15:12:31.118497,0.59375,1.1142780780792236
5513,39,,,2018-08-04 15:12:31.997912,0.65625,0.7274510860443115
5514,40,0.6047,1.1671240329742432,2018-08-04 15:12:32.879822,0.75,0.7063003778457642
5515,41,,,2018-08-04 15:13:22.482019,0.671875,0.9088683128356934
5516,42,,,2018-08-04 15:13:23.419503,0.65625,0.9576947689056396
5517,43,,,2018-08-04 15:13:24.256097,0.59375,0.9655401110649109
5518,44,,,2018-08-04 15:13:25.130403,0.6875,0.8229697942733765
5519,45,,,2018-08-04 15:13:25.994065,0.765625,0.7712615728378296
5520,46,,,2018-08-04 15:13:26.833438,0.734375,0.7048161029815674
5521,47,,,2018-08-04 15:13:27.786847,0.640625,0.9628130793571472
5522,48,,,2018-08-04 15:13:28.775781,0.71875,1.0086979866027832
5523,49,,,2018-08-04 15:13:29.810528,0.671875,0.9564524292945862
5524,50,,,2018-08-04 15:13:30.696258,0.8125,0.6173401474952698
5525,51,,,2018-08-04 15:13:31.604532,0.75,0.7695527076721191
5526,52,,,2018-08-04 15:13:32.509907,0.703125,0.8208714723587036
5527,53,,,2018-08-04 15:13:33.393134,0.765625,0.8303681015968323
5528,54,,,2018-08-04 15:13:34.248797,0.609375,1.0193041563034058
5529,55,,,2018-08-04 15:13:35.100185,0.65625,0.9813342094421387
5530,56,,,2018-08-04 15:13:35.918349,0.734375,0.7093749642372131
5531,57,,,2018-08-04 15:13:36.760514,0.6875,0.9509333968162537
5532,58,,,2018-08-04 15:13:37.706001,0.640625,0.9343936443328857
5533,59,,,2018-08-04 15:13:38.627886,0.59375,1.0930548906326294
5534,60,0.5933,1.2419975996017456,2018-08-04 15:13:39.536447,0.75,0.78742915391922
5535,61,,,2018-08-04 15:14:31.178807,0.546875,1.1706438064575195
5536,62,,,2018-08-04 15:14:32.092826,0.796875,0.5498749613761902
5537,63,,,2018-08-04 15:14:32.997689,0.71875,0.833223819732666
5538,64,,,2018-08-04 15:14:33.873576,0.640625,0.9187225103378296
5539,65,,,2018-08-04 15:14:34.784141,0.75,0.7602826952934265
5540,66,,,2018-08-04 15:14:35.696531,0.6875,0.8262255191802979
5541,67,,,2018-08-04 15:14:36.649336,0.6875,1.0174145698547363
5542,68,,,2018-08-04 15:14:37.473353,0.71875,0.791458249092102
5543,69,,,2018-08-04 15:14:38.377769,0.734375,0.85771244764328
5544,70,,,2018-08-04 15:14:39.274654,0.671875,0.8645376563072205
5545,71,,,2018-08-04 15:14:40.110234,0.671875,0.9970605969429016
5546,72,,,2018-08-04 15:14:40.974544,0.640625,0.9841232895851135
5547,73,,,2018-08-04 15:14:41.820319,0.640625,0.8918797969818115
5548,74,,,2018-08-04 15:14:42.668659,0.703125,0.882086455821991
5549,75,,,2018-08-04 15:14:43.505296,0.71875,0.8659250736236572
5550,76,,,2018-08-04 15:14:44.430595,0.640625,1.0572220087051392
5551,77,,,2018-08-04 15:14:45.318416,0.609375,1.0978171825408936
5552,78,,,2018-08-04 15:14:46.122702,0.671875,0.9796143174171448
5553,79,,,2018-08-04 15:14:46.979105,0.703125,1.0119398832321167
5554,80,0.6028,1.1998941898345947,2018-08-04 15:14:47.906534,0.765625,0.7039260268211365
5555,81,,,2018-08-04 15:15:41.730132,0.671875,0.8101794719696045
5556,82,,,2018-08-04 15:15:42.675255,0.765625,0.7993268370628357
5557,83,,,2018-08-04 15:15:43.569187,0.734375,0.7132409811019897
5558,84,,,2018-08-04 15:15:44.440243,0.6875,0.9025543332099915
5559,85,,,2018-08-04 15:15:45.477323,0.71875,0.7266561985015869
5560,86,,,2018-08-04 15:15:46.454391,0.734375,0.8997883796691895
5561,87,,,2018-08-04 15:15:47.408460,0.609375,1.0940362215042114
5562,88,,,2018-08-04 15:15:48.271928,0.671875,0.7212370038032532
5563,89,,,2018-08-04 15:15:49.169984,0.640625,0.9172986149787903
5564,90,,,2018-08-04 15:15:50.116205,0.671875,0.7422592639923096
5565,91,,,2018-08-04 15:15:51.056478,0.609375,1.0429952144622803
5566,92,,,2018-08-04 15:15:51.897612,0.671875,0.8528401851654053
5567,93,,,2018-08-04 15:15:52.766199,0.703125,0.8556904792785645
5568,94,,,2018-08-04 15:15:53.772689,0.6875,0.8060431480407715
5569,95,,,2018-08-04 15:15:54.711677,0.765625,0.681875467300415
5570,96,,,2018-08-04 15:15:55.603635,0.75,0.7881954312324524
5571,97,,,2018-08-04 15:15:56.469567,0.53125,1.2855727672576904
5572,98,,,2018-08-04 15:15:57.322201,0.6875,0.7783082127571106
5573,99,,,2018-08-04 15:15:58.266072,0.609375,1.0319548845291138
5574,100,0.6009,1.159589171409607,2018-08-04 15:15:59.205341,0.671875,0.9324808716773987
5575,101,,,2018-08-04 15:16:50.425431,0.765625,0.7750663757324219
5576,102,,,2018-08-04 15:16:51.368409,0.71875,0.8271719813346863
5577,103,,,2018-08-04 15:16:52.354964,0.6875,0.9060524106025696
5578,104,,,2018-08-04 15:16:53.281613,0.671875,1.0198816061019897
5579,105,,,2018-08-04 15:16:54.205466,0.625,0.8548799157142639
5580,106,,,2018-08-04 15:16:55.037975,0.75,0.7160499691963196
5581,107,,,2018-08-04 15:16:56.009266,0.734375,0.7814186215400696
5582,108,,,2018-08-04 15:16:56.973740,0.703125,0.8591484427452087
5583,109,,,2018-08-04 15:16:57.934089,0.640625,0.9796107411384583
5584,110,,,2018-08-04 15:16:58.843514,0.78125,0.7057550549507141
5585,111,,,2018-08-04 15:16:59.789778,0.765625,0.7032834887504578
5586,112,,,2018-08-04 15:17:00.673817,0.71875,0.6713852286338806
5587,113,,,2018-08-04 15:17:01.534628,0.734375,0.9122802019119263
5588,114,,,2018-08-04 15:17:02.462913,0.703125,0.7152668237686157
5589,115,,,2018-08-04 15:17:03.461899,0.71875,0.7899660468101501
5590,116,,,2018-08-04 15:17:04.474542,0.78125,0.5996199250221252
5591,117,,,2018-08-04 15:17:05.496300,0.671875,0.8759770393371582
5592,118,,,2018-08-04 15:17:06.441515,0.625,0.9895135164260864
5593,119,,,2018-08-04 15:17:07.387993,0.6875,0.7937740683555603
5594,120,0.6093,1.1678169965744019,2018-08-04 15:17:08.290703,0.640625,0.9850291609764099
5595,121,,,2018-08-04 15:18:00.515678,0.65625,1.1403776407241821
5596,122,,,2018-08-04 15:18:01.437422,0.6875,0.8386909365653992
5597,123,,,2018-08-04 15:18:02.393091,0.71875,0.8522689938545227
5598,124,,,2018-08-04 15:18:03.391263,0.703125,0.7467560768127441
5599,125,,,2018-08-04 15:18:04.324326,0.671875,0.8721484541893005
5600,126,,,2018-08-04 15:18:05.253064,0.6875,0.9195461869239807
5601,127,,,2018-08-04 15:18:06.061905,0.609375,1.1494237184524536
5602,128,,,2018-08-04 15:18:06.898608,0.671875,0.8301642537117004
5603,129,,,2018-08-04 15:18:07.902652,0.703125,0.7534531354904175
5604,130,,,2018-08-04 15:18:08.907113,0.546875,1.1702077388763428
5605,131,,,2018-08-04 15:18:09.853724,0.609375,1.0029772520065308
5606,132,,,2018-08-04 15:18:10.761495,0.65625,0.8322246074676514
5607,133,,,2018-08-04 15:18:11.684351,0.78125,0.6821560859680176
5608,134,,,2018-08-04 15:18:12.675582,0.71875,0.8936302065849304
5609,135,,,2018-08-04 15:18:13.584146,0.6875,0.7547974586486816
5610,136,,,2018-08-04 15:18:14.472261,0.71875,0.7334561347961426
5611,137,,,2018-08-04 15:18:15.455571,0.5625,1.1927424669265747
5612,138,,,2018-08-04 15:18:16.379055,0.765625,0.7012383341789246
5613,139,,,2018-08-04 15:18:17.276273,0.703125,0.7598350644111633
5614,140,0.5929,1.2130872011184692,2018-08-04 15:18:18.212506,0.6875,0.917111337184906
5615,141,,,2018-08-04 15:19:08.665168,0.6875,0.8560317158699036
5616,142,,,2018-08-04 15:19:09.569555,0.671875,0.7748892307281494
5617,143,,,2018-08-04 15:19:10.469002,0.640625,0.9623774290084839
5618,144,,,2018-08-04 15:19:11.409273,0.6875,0.7584521174430847
5619,145,,,2018-08-04 15:19:12.345371,0.78125,0.6443682312965393
5620,146,,,2018-08-04 15:19:13.208463,0.6875,0.8356417417526245
5621,147,,,2018-08-04 15:19:14.223887,0.6875,0.7555679082870483
5622,148,,,2018-08-04 15:19:15.182903,0.703125,0.8117663860321045
5623,149,,,2018-08-04 15:19:16.013274,0.671875,0.9617612957954407
5624,150,,,2018-08-04 15:19:16.781787,0.75,0.8048326373100281
5625,151,,,2018-08-04 15:19:17.652924,0.734375,0.679891049861908
5626,152,,,2018-08-04 15:19:18.584685,0.640625,0.902137041091919
5627,153,,,2018-08-04 15:19:19.488501,0.828125,0.6522347927093506
5628,154,,,2018-08-04 15:19:20.438597,0.765625,0.6757687926292419
5629,155,,,2018-08-04 15:19:21.344562,0.6875,0.9144518971443176
5630,156,,,2018-08-04 15:19:22.274535,0.703125,0.8432750701904297
5631,157,,,2018-08-04 15:19:23.175629,0.6875,0.9297317266464233
5632,158,,,2018-08-04 15:19:24.056584,0.734375,0.8207181692123413
5633,159,,,2018-08-04 15:19:24.946067,0.765625,0.7044357657432556
5634,160,0.6143,1.139020562171936,2018-08-04 15:19:25.854322,0.734375,0.6068336963653564
5635,161,,,2018-08-04 15:20:16.283725,0.734375,0.7136563062667847
5636,162,,,2018-08-04 15:20:17.121319,0.6875,0.7762920260429382
5637,163,,,2018-08-04 15:20:17.993257,0.75,0.7726113200187683
5638,164,,,2018-08-04 15:20:18.828022,0.703125,0.7369087934494019
5639,165,,,2018-08-04 15:20:19.738049,0.734375,0.7507623434066772
5640,166,,,2018-08-04 15:20:20.547784,0.71875,0.8063139319419861
5641,167,,,2018-08-04 15:20:21.328507,0.71875,0.7172665596008301
5642,168,,,2018-08-04 15:20:22.227009,0.734375,0.7753878235816956
5643,169,,,2018-08-04 15:20:23.138823,0.671875,0.8626527786254883
5644,170,,,2018-08-04 15:20:24.025931,0.65625,0.8812824487686157
5645,171,,,2018-08-04 15:20:24.837168,0.78125,0.7336087226867676
5646,172,,,2018-08-04 15:20:25.686407,0.671875,0.9027528762817383
5647,173,,,2018-08-04 15:20:26.586455,0.75,0.7800903916358948
5648,174,,,2018-08-04 15:20:27.589907,0.796875,0.6245577335357666
5649,175,,,2018-08-04 15:20:28.617808,0.78125,0.6172205209732056
5650,176,,,2018-08-04 15:20:29.516072,0.703125,0.8119622468948364
5651,177,,,2018-08-04 15:20:30.419452,0.65625,1.0028084516525269
5652,178,,,2018-08-04 15:20:31.347761,0.6875,0.9645712971687317
5653,179,,,2018-08-04 15:20:32.223246,0.75,0.7535762786865234
5654,180,0.6231,1.1120314598083496,2018-08-04 15:20:33.081253,0.71875,0.8283027410507202
5655,181,,,2018-08-04 15:21:23.952348,0.71875,0.8067701458930969
5656,182,,,2018-08-04 15:21:24.791130,0.65625,0.8203776478767395
5657,183,,,2018-08-04 15:21:25.688176,0.671875,0.8082780838012695
5658,184,,,2018-08-04 15:21:26.581064,0.796875,0.6119171380996704
5659,185,,,2018-08-04 15:21:27.458934,0.75,0.655857264995575
5660,186,,,2018-08-04 15:21:28.299170,0.71875,0.7412301301956177
5661,187,,,2018-08-04 15:21:29.218911,0.59375,0.9436314105987549
5662,188,,,2018-08-04 15:21:30.104288,0.671875,1.013523817062378
5663,189,,,2018-08-04 15:21:30.946501,0.71875,0.8577814698219299
5664,190,,,2018-08-04 15:21:31.822930,0.734375,0.7303081750869751
5665,191,,,2018-08-04 15:21:32.698903,0.609375,0.8614981174468994
5666,192,,,2018-08-04 15:21:33.628083,0.734375,0.7745362520217896
5667,193,,,2018-08-04 15:21:34.517509,0.765625,0.6573470830917358
5668,194,,,2018-08-04 15:21:35.424789,0.765625,0.6540051102638245
5669,195,,,2018-08-04 15:21:36.279215,0.671875,0.8494336009025574
5670,196,,,2018-08-04 15:21:37.106384,0.671875,0.7213168144226074
5671,197,,,2018-08-04 15:21:38.016880,0.703125,0.9228422045707703
5672,198,,,2018-08-04 15:21:38.893545,0.734375,0.7791708111763
5673,199,,,2018-08-04 15:21:39.740227,0.65625,0.9149652123451233
5674,200,0.5972,1.2093696594238281,2018-08-04 15:21:40.606634,0.6875,0.9429598450660706
5675,201,,,2018-08-04 15:22:29.483490,0.640625,0.8411635756492615
5676,202,,,2018-08-04 15:22:30.419297,0.671875,0.8573352098464966
5677,203,,,2018-08-04 15:22:31.327291,0.8125,0.4949510097503662
5678,204,,,2018-08-04 15:22:32.158359,0.75,0.6904149055480957
5679,205,,,2018-08-04 15:22:33.029882,0.734375,0.7453745007514954
5680,206,,,2018-08-04 15:22:33.937868,0.671875,0.8471648693084717
5681,207,,,2018-08-04 15:22:34.865949,0.734375,0.7007666826248169
5682,208,,,2018-08-04 15:22:35.779673,0.6875,1.031380295753479
5683,209,,,2018-08-04 15:22:36.643252,0.6875,0.8355559706687927
5684,210,,,2018-08-04 15:22:37.475868,0.703125,0.821765661239624
5685,211,,,2018-08-04 15:22:38.319497,0.71875,0.8790438771247864
5686,212,,,2018-08-04 15:22:39.209180,0.6875,0.8283292055130005
5687,213,,,2018-08-04 15:22:40.060667,0.75,0.7722820043563843
5688,214,,,2018-08-04 15:22:40.938492,0.671875,0.914473831653595
5689,215,,,2018-08-04 15:22:41.882357,0.6875,0.8766834735870361
5690,216,,,2018-08-04 15:22:42.846553,0.75,0.7409766316413879
5691,217,,,2018-08-04 15:22:43.756702,0.671875,0.8916524648666382
5692,218,,,2018-08-04 15:22:44.714508,0.640625,0.9892916679382324
5693,219,,,2018-08-04 15:22:45.695275,0.703125,0.788257896900177
5694,220,0.5908,1.21479332447052,2018-08-04 15:22:46.580952,0.75,0.7422958612442017
5695,221,,,2018-08-04 15:23:36.224014,0.59375,1.1103185415267944
5696,222,,,2018-08-04 15:23:37.095668,0.6875,0.854512095451355
5697,223,,,2018-08-04 15:23:38.073615,0.703125,0.9087070822715759
5698,224,,,2018-08-04 15:23:39.027757,0.671875,0.9344559907913208
5699,225,,,2018-08-04 15:23:39.954979,0.71875,0.7936593294143677
5700,226,,,2018-08-04 15:23:40.890364,0.6875,0.9858008027076721
5701,227,,,2018-08-04 15:23:41.706041,0.65625,0.8318265080451965
5702,228,,,2018-08-04 15:23:42.636503,0.78125,0.6821927428245544
5703,229,,,2018-08-04 15:23:43.594966,0.75,0.7144575715065002
5704,230,,,2018-08-04 15:23:44.528419,0.625,0.865591824054718
5705,231,,,2018-08-04 15:23:45.387568,0.6875,0.9936304092407227
5706,232,,,2018-08-04 15:23:46.158484,0.703125,0.8657230734825134
5707,233,,,2018-08-04 15:23:47.029973,0.71875,0.711805522441864
5708,234,,,2018-08-04 15:23:47.932203,0.71875,1.0296138525009155
5709,235,,,2018-08-04 15:23:48.919905,0.828125,0.5376366376876831
5710,236,,,2018-08-04 15:23:49.838156,0.6875,0.6989665031433105
5711,237,,,2018-08-04 15:23:50.637334,0.671875,0.880912184715271
5712,238,,,2018-08-04 15:23:51.415525,0.765625,0.6545957326889038
5713,239,,,2018-08-04 15:23:52.320084,0.828125,0.6813666224479675
5714,240,0.6185,1.1370668411254883,2018-08-04 15:23:53.187505,0.671875,0.8617337346076965
5715,241,,,2018-08-04 15:24:44.753903,0.78125,0.6775033473968506
5716,242,,,2018-08-04 15:24:45.646377,0.734375,0.6270114183425903
5717,243,,,2018-08-04 15:24:46.517184,0.75,0.8713156580924988
5718,244,,,2018-08-04 15:24:47.394535,0.734375,0.6349784135818481
5719,245,,,2018-08-04 15:24:48.324923,0.8125,0.7160244584083557
5720,246,,,2018-08-04 15:24:49.181135,0.75,0.6953303813934326
5721,247,,,2018-08-04 15:24:50.025372,0.6875,1.0138070583343506
5722,248,,,2018-08-04 15:24:50.949490,0.703125,0.8881238102912903
5723,249,,,2018-08-04 15:24:51.791642,0.734375,0.7882897853851318
5724,250,,,2018-08-04 15:24:52.673047,0.75,0.7113213539123535
5725,251,,,2018-08-04 15:24:53.539675,0.78125,0.6243391633033752
5726,252,,,2018-08-04 15:24:54.482590,0.671875,0.8611722588539124
5727,253,,,2018-08-04 15:24:55.385670,0.765625,0.5889769792556763
5728,254,,,2018-08-04 15:24:56.329369,0.75,0.8240634202957153
5729,255,,,2018-08-04 15:24:57.280763,0.71875,0.6045235395431519
5730,256,,,2018-08-04 15:24:58.185075,0.640625,1.0238333940505981
5731,257,,,2018-08-04 15:24:59.045465,0.671875,0.8716544508934021
5732,258,,,2018-08-04 15:24:59.855933,0.703125,0.8410367369651794
5733,259,,,2018-08-04 15:25:00.637488,0.5625,1.0805339813232422
5734,260,0.5916,1.1991270780563354,2018-08-04 15:25:01.517362,0.703125,0.9773280620574951
5735,261,,,2018-08-04 15:25:52.013949,0.671875,0.8357753157615662
5736,262,,,2018-08-04 15:25:52.869245,0.71875,0.726214587688446
5737,263,,,2018-08-04 15:25:53.753494,0.65625,0.9379989504814148
5738,264,,,2018-08-04 15:25:54.683870,0.59375,1.141709327697754
5739,265,,,2018-08-04 15:25:55.565492,0.640625,1.1318925619125366
5740,266,,,2018-08-04 15:25:56.507828,0.75,0.7524464726448059
5741,267,,,2018-08-04 15:25:57.519717,0.703125,0.698497474193573
5742,268,,,2018-08-04 15:25:58.433076,0.609375,1.1808587312698364
5743,269,,,2018-08-04 15:25:59.324092,0.703125,0.6787949204444885
5744,270,,,2018-08-04 15:26:00.167192,0.71875,0.7092097401618958
5745,271,,,2018-08-04 15:26:00.988593,0.703125,0.7904881238937378
5746,272,,,2018-08-04 15:26:01.903422,0.6875,0.8557373881340027
5747,273,,,2018-08-04 15:26:02.790626,0.640625,0.8840383887290955
5748,274,,,2018-08-04 15:26:03.669823,0.71875,0.7222010493278503
5749,275,,,2018-08-04 15:26:04.585907,0.703125,0.8093303442001343
5750,276,,,2018-08-04 15:26:05.511337,0.734375,0.6902793645858765
5751,277,,,2018-08-04 15:26:06.376924,0.640625,1.058263897895813
5752,278,,,2018-08-04 15:26:07.315574,0.6875,0.8950948715209961
5753,279,,,2018-08-04 15:26:08.309684,0.75,0.7551213502883911
5754,280,0.5969,1.2205113172531128,2018-08-04 15:26:09.200135,0.703125,0.9135538339614868
5755,281,,,2018-08-04 15:26:59.905239,0.71875,0.7232730388641357
5756,282,,,2018-08-04 15:27:00.793185,0.71875,0.8487221002578735
5757,283,,,2018-08-04 15:27:01.621531,0.828125,0.554836630821228
5758,284,,,2018-08-04 15:27:02.507351,0.796875,0.6424897313117981
5759,285,,,2018-08-04 15:27:03.422550,0.6875,0.8801610469818115
5760,286,,,2018-08-04 15:27:04.343582,0.640625,1.0579802989959717
5761,287,,,2018-08-04 15:27:05.206590,0.765625,0.7134131193161011
5762,288,,,2018-08-04 15:27:06.096347,0.609375,0.9484220743179321
5763,289,,,2018-08-04 15:27:06.892338,0.6875,0.8777295351028442
5764,290,,,2018-08-04 15:27:07.735516,0.625,0.9971816539764404
5765,291,,,2018-08-04 15:27:08.653946,0.8125,0.6016694903373718
5766,292,,,2018-08-04 15:27:09.524671,0.75,0.7054204940795898
5767,293,,,2018-08-04 15:27:10.428018,0.765625,0.7152009010314941
5768,294,,,2018-08-04 15:27:11.365181,0.796875,0.5537561774253845
5769,295,,,2018-08-04 15:27:12.292239,0.71875,0.8241708874702454
5770,296,,,2018-08-04 15:27:13.246560,0.71875,0.7561640739440918
5771,297,,,2018-08-04 15:27:14.150058,0.703125,0.9115545153617859
5772,298,,,2018-08-04 15:27:14.951034,0.75,0.7957542538642883
5773,299,,,2018-08-04 15:27:15.807740,0.671875,0.9008954167366028
5774,300,0.6171,1.141977310180664,2018-08-04 15:27:16.625671,0.671875,0.82408207654953
5775,301,,,2018-08-04 15:28:07.425736,0.671875,0.8961427807807922
5776,302,,,2018-08-04 15:28:08.380551,0.640625,0.9177302718162537
5777,303,,,2018-08-04 15:28:09.195011,0.734375,0.7642608880996704
5778,304,,,2018-08-04 15:28:10.187992,0.703125,0.9314768314361572
5779,305,,,2018-08-04 15:28:11.194039,0.828125,0.540138840675354
5780,306,,,2018-08-04 15:28:12.115509,0.765625,0.6746286153793335
5781,307,,,2018-08-04 15:28:13.079506,0.796875,0.5671104788780212
5782,308,,,2018-08-04 15:28:14.008270,0.59375,1.1045295000076294
5783,309,,,2018-08-04 15:28:14.943052,0.703125,0.9169059991836548
5784,310,,,2018-08-04 15:28:15.816536,0.734375,0.7174693942070007
5785,311,,,2018-08-04 15:28:16.685957,0.703125,0.9033123850822449
5786,312,,,2018-08-04 15:28:17.563497,0.703125,0.7141390442848206
5787,313,,,2018-08-04 15:28:18.373185,0.765625,0.7693234086036682
5788,314,,,2018-08-04 15:28:19.254552,0.765625,0.7195457220077515
5789,315,,,2018-08-04 15:28:20.232096,0.765625,0.7388665080070496
5790,316,,,2018-08-04 15:28:21.184138,0.59375,1.0468116998672485
5791,317,,,2018-08-04 15:28:22.126407,0.71875,0.657930850982666
5792,318,,,2018-08-04 15:28:23.033572,0.578125,1.107297658920288
5793,319,,,2018-08-04 15:28:23.939290,0.5625,1.0044283866882324
5794,320,0.5957,1.1930391788482666,2018-08-04 15:28:24.749854,0.71875,0.6558635830879211
5795,321,,,2018-08-04 15:29:15.807478,0.75,0.8035365343093872
5796,322,,,2018-08-04 15:29:16.723994,0.71875,0.8288846015930176
5797,323,,,2018-08-04 15:29:17.692729,0.828125,0.6328407526016235
5798,324,,,2018-08-04 15:29:18.557462,0.671875,0.8278277516365051
5799,325,,,2018-08-04 15:29:19.381326,0.71875,0.7514635920524597
5800,326,,,2018-08-04 15:29:20.233049,0.6875,0.8489832878112793
5801,327,,,2018-08-04 15:29:21.084218,0.71875,0.889922022819519
5802,328,,,2018-08-04 15:29:21.872855,0.6875,0.7347509264945984
5803,329,,,2018-08-04 15:29:22.804892,0.828125,0.670369029045105
5804,330,,,2018-08-04 15:29:23.679898,0.703125,0.9936622977256775
5805,331,,,2018-08-04 15:29:24.519972,0.671875,0.865485429763794
5806,332,,,2018-08-04 15:29:25.369905,0.671875,1.0689104795455933
5807,333,,,2018-08-04 15:29:26.218662,0.671875,0.9161242842674255
5808,334,,,2018-08-04 15:29:27.037913,0.6875,0.8388384580612183
5809,335,,,2018-08-04 15:29:28.008165,0.765625,0.688118577003479
5810,336,,,2018-08-04 15:29:29.016840,0.640625,0.9113252758979797
5811,337,,,2018-08-04 15:29:29.998287,0.765625,0.7251012325286865
5812,338,,,2018-08-04 15:29:30.916547,0.71875,0.8908998370170593
5813,339,,,2018-08-04 15:29:31.813676,0.71875,0.7247639894485474
5814,340,0.616,1.1317119598388672,2018-08-04 15:29:32.626779,0.71875,0.7644203305244446
5815,341,,,2018-08-04 15:30:20.963931,0.828125,0.5405313968658447
5816,342,,,2018-08-04 15:30:21.852597,0.671875,0.8896922469139099
5817,343,,,2018-08-04 15:30:22.716221,0.71875,0.7235210537910461
5818,344,,,2018-08-04 15:30:23.612531,0.71875,0.8222882151603699
5819,345,,,2018-08-04 15:30:24.523143,0.734375,0.707965612411499
5820,346,,,2018-08-04 15:30:25.418698,0.703125,0.7544546127319336
5821,347,,,2018-08-04 15:30:26.269235,0.734375,0.7421836256980896
5822,348,,,2018-08-04 15:30:27.015549,0.765625,0.7748862504959106
5823,349,,,2018-08-04 15:30:27.884162,0.671875,0.9729297757148743
5824,350,,,2018-08-04 15:30:28.833038,0.65625,0.982926607131958
5825,351,,,2018-08-04 15:30:29.758400,0.765625,0.7146605253219604
5826,352,,,2018-08-04 15:30:30.689344,0.75,0.8083112239837646
5827,353,,,2018-08-04 15:30:31.539468,0.671875,0.8668053150177002
5828,354,,,2018-08-04 15:30:32.401559,0.671875,0.9799198508262634
5829,355,,,2018-08-04 15:30:33.319504,0.6875,0.7992228865623474
5830,356,,,2018-08-04 15:30:34.197673,0.6875,0.7721341252326965
5831,357,,,2018-08-04 15:30:35.073129,0.734375,0.748106062412262
5832,358,,,2018-08-04 15:30:35.984238,0.71875,0.8903056383132935
5833,359,,,2018-08-04 15:30:36.877006,0.765625,0.7700197696685791
5834,360,0.625,1.1280285120010376,2018-08-04 15:30:37.728262,0.8125,0.49492156505584717
5835,361,,,2018-08-04 15:31:26.733803,0.796875,0.6344696879386902
5836,362,,,2018-08-04 15:31:27.670131,0.6875,0.8459649682044983
5837,363,,,2018-08-04 15:31:28.530327,0.75,0.8594226837158203
5838,364,,,2018-08-04 15:31:29.431928,0.703125,0.8508802056312561
5839,365,,,2018-08-04 15:31:30.323608,0.796875,0.7352567911148071
5840,366,,,2018-08-04 15:31:31.258495,0.765625,0.6066309809684753
5841,367,,,2018-08-04 15:31:32.230523,0.734375,0.9461056590080261
5842,368,,,2018-08-04 15:31:33.162452,0.609375,0.9868492484092712
5843,369,,,2018-08-04 15:31:33.974200,0.625,0.9269101023674011
5844,370,,,2018-08-04 15:31:34.873087,0.6875,0.7080662846565247
5845,371,,,2018-08-04 15:31:35.766427,0.6875,0.7219110727310181
5846,372,,,2018-08-04 15:31:36.676254,0.734375,0.7269744277000427
5847,373,,,2018-08-04 15:31:37.594969,0.8125,0.5756832361221313
5848,374,,,2018-08-04 15:31:38.555771,0.84375,0.41762322187423706
5849,375,,,2018-08-04 15:31:39.466388,0.625,0.965615451335907
5850,376,,,2018-08-04 15:31:40.355100,0.75,0.8082486391067505
5851,377,,,2018-08-04 15:31:41.128244,0.6875,0.8052335381507874
5852,378,,,2018-08-04 15:31:41.918545,0.65625,1.2383949756622314
5853,379,,,2018-08-04 15:31:42.793343,0.734375,0.7272323369979858
5854,380,0.5793,1.2654887437820435,2018-08-04 15:31:43.714296,0.75,0.6300318241119385
5855,381,,,2018-08-04 15:32:34.892948,0.703125,0.7925094366073608
5856,382,,,2018-08-04 15:32:35.845721,0.71875,0.8166077136993408
5857,383,,,2018-08-04 15:32:36.791128,0.71875,0.7223818898200989
5858,384,,,2018-08-04 15:32:37.785040,0.671875,0.7375235557556152
5859,385,,,2018-08-04 15:32:38.689465,0.65625,0.7930960059165955
5860,386,,,2018-08-04 15:32:39.634646,0.734375,0.687078595161438
5861,387,,,2018-08-04 15:32:40.533913,0.765625,0.6619037985801697
5862,388,,,2018-08-04 15:32:41.435954,0.671875,0.816058337688446
5863,389,,,2018-08-04 15:32:42.310558,0.703125,0.8066197633743286
5864,390,,,2018-08-04 15:32:43.237618,0.828125,0.5657049417495728
5865,391,,,2018-08-04 15:32:44.126546,0.78125,0.5700681805610657
5866,392,,,2018-08-04 15:32:44.968216,0.828125,0.539698600769043
5867,393,,,2018-08-04 15:32:45.807681,0.78125,0.7747118473052979
5868,394,,,2018-08-04 15:32:46.772626,0.828125,0.5640196800231934
5869,395,,,2018-08-04 15:32:47.687067,0.640625,0.9011222124099731
5870,396,,,2018-08-04 15:32:48.549032,0.75,0.6501386165618896
5871,397,,,2018-08-04 15:32:49.329732,0.6875,0.8298506140708923
5872,398,,,2018-08-04 15:32:50.222503,0.765625,0.6292539238929749
5873,399,,,2018-08-04 15:32:51.084909,0.765625,0.6157410740852356
5874,400,0.6036,1.2032581567764282,2018-08-04 15:32:51.948146,0.734375,0.8144029378890991
5875,401,,,2018-08-04 15:33:41.861492,0.71875,0.8749922513961792
5876,402,,,2018-08-04 15:33:42.773778,0.78125,0.6213312745094299
5877,403,,,2018-08-04 15:33:43.713758,0.625,1.113189697265625
5878,404,,,2018-08-04 15:33:44.571107,0.71875,0.9028867483139038
5879,405,,,2018-08-04 15:33:45.479841,0.71875,0.8198896646499634
5880,406,,,2018-08-04 15:33:46.417492,0.734375,0.7324018478393555
5881,407,,,2018-08-04 15:33:47.342959,0.765625,0.689574658870697
5882,408,,,2018-08-04 15:33:48.301405,0.671875,0.9341349005699158
5883,409,,,2018-08-04 15:33:49.165951,0.65625,0.9322867393493652
5884,410,,,2018-08-04 15:33:50.012889,0.6875,1.0522385835647583
5885,411,,,2018-08-04 15:33:50.895951,0.75,0.6783504486083984
5886,412,,,2018-08-04 15:33:51.765130,0.765625,0.7840461730957031
5887,413,,,2018-08-04 15:33:52.686114,0.75,0.7238773107528687
5888,414,,,2018-08-04 15:33:53.589553,0.703125,0.7337076663970947
5889,415,,,2018-08-04 15:33:54.520618,0.65625,0.9912062287330627
5890,416,,,2018-08-04 15:33:55.401002,0.671875,0.9823251962661743
5891,417,,,2018-08-04 15:33:56.156173,0.671875,0.7737807631492615
5892,418,,,2018-08-04 15:33:57.045025,0.640625,1.0064234733581543
5893,419,,,2018-08-04 15:33:57.922405,0.71875,0.7047997713088989
5894,420,0.6263,1.1303751468658447,2018-08-04 15:33:58.847945,0.6875,0.8949143290519714
5895,421,,,2018-08-04 15:34:48.432055,0.734375,0.6596834063529968
5896,422,,,2018-08-04 15:34:49.272713,0.703125,0.7118979096412659
5897,423,,,2018-08-04 15:34:50.061216,0.75,0.7336547374725342
5898,424,,,2018-08-04 15:34:50.950382,0.6875,0.8234989047050476
5899,425,,,2018-08-04 15:34:51.850023,0.75,0.615882933139801
5900,426,,,2018-08-04 15:34:52.762104,0.796875,0.6702338457107544
5901,427,,,2018-08-04 15:34:53.594332,0.703125,0.8133043050765991
5902,428,,,2018-08-04 15:34:54.466660,0.671875,0.8636517524719238
5903,429,,,2018-08-04 15:34:55.328188,0.734375,0.7581394910812378
5904,430,,,2018-08-04 15:34:56.200916,0.515625,1.159384846687317
5905,431,,,2018-08-04 15:34:57.083546,0.71875,0.8688889741897583
5906,432,,,2018-08-04 15:34:57.934761,0.71875,0.907769501209259
5907,433,,,2018-08-04 15:34:58.797921,0.75,0.7442847490310669
5908,434,,,2018-08-04 15:34:59.730498,0.5625,1.105994462966919
5909,435,,,2018-08-04 15:35:00.606129,0.6875,0.8572088479995728
5910,436,,,2018-08-04 15:35:01.679358,0.796875,0.645013689994812
5911,437,,,2018-08-04 15:35:02.507103,0.6875,0.8479305505752563
5912,438,,,2018-08-04 15:35:03.368769,0.703125,0.6698031425476074
5913,439,,,2018-08-04 15:35:04.309759,0.71875,0.7080659866333008
5914,440,0.6158,1.1462922096252441,2018-08-04 15:35:05.246503,0.71875,0.7104053497314453
5915,441,,,2018-08-04 15:35:56.229116,0.65625,0.8604015111923218
5916,442,,,2018-08-04 15:35:57.122174,0.65625,0.8641357421875
5917,443,,,2018-08-04 15:35:57.983400,0.75,0.5849969983100891
5918,444,,,2018-08-04 15:35:58.886538,0.765625,0.6391322016716003
5919,445,,,2018-08-04 15:35:59.793210,0.734375,0.7030355930328369
5920,446,,,2018-08-04 15:36:00.679634,0.78125,0.568291187286377
5921,447,,,2018-08-04 15:36:01.568330,0.734375,0.7406141757965088
5922,448,,,2018-08-04 15:36:02.431837,0.65625,0.9069039821624756
5923,449,,,2018-08-04 15:36:03.308615,0.71875,0.7514941692352295
5924,450,,,2018-08-04 15:36:04.238842,0.703125,0.7832261323928833
5925,451,,,2018-08-04 15:36:05.187997,0.734375,0.7564710378646851
5926,452,,,2018-08-04 15:36:06.106745,0.828125,0.5921714901924133
5927,453,,,2018-08-04 15:36:06.972429,0.75,0.726592481136322
5928,454,,,2018-08-04 15:36:07.858767,0.8125,0.5483226776123047
5929,455,,,2018-08-04 15:36:08.725972,0.78125,0.6190637350082397
5930,456,,,2018-08-04 15:36:09.583469,0.703125,0.7086751461029053
5931,457,,,2018-08-04 15:36:10.490021,0.671875,0.8583701252937317
5932,458,,,2018-08-04 15:36:11.433223,0.71875,0.9199190139770508
5933,459,,,2018-08-04 15:36:12.289877,0.71875,0.7887486815452576
5934,460,0.6081,1.1864829063415527,2018-08-04 15:36:13.117233,0.765625,0.838716983795166
5935,461,,,2018-08-04 15:37:02.265718,0.6875,0.8825703859329224
5936,462,,,2018-08-04 15:37:03.192719,0.71875,0.6880555152893066
5937,463,,,2018-08-04 15:37:04.143047,0.71875,0.7809372544288635
5938,464,,,2018-08-04 15:37:04.977115,0.703125,0.9774340391159058
5939,465,,,2018-08-04 15:37:05.906299,0.78125,0.6349342465400696
5940,466,,,2018-08-04 15:37:06.823757,0.671875,0.9498763680458069
5941,467,,,2018-08-04 15:37:07.675018,0.765625,0.6001280546188354
5942,468,,,2018-08-04 15:37:08.536742,0.78125,0.6119304299354553
5943,469,,,2018-08-04 15:37:09.382151,0.75,0.7057883739471436
5944,470,,,2018-08-04 15:37:10.361109,0.65625,0.9171419739723206
5945,471,,,2018-08-04 15:37:11.318627,0.703125,0.7499936819076538
5946,472,,,2018-08-04 15:37:12.218971,0.71875,0.7116335034370422
5947,473,,,2018-08-04 15:37:13.136874,0.75,0.8434668183326721
5948,474,,,2018-08-04 15:37:14.011626,0.734375,0.7015381455421448
5949,475,,,2018-08-04 15:37:14.901714,0.734375,0.7414126396179199
5950,476,,,2018-08-04 15:37:15.766490,0.71875,0.721535325050354
5951,477,,,2018-08-04 15:37:16.608379,0.625,0.741574227809906
5952,478,,,2018-08-04 15:37:17.485330,0.6875,0.9385390877723694
5953,479,,,2018-08-04 15:37:18.479365,0.640625,0.9375084042549133
5954,480,0.616,1.1549718379974365,2018-08-04 15:37:19.483948,0.765625,0.7528661489486694
5955,481,,,2018-08-04 15:38:10.348592,0.75,0.8277850151062012
5956,482,,,2018-08-04 15:38:11.186486,0.765625,0.6378836631774902
5957,483,,,2018-08-04 15:38:12.100375,0.71875,0.8427072763442993
5958,484,,,2018-08-04 15:38:12.913766,0.734375,0.7286054491996765
5959,485,,,2018-08-04 15:38:13.868027,0.703125,0.7543538212776184
5960,486,,,2018-08-04 15:38:14.772065,0.609375,1.0137629508972168
5961,487,,,2018-08-04 15:38:15.744200,0.734375,0.8214130401611328
5962,488,,,2018-08-04 15:38:16.666532,0.71875,0.872035026550293
5963,489,,,2018-08-04 15:38:17.586801,0.75,0.77939772605896
5964,490,,,2018-08-04 15:38:18.551203,0.703125,0.8806235194206238
5965,491,,,2018-08-04 15:38:19.508841,0.78125,0.8023229241371155
5966,492,,,2018-08-04 15:38:20.407514,0.65625,0.7906532287597656
5967,493,,,2018-08-04 15:38:21.362184,0.828125,0.7268046736717224
5968,494,,,2018-08-04 15:38:22.182174,0.75,0.637313187122345
5969,495,,,2018-08-04 15:38:23.079527,0.78125,0.6438696980476379
5970,496,,,2018-08-04 15:38:24.044095,0.796875,0.7574372887611389
5971,497,,,2018-08-04 15:38:24.936059,0.734375,0.7204073667526245
5972,498,,,2018-08-04 15:38:25.887321,0.671875,0.8208211064338684
5973,499,,,2018-08-04 15:38:26.744718,0.703125,0.8701476454734802
5974,500,0.6138,1.1249686479568481,2018-08-04 15:38:27.630517,0.75,0.7504460215568542
5975,501,,,2018-08-04 15:39:16.894381,0.75,0.7651425004005432
5976,502,,,2018-08-04 15:39:17.887406,0.6875,0.9651438593864441
5977,503,,,2018-08-04 15:39:18.738418,0.734375,0.6362224817276001
5978,504,,,2018-08-04 15:39:19.549740,0.65625,0.9721314907073975
5979,505,,,2018-08-04 15:39:20.498131,0.734375,0.603069543838501
5980,506,,,2018-08-04 15:39:21.420505,0.78125,0.5609534382820129
5981,507,,,2018-08-04 15:39:22.321627,0.703125,0.8389199376106262
5982,508,,,2018-08-04 15:39:23.271255,0.703125,0.9567369818687439
5983,509,,,2018-08-04 15:39:24.258884,0.65625,0.789868175983429
5984,510,,,2018-08-04 15:39:25.171427,0.734375,0.6850588917732239
5985,511,,,2018-08-04 15:39:26.086812,0.71875,0.9585714936256409
5986,512,,,2018-08-04 15:39:26.983957,0.53125,1.0712684392929077
5987,513,,,2018-08-04 15:39:27.857671,0.71875,0.7200992107391357
5988,514,,,2018-08-04 15:39:28.800170,0.765625,0.652226448059082
5989,515,,,2018-08-04 15:39:29.660073,0.828125,0.6131045818328857
5990,516,,,2018-08-04 15:39:30.534521,0.796875,0.5831801891326904
5991,517,,,2018-08-04 15:39:31.378081,0.671875,0.8669042587280273
5992,518,,,2018-08-04 15:39:32.345922,0.828125,0.6127424240112305
5993,519,,,2018-08-04 15:39:33.272602,0.796875,0.48046475648880005
5994,520,0.6134,1.1703391075134277,2018-08-04 15:39:34.168103,0.78125,0.5487326383590698
5995,521,,,2018-08-04 15:40:25.236795,0.8125,0.5539300441741943
5996,522,,,2018-08-04 15:40:26.166253,0.75,0.8288879990577698
5997,523,,,2018-08-04 15:40:27.097619,0.6875,0.9142502546310425
5998,524,,,2018-08-04 15:40:28.027484,0.609375,1.1400599479675293
5999,525,,,2018-08-04 15:40:28.985732,0.734375,0.758969783782959
6000,526,,,2018-08-04 15:40:29.898237,0.71875,0.7478294968605042
6001,527,,,2018-08-04 15:40:30.745005,0.6875,0.8310214281082153
6002,528,,,2018-08-04 15:40:31.670541,0.765625,0.7942327857017517
6003,529,,,2018-08-04 15:40:32.516212,0.71875,0.8661100268363953
6004,530,,,2018-08-04 15:40:33.458585,0.71875,0.781091570854187
6005,531,,,2018-08-04 15:40:34.280263,0.703125,0.7763676643371582
6006,532,,,2018-08-04 15:40:35.179344,0.75,0.655372142791748
6007,533,,,2018-08-04 15:40:36.021011,0.71875,0.7161547541618347
6008,534,,,2018-08-04 15:40:36.930439,0.71875,0.8015559911727905
6009,535,,,2018-08-04 15:40:37.791063,0.734375,0.8359644412994385
6010,536,,,2018-08-04 15:40:38.571357,0.78125,0.5755265355110168
6011,537,,,2018-08-04 15:40:39.472256,0.796875,0.5508257150650024
6012,538,,,2018-08-04 15:40:40.503801,0.671875,0.8568044900894165
6013,539,,,2018-08-04 15:40:41.411475,0.8125,0.7448360323905945
6014,540,0.5997,1.2093017101287842,2018-08-04 15:40:42.351458,0.703125,0.7487319707870483
6015,541,,,2018-08-04 15:41:31.896245,0.765625,0.7082527279853821
6016,542,,,2018-08-04 15:41:32.825324,0.65625,0.8442487716674805
6017,543,,,2018-08-04 15:41:33.727045,0.703125,0.7429788708686829
6018,544,,,2018-08-04 15:41:34.724806,0.78125,0.6882458329200745
6019,545,,,2018-08-04 15:41:35.664944,0.765625,0.7869167923927307
6020,546,,,2018-08-04 15:41:36.527557,0.734375,0.7678818106651306
6021,547,,,2018-08-04 15:41:37.431356,0.796875,0.5553429126739502
6022,548,,,2018-08-04 15:41:38.250841,0.75,0.6675466895103455
6023,549,,,2018-08-04 15:41:39.107227,0.78125,0.6200317740440369
6024,550,,,2018-08-04 15:41:40.012307,0.734375,0.7092278599739075
6025,551,,,2018-08-04 15:41:40.951643,0.671875,0.9054067730903625
6026,552,,,2018-08-04 15:41:41.892216,0.71875,0.7424366474151611
6027,553,,,2018-08-04 15:41:42.817293,0.84375,0.5634161233901978
6028,554,,,2018-08-04 15:41:43.760252,0.84375,0.5605118274688721
6029,555,,,2018-08-04 15:41:44.628516,0.6875,0.8569766283035278
6030,556,,,2018-08-04 15:41:45.495217,0.78125,0.7815973162651062
6031,557,,,2018-08-04 15:41:46.452860,0.75,0.9124743342399597
6032,558,,,2018-08-04 15:41:47.274365,0.609375,0.9178878664970398
6033,559,,,2018-08-04 15:41:48.216782,0.6875,0.9810659289360046
6034,560,0.5981,1.211222529411316,2018-08-04 15:41:49.133969,0.703125,0.7753962874412537
6035,561,,,2018-08-04 15:42:38.350000,0.71875,0.8773431777954102
6036,562,,,2018-08-04 15:42:39.175407,0.703125,0.8369002938270569
6037,563,,,2018-08-04 15:42:40.091577,0.796875,0.6084150671958923
6038,564,,,2018-08-04 15:42:40.929741,0.78125,0.6440929770469666
6039,565,,,2018-08-04 15:42:41.830166,0.734375,0.6623607873916626
6040,566,,,2018-08-04 15:42:42.663542,0.6875,0.751986026763916
6041,567,,,2018-08-04 15:42:43.514790,0.734375,0.7848253846168518
6042,568,,,2018-08-04 15:42:44.383260,0.6875,0.8103055357933044
6043,569,,,2018-08-04 15:42:45.315644,0.703125,0.9408012628555298
6044,570,,,2018-08-04 15:42:46.346784,0.734375,0.7965468168258667
6045,571,,,2018-08-04 15:42:47.114503,0.703125,0.7615085244178772
6046,572,,,2018-08-04 15:42:47.969345,0.625,0.9400640726089478
6047,573,,,2018-08-04 15:42:48.823677,0.734375,0.7551292181015015
6048,574,,,2018-08-04 15:42:49.716459,0.796875,0.6057483553886414
6049,575,,,2018-08-04 15:42:50.619262,0.65625,1.0664280652999878
6050,576,,,2018-08-04 15:42:51.387255,0.640625,0.899388313293457
6051,577,,,2018-08-04 15:42:52.200919,0.625,0.8200706243515015
6052,578,,,2018-08-04 15:42:53.026114,0.546875,0.9950798153877258
6053,579,,,2018-08-04 15:42:53.967450,0.734375,0.7827404737472534
6054,580,0.5903,1.2352650165557861,2018-08-04 15:42:54.807060,0.578125,0.8970503211021423
6055,581,,,2018-08-04 15:43:45.764789,0.65625,0.8031036257743835
6056,582,,,2018-08-04 15:43:46.689218,0.71875,0.8490231037139893
6057,583,,,2018-08-04 15:43:47.641506,0.734375,0.7903702259063721
6058,584,,,2018-08-04 15:43:48.521602,0.671875,0.8400099873542786
6059,585,,,2018-08-04 15:43:49.476726,0.65625,0.912052571773529
6060,586,,,2018-08-04 15:43:50.320329,0.71875,0.8307923078536987
6061,587,,,2018-08-04 15:43:51.193909,0.671875,0.9090247750282288
6062,588,,,2018-08-04 15:43:51.999550,0.71875,0.8357726335525513
6063,589,,,2018-08-04 15:43:52.876512,0.625,0.8101376891136169
6064,590,,,2018-08-04 15:43:53.789778,0.65625,0.7845435738563538
6065,591,,,2018-08-04 15:43:54.606695,0.796875,0.5682543516159058
6066,592,,,2018-08-04 15:43:55.373615,0.765625,0.6230563521385193
6067,593,,,2018-08-04 15:43:56.218461,0.703125,0.9111700654029846
6068,594,,,2018-08-04 15:43:57.094421,0.6875,0.7773438096046448
6069,595,,,2018-08-04 15:43:58.061997,0.65625,0.9818539023399353
6070,596,,,2018-08-04 15:43:58.935115,0.71875,0.7522771954536438
6071,597,,,2018-08-04 15:43:59.847259,0.6875,0.928302526473999
6072,598,,,2018-08-04 15:44:00.726610,0.71875,0.784208357334137
6073,599,,,2018-08-04 15:44:01.690097,0.6875,0.867207407951355
6074,600,0.6036,1.2152726650238037,2018-08-04 15:44:02.571134,0.765625,0.6141685247421265
6075,601,,,2018-08-04 15:44:51.951164,0.6875,0.9883777499198914
6076,602,,,2018-08-04 15:44:52.891167,0.71875,0.8370159268379211
6077,603,,,2018-08-04 15:44:53.801865,0.78125,0.6709913015365601
6078,604,,,2018-08-04 15:44:54.711913,0.703125,0.7543342709541321
6079,605,,,2018-08-04 15:44:55.531863,0.734375,0.841897189617157
6080,606,,,2018-08-04 15:44:56.448867,0.671875,0.8119432926177979
6081,607,,,2018-08-04 15:44:57.404222,0.75,0.6379062533378601
6082,608,,,2018-08-04 15:44:58.298854,0.671875,0.8177968263626099
6083,609,,,2018-08-04 15:44:59.262878,0.71875,0.7321636080741882
6084,610,,,2018-08-04 15:45:00.240373,0.71875,0.8251256942749023
6085,611,,,2018-08-04 15:45:01.281058,0.71875,0.6723469495773315
6086,612,,,2018-08-04 15:45:02.135734,0.6875,0.8815440535545349
6087,613,,,2018-08-04 15:45:03.026768,0.71875,0.9553361535072327
6088,614,,,2018-08-04 15:45:03.902381,0.75,0.7972192168235779
6089,615,,,2018-08-04 15:45:04.755259,0.65625,0.918822705745697
6090,616,,,2018-08-04 15:45:05.614345,0.734375,0.7024993896484375
6091,617,,,2018-08-04 15:45:06.479007,0.59375,1.1777925491333008
6092,618,,,2018-08-04 15:45:07.471506,0.703125,0.9665852189064026
6093,619,,,2018-08-04 15:45:08.530288,0.671875,0.7689192891120911
6094,620,0.5996,1.212035894393921,2018-08-04 15:45:09.502956,0.734375,0.821035623550415
6095,621,,,2018-08-04 15:45:59.461297,0.65625,0.9327654242515564
6096,622,,,2018-08-04 15:46:00.427020,0.859375,0.5122684240341187
6097,623,,,2018-08-04 15:46:01.424673,0.71875,0.7309571504592896
6098,624,,,2018-08-04 15:46:02.408077,0.71875,0.6892843842506409
6099,625,,,2018-08-04 15:46:03.272698,0.6875,0.90266352891922
6100,626,,,2018-08-04 15:46:04.187382,0.71875,0.6241598129272461
6101,627,,,2018-08-04 15:46:05.126670,0.65625,0.9099389910697937
6102,628,,,2018-08-04 15:46:05.998793,0.6875,0.887889564037323
6103,629,,,2018-08-04 15:46:06.933511,0.703125,0.6758428812026978
6104,630,,,2018-08-04 15:46:07.754128,0.671875,0.8519983887672424
6105,631,,,2018-08-04 15:46:08.701435,0.78125,0.7070857286453247
6106,632,,,2018-08-04 15:46:09.673634,0.78125,0.7933917045593262
6107,633,,,2018-08-04 15:46:10.586673,0.75,0.8719347715377808
6108,634,,,2018-08-04 15:46:11.586689,0.703125,0.7929517030715942
6109,635,,,2018-08-04 15:46:12.491123,0.765625,0.8088980913162231
6110,636,,,2018-08-04 15:46:13.340252,0.71875,0.7714713215827942
6111,637,,,2018-08-04 15:46:14.128175,0.609375,0.9704975485801697
6112,638,,,2018-08-04 15:46:14.967255,0.71875,0.7210421562194824
6113,639,,,2018-08-04 15:46:15.904665,0.640625,0.9176232814788818
6114,640,0.5958,1.189772605895996,2018-08-04 15:46:16.841487,0.625,1.0387202501296997
6115,641,,,2018-08-04 15:47:08.041310,0.71875,0.6417180299758911
6116,642,,,2018-08-04 15:47:08.855172,0.84375,0.5820707678794861
6117,643,,,2018-08-04 15:47:09.688319,0.8125,0.589695930480957
6118,644,,,2018-08-04 15:47:10.551885,0.765625,0.7285427451133728
6119,645,,,2018-08-04 15:47:11.421099,0.78125,0.7200781106948853
6120,646,,,2018-08-04 15:47:12.273303,0.71875,0.6953095197677612
6121,647,,,2018-08-04 15:47:13.146938,0.703125,0.7431809902191162
6122,648,,,2018-08-04 15:47:14.099076,0.640625,0.9902874231338501
6123,649,,,2018-08-04 15:47:14.994632,0.640625,1.002679705619812
6124,650,,,2018-08-04 15:47:15.920236,0.71875,0.8136542439460754
6125,651,,,2018-08-04 15:47:16.799130,0.71875,0.9463792443275452
6126,652,,,2018-08-04 15:47:17.714633,0.796875,0.6710024476051331
6127,653,,,2018-08-04 15:47:18.631108,0.78125,0.5609480142593384
6128,654,,,2018-08-04 15:47:19.457160,0.703125,0.8097032308578491
6129,655,,,2018-08-04 15:47:20.298521,0.765625,0.8337520956993103
6130,656,,,2018-08-04 15:47:21.191498,0.75,0.7092552781105042
6131,657,,,2018-08-04 15:47:22.041843,0.703125,0.8270693421363831
6132,658,,,2018-08-04 15:47:23.041115,0.671875,0.8523790240287781
6133,659,,,2018-08-04 15:47:24.058881,0.734375,0.7149392366409302
6134,660,0.5936,1.249900460243225,2018-08-04 15:47:24.905613,0.703125,0.7665696144104004
6135,661,,,2018-08-04 15:48:16.427580,0.671875,0.7980315089225769
6136,662,,,2018-08-04 15:48:17.375090,0.6875,0.6590820550918579
6137,663,,,2018-08-04 15:48:18.216070,0.765625,0.8138921856880188
6138,664,,,2018-08-04 15:48:19.110544,0.765625,0.7734106183052063
6139,665,,,2018-08-04 15:48:20.003898,0.8125,0.5583266615867615
6140,666,,,2018-08-04 15:48:20.905560,0.78125,0.6574373841285706
6141,667,,,2018-08-04 15:48:21.788338,0.75,0.7576027512550354
6142,668,,,2018-08-04 15:48:22.612195,0.640625,1.039413571357727
6143,669,,,2018-08-04 15:48:23.557913,0.796875,0.613309383392334
6144,670,,,2018-08-04 15:48:24.407669,0.6875,0.9048187732696533
6145,671,,,2018-08-04 15:48:25.346708,0.71875,0.8044308423995972
6146,672,,,2018-08-04 15:48:26.220736,0.71875,0.768534779548645
6147,673,,,2018-08-04 15:48:27.031884,0.71875,0.780234694480896
6148,674,,,2018-08-04 15:48:27.925730,0.71875,0.9181865453720093
6149,675,,,2018-08-04 15:48:28.827705,0.765625,0.7040179371833801
6150,676,,,2018-08-04 15:48:29.684055,0.828125,0.7138281464576721
6151,677,,,2018-08-04 15:48:30.511196,0.71875,0.8532898426055908
6152,678,,,2018-08-04 15:48:31.443504,0.75,0.8204542398452759
6153,679,,,2018-08-04 15:48:32.324717,0.546875,0.9932985901832581
6154,680,0.5924,1.231872320175171,2018-08-04 15:48:33.258386,0.6875,0.7640088200569153
6155,681,,,2018-08-04 15:49:25.102748,0.6875,0.8096717000007629
6156,682,,,2018-08-04 15:49:26.056368,0.6875,0.8637979030609131
6157,683,,,2018-08-04 15:49:26.895397,0.71875,0.7733651399612427
6158,684,,,2018-08-04 15:49:27.824394,0.71875,0.6803959012031555
6159,685,,,2018-08-04 15:49:28.722670,0.734375,0.7443450689315796
6160,686,,,2018-08-04 15:49:29.628511,0.671875,0.910545825958252
6161,687,,,2018-08-04 15:49:30.513398,0.71875,0.8523843884468079
6162,688,,,2018-08-04 15:49:31.434701,0.71875,0.8054600954055786
6163,689,,,2018-08-04 15:49:32.339525,0.796875,0.694874107837677
6164,690,,,2018-08-04 15:49:33.237257,0.640625,0.8772432804107666
6165,691,,,2018-08-04 15:49:34.188034,0.703125,0.8792735934257507
6166,692,,,2018-08-04 15:49:35.137637,0.75,0.6558248996734619
6167,693,,,2018-08-04 15:49:36.127900,0.734375,0.7167174220085144
6168,694,,,2018-08-04 15:49:37.083256,0.703125,0.7425167560577393
6169,695,,,2018-08-04 15:49:37.978248,0.703125,0.883388340473175
6170,696,,,2018-08-04 15:49:38.843931,0.671875,0.902950644493103
6171,697,,,2018-08-04 15:49:39.662738,0.65625,0.8270274996757507
6172,698,,,2018-08-04 15:49:40.565656,0.78125,0.674807608127594
6173,699,,,2018-08-04 15:49:41.591970,0.71875,0.9759859442710876
6174,700,0.6058,1.2136276960372925,2018-08-04 15:49:42.612960,0.796875,0.6854504942893982
6175,701,,,2018-08-04 15:50:32.729136,0.6875,0.7606539726257324
6176,702,,,2018-08-04 15:50:33.537265,0.734375,0.7985230684280396
6177,703,,,2018-08-04 15:50:34.409986,0.671875,1.1416844129562378
6178,704,,,2018-08-04 15:50:35.298043,0.78125,0.5870265364646912
6179,705,,,2018-08-04 15:50:36.202402,0.796875,0.7301875352859497
6180,706,,,2018-08-04 15:50:37.122829,0.75,0.658378005027771
6181,707,,,2018-08-04 15:50:37.962070,0.703125,0.8233214020729065
6182,708,,,2018-08-04 15:50:38.878907,0.671875,0.9782136082649231
6183,709,,,2018-08-04 15:50:39.772430,0.703125,0.8798486590385437
6184,710,,,2018-08-04 15:50:40.676868,0.6875,0.848726212978363
6185,711,,,2018-08-04 15:50:41.556073,0.734375,0.9768169522285461
6186,712,,,2018-08-04 15:50:42.463895,0.6875,0.9610095024108887
6187,713,,,2018-08-04 15:50:43.349204,0.640625,0.8717466592788696
6188,714,,,2018-08-04 15:50:44.216538,0.78125,0.6937587857246399
6189,715,,,2018-08-04 15:50:45.147512,0.671875,0.9896051287651062
6190,716,,,2018-08-04 15:50:45.997958,0.75,0.7759713530540466
6191,717,,,2018-08-04 15:50:46.870773,0.6875,0.8475931286811829
6192,718,,,2018-08-04 15:50:47.690758,0.71875,0.7826099991798401
6193,719,,,2018-08-04 15:50:48.561875,0.8125,0.7352780699729919
6194,720,0.6106,1.1785407066345215,2018-08-04 15:50:49.502922,0.796875,0.6279296875
6195,721,,,2018-08-04 15:51:38.729008,0.734375,0.8333984613418579
6196,722,,,2018-08-04 15:51:39.649834,0.65625,0.9580520391464233
6197,723,,,2018-08-04 15:51:40.475580,0.796875,0.6328048706054688
6198,724,,,2018-08-04 15:51:41.393838,0.71875,0.8464787602424622
6199,725,,,2018-08-04 15:51:42.337523,0.796875,0.6466575264930725
6200,726,,,2018-08-04 15:51:43.249158,0.765625,0.6718725562095642
6201,727,,,2018-08-04 15:51:44.208548,0.640625,0.9292277693748474
6202,728,,,2018-08-04 15:51:45.141589,0.65625,0.8184645771980286
6203,729,,,2018-08-04 15:51:46.028287,0.71875,0.949543297290802
6204,730,,,2018-08-04 15:51:46.969035,0.6875,0.9505495429039001
6205,731,,,2018-08-04 15:51:47.843640,0.671875,0.8173298835754395
6206,732,,,2018-08-04 15:51:48.769624,0.78125,0.6856313347816467
6207,733,,,2018-08-04 15:51:49.704024,0.75,0.768402636051178
6208,734,,,2018-08-04 15:51:50.695531,0.703125,0.9143279790878296
6209,735,,,2018-08-04 15:51:51.655668,0.75,0.7397471070289612
6210,736,,,2018-08-04 15:51:52.520644,0.765625,0.7364591360092163
6211,737,,,2018-08-04 15:51:53.455317,0.84375,0.5517979264259338
6212,738,,,2018-08-04 15:51:54.306451,0.765625,0.7072638869285583
6213,739,,,2018-08-04 15:51:55.199106,0.796875,0.7399542927742004
6214,740,0.6227,1.1158229112625122,2018-08-04 15:51:56.088907,0.765625,0.6259053945541382
6215,741,,,2018-08-04 15:52:47.018560,0.71875,0.7098281383514404
6216,742,,,2018-08-04 15:52:47.945158,0.734375,0.7392349243164062
6217,743,,,2018-08-04 15:52:48.786745,0.734375,0.7248255610466003
6218,744,,,2018-08-04 15:52:49.710198,0.78125,0.5382436513900757
6219,745,,,2018-08-04 15:52:50.594797,0.8125,0.6725767254829407
6220,746,,,2018-08-04 15:52:51.453313,0.71875,0.7826937437057495
6221,747,,,2018-08-04 15:52:52.395977,0.734375,1.0121639966964722
6222,748,,,2018-08-04 15:52:53.361471,0.703125,1.0029628276824951
6223,749,,,2018-08-04 15:52:54.251838,0.5625,1.0833477973937988
6224,750,,,2018-08-04 15:52:55.134667,0.703125,0.8404945731163025
6225,751,,,2018-08-04 15:52:56.016297,0.828125,0.5254783630371094
6226,752,,,2018-08-04 15:52:56.832704,0.71875,0.756585419178009
6227,753,,,2018-08-04 15:52:57.780592,0.734375,0.6505023837089539
6228,754,,,2018-08-04 15:52:58.709276,0.734375,0.8343192934989929
6229,755,,,2018-08-04 15:52:59.665286,0.765625,0.6797566413879395
6230,756,,,2018-08-04 15:53:00.680447,0.703125,0.7801458239555359
6231,757,,,2018-08-04 15:53:01.550359,0.671875,0.8895375728607178
6232,758,,,2018-08-04 15:53:02.388597,0.703125,0.6960410475730896
6233,759,,,2018-08-04 15:53:03.215781,0.703125,0.7075570225715637
6234,760,0.6176,1.1571714878082275,2018-08-04 15:53:04.002920,0.6875,0.9499793648719788
6235,761,,,2018-08-04 15:53:55.137016,0.75,0.6090453267097473
6236,762,,,2018-08-04 15:53:56.016541,0.765625,0.7412416934967041
6237,763,,,2018-08-04 15:53:56.872333,0.703125,0.8007213473320007
6238,764,,,2018-08-04 15:53:57.727974,0.703125,0.881495475769043
6239,765,,,2018-08-04 15:53:58.618882,0.8125,0.560516357421875
6240,766,,,2018-08-04 15:53:59.544217,0.71875,0.7790964245796204
6241,767,,,2018-08-04 15:54:00.410184,0.78125,0.687800407409668
6242,768,,,2018-08-04 15:54:01.372419,0.71875,0.6871386170387268
6243,769,,,2018-08-04 15:54:02.397773,0.6875,0.7884995341300964
6244,770,,,2018-08-04 15:54:03.306989,0.734375,0.7839744687080383
6245,771,,,2018-08-04 15:54:04.144750,0.625,0.851340115070343
6246,772,,,2018-08-04 15:54:05.039855,0.734375,0.7755454182624817
6247,773,,,2018-08-04 15:54:05.922532,0.75,0.8131200671195984
6248,774,,,2018-08-04 15:54:06.839753,0.765625,0.7071855664253235
6249,775,,,2018-08-04 15:54:07.733260,0.71875,0.8052974343299866
6250,776,,,2018-08-04 15:54:08.659746,0.765625,0.6100316643714905
6251,777,,,2018-08-04 15:54:09.510297,0.6875,0.7907339334487915
6252,778,,,2018-08-04 15:54:10.343629,0.578125,1.149753212928772
6253,779,,,2018-08-04 15:54:11.260360,0.640625,0.7271844744682312
6254,780,0.5946,1.1990472078323364,2018-08-04 15:54:12.112077,0.71875,0.7123441696166992
6255,781,,,2018-08-04 15:55:01.704425,0.625,1.2518583536148071
6256,0,,,2018-08-04 15:55:52.229172,0.75,0.5748304128646851
6257,1,,,2018-08-04 15:55:53.145318,0.71875,0.7484718561172485
6258,2,,,2018-08-04 15:55:54.084344,0.65625,0.7912703156471252
6259,3,,,2018-08-04 15:55:54.962606,0.8125,0.5781412124633789
6260,4,,,2018-08-04 15:55:55.932306,0.84375,0.6015255451202393
6261,5,,,2018-08-04 15:55:56.764140,0.734375,0.7528981566429138
6262,6,,,2018-08-04 15:55:57.661424,0.734375,0.7834672927856445
6263,7,,,2018-08-04 15:55:58.543037,0.78125,0.7395713329315186
6264,8,,,2018-08-04 15:55:59.441913,0.703125,0.7892149686813354
6265,9,,,2018-08-04 15:56:00.332294,0.875,0.5080334544181824
6266,10,,,2018-08-04 15:56:01.100498,0.78125,0.7262730598449707
6267,11,,,2018-08-04 15:56:01.932731,0.75,0.7082639336585999
6268,12,,,2018-08-04 15:56:02.773804,0.734375,0.7614608407020569
6269,13,,,2018-08-04 15:56:03.726636,0.765625,0.7307432293891907
6270,14,,,2018-08-04 15:56:04.673682,0.828125,0.5296288728713989
6271,15,,,2018-08-04 15:56:05.520654,0.78125,0.6383432149887085
6272,16,,,2018-08-04 15:56:06.382754,0.6875,0.8273861408233643
6273,17,,,2018-08-04 15:56:07.291582,0.546875,1.1590518951416016
6274,18,,,2018-08-04 15:56:08.221173,0.765625,0.7132742404937744
6275,19,,,2018-08-04 15:56:09.129945,0.75,0.7594317197799683
6276,20,0.6237,1.1448982954025269,2018-08-04 15:56:10.015858,0.625,0.9406749606132507
6277,21,,,2018-08-04 15:57:01.774255,0.828125,0.5018594264984131
6278,22,,,2018-08-04 15:57:02.604742,0.78125,0.5567759871482849
6279,23,,,2018-08-04 15:57:03.483156,0.78125,0.6947800517082214
6280,24,,,2018-08-04 15:57:04.410246,0.734375,0.7158870697021484
6281,25,,,2018-08-04 15:57:05.297821,0.71875,0.7101945281028748
6282,26,,,2018-08-04 15:57:06.223227,0.515625,1.2898167371749878
6283,27,,,2018-08-04 15:57:07.069612,0.671875,0.7552245259284973
6284,28,,,2018-08-04 15:57:07.987001,0.796875,0.6123561263084412
6285,29,,,2018-08-04 15:57:08.905203,0.671875,0.9265231490135193
6286,30,,,2018-08-04 15:57:09.795095,0.765625,0.6685088872909546
6287,31,,,2018-08-04 15:57:10.749822,0.84375,0.7035388946533203
6288,32,,,2018-08-04 15:57:11.670020,0.734375,0.8033397197723389
6289,33,,,2018-08-04 15:57:12.555261,0.609375,0.8890180587768555
6290,34,,,2018-08-04 15:57:13.494124,0.765625,0.6002200245857239
6291,35,,,2018-08-04 15:57:14.354002,0.703125,0.8256127834320068
6292,36,,,2018-08-04 15:57:15.342214,0.734375,0.6942214965820312
6293,37,,,2018-08-04 15:57:16.279763,0.71875,0.8414645791053772
6294,38,,,2018-08-04 15:57:17.165001,0.765625,0.6780754923820496
6295,39,,,2018-08-04 15:57:18.046136,0.71875,0.667889416217804
6296,40,0.6244,1.1208614110946655,2018-08-04 15:57:18.846635,0.796875,0.6348119974136353
6297,41,,,2018-08-04 15:58:10.172191,0.703125,0.9644654393196106
6298,42,,,2018-08-04 15:58:10.987286,0.828125,0.5143292546272278
6299,43,,,2018-08-04 15:58:11.787681,0.78125,0.5551521182060242
6300,44,,,2018-08-04 15:58:12.688514,0.765625,0.637574315071106
6301,45,,,2018-08-04 15:58:13.560500,0.703125,0.81364905834198
6302,46,,,2018-08-04 15:58:14.482064,0.796875,0.5504497289657593
6303,47,,,2018-08-04 15:58:15.401929,0.75,0.7812509536743164
6304,48,,,2018-08-04 15:58:16.234160,0.71875,0.7126820683479309
6305,49,,,2018-08-04 15:58:17.070900,0.6875,0.7416330575942993
6306,50,,,2018-08-04 15:58:17.930674,0.71875,0.7958291172981262
6307,51,,,2018-08-04 15:58:18.910567,0.765625,0.7268290519714355
6308,52,,,2018-08-04 15:58:19.857152,0.765625,0.5975375771522522
6309,53,,,2018-08-04 15:58:20.780004,0.828125,0.6336759328842163
6310,54,,,2018-08-04 15:58:21.581680,0.6875,0.8339449167251587
6311,55,,,2018-08-04 15:58:22.441662,0.765625,0.737296462059021
6312,56,,,2018-08-04 15:58:23.320240,0.71875,0.7713866233825684
6313,57,,,2018-08-04 15:58:24.234966,0.625,0.9979240894317627
6314,58,,,2018-08-04 15:58:25.133553,0.8125,0.7440032958984375
6315,59,,,2018-08-04 15:58:25.985297,0.625,0.935574471950531
6316,60,0.6106,1.231003999710083,2018-08-04 15:58:26.834288,0.71875,0.7754995226860046
6317,61,,,2018-08-04 15:59:17.621667,0.8125,0.6096118092536926
6318,62,,,2018-08-04 15:59:18.599564,0.765625,0.5561906099319458
6319,63,,,2018-08-04 15:59:19.578984,0.703125,0.6200490593910217
6320,64,,,2018-08-04 15:59:20.464149,0.796875,0.6365401148796082
6321,65,,,2018-08-04 15:59:21.308377,0.6875,0.8163721561431885
6322,66,,,2018-08-04 15:59:22.250503,0.75,0.6525496244430542
6323,67,,,2018-08-04 15:59:23.110963,0.734375,0.7310096621513367
6324,68,,,2018-08-04 15:59:23.971985,0.765625,0.6284374594688416
6325,69,,,2018-08-04 15:59:24.789748,0.65625,0.8706178665161133
6326,70,,,2018-08-04 15:59:25.628726,0.78125,0.7205016016960144
6327,71,,,2018-08-04 15:59:26.534020,0.734375,0.8010644912719727
6328,72,,,2018-08-04 15:59:27.420397,0.765625,0.6646121144294739
6329,73,,,2018-08-04 15:59:28.371283,0.828125,0.480720579624176
6330,74,,,2018-08-04 15:59:29.215081,0.828125,0.5787383317947388
6331,75,,,2018-08-04 15:59:30.060809,0.6875,0.8910856246948242
6332,76,,,2018-08-04 15:59:30.891224,0.65625,0.7748451232910156
6333,77,,,2018-08-04 15:59:31.807036,0.71875,0.7652093172073364
6334,78,,,2018-08-04 15:59:32.660227,0.703125,0.8252730369567871
6335,79,,,2018-08-04 15:59:33.534913,0.75,0.6774267554283142
6336,80,0.6172,1.1770257949829102,2018-08-04 15:59:34.360575,0.765625,0.6647886633872986
6337,81,,,2018-08-04 16:00:25.350576,0.765625,0.6592580080032349
6338,82,,,2018-08-04 16:00:26.308825,0.703125,0.7707810401916504
6339,83,,,2018-08-04 16:00:27.200302,0.8125,0.6651571393013
6340,84,,,2018-08-04 16:00:28.112968,0.796875,0.5645735859870911
6341,85,,,2018-08-04 16:00:28.955425,0.75,0.9457097053527832
6342,86,,,2018-08-04 16:00:29.832349,0.671875,1.0514241456985474
6343,87,,,2018-08-04 16:00:30.787576,0.640625,0.9204607605934143
6344,88,,,2018-08-04 16:00:31.722574,0.625,0.777708888053894
6345,89,,,2018-08-04 16:00:32.699403,0.6875,0.9243215918540955
6346,90,,,2018-08-04 16:00:33.540800,0.65625,0.9587025046348572
6347,91,,,2018-08-04 16:00:34.423059,0.59375,1.0630993843078613
6348,92,,,2018-08-04 16:00:35.350081,0.703125,0.8300079703330994
6349,93,,,2018-08-04 16:00:36.317233,0.640625,0.9031355381011963
6350,94,,,2018-08-04 16:00:37.195950,0.65625,0.955632746219635
6351,95,,,2018-08-04 16:00:38.072405,0.78125,0.5337886214256287
6352,96,,,2018-08-04 16:00:38.886482,0.734375,0.6799233555793762
6353,97,,,2018-08-04 16:00:39.827556,0.703125,0.7428388595581055
6354,98,,,2018-08-04 16:00:40.754055,0.703125,0.8336798548698425
6355,99,,,2018-08-04 16:00:41.601591,0.734375,0.9264572858810425
6356,100,0.6204,1.1965290307998657,2018-08-04 16:00:42.412806,0.6875,0.897325873374939
6357,101,,,2018-08-04 16:01:31.536088,0.796875,0.5916409492492676
6358,102,,,2018-08-04 16:01:32.489160,0.8125,0.5396333932876587
6359,103,,,2018-08-04 16:01:33.330323,0.8125,0.48522183299064636
6360,104,,,2018-08-04 16:01:34.246809,0.796875,0.6910684108734131
6361,105,,,2018-08-04 16:01:35.043102,0.640625,0.8410518765449524
6362,106,,,2018-08-04 16:01:35.901771,0.671875,0.9607002139091492
6363,107,,,2018-08-04 16:01:36.823287,0.8125,0.6255742311477661
6364,108,,,2018-08-04 16:01:37.603669,0.734375,0.7674998044967651
6365,109,,,2018-08-04 16:01:38.421274,0.8125,0.577056884765625
6366,110,,,2018-08-04 16:01:39.315898,0.765625,0.7263317704200745
6367,111,,,2018-08-04 16:01:40.210181,0.703125,0.7869932651519775
6368,112,,,2018-08-04 16:01:41.164468,0.578125,0.9636673927307129
6369,113,,,2018-08-04 16:01:42.111210,0.734375,0.7222800254821777
6370,114,,,2018-08-04 16:01:43.021176,0.828125,0.6137865781784058
6371,115,,,2018-08-04 16:01:43.959490,0.53125,1.2401152849197388
6372,116,,,2018-08-04 16:01:44.837549,0.734375,0.8751232624053955
6373,117,,,2018-08-04 16:01:45.662803,0.65625,0.9405655264854431
6374,118,,,2018-08-04 16:01:46.570691,0.640625,0.960885226726532
6375,119,,,2018-08-04 16:01:47.498990,0.671875,0.7334703207015991
6376,120,0.6026,1.242754578590393,2018-08-04 16:01:48.331928,0.703125,0.7987091541290283
6377,121,,,2018-08-04 16:02:38.977482,0.671875,0.8837026953697205
6378,122,,,2018-08-04 16:02:39.867572,0.71875,0.8241896629333496
6379,123,,,2018-08-04 16:02:40.804087,0.734375,0.805130124092102
6380,124,,,2018-08-04 16:02:41.763349,0.8125,0.501677930355072
6381,125,,,2018-08-04 16:02:42.636429,0.75,0.6561710238456726
6382,126,,,2018-08-04 16:02:43.431724,0.703125,0.7887335419654846
6383,127,,,2018-08-04 16:02:44.363895,0.625,0.7252998352050781
6384,128,,,2018-08-04 16:02:45.261555,0.703125,0.7350366115570068
6385,129,,,2018-08-04 16:02:46.137076,0.625,0.9747966527938843
6386,130,,,2018-08-04 16:02:47.017025,0.71875,0.8487725257873535
6387,131,,,2018-08-04 16:02:47.893526,0.734375,0.8033190965652466
6388,132,,,2018-08-04 16:02:48.731916,0.796875,0.5432922840118408
6389,133,,,2018-08-04 16:02:49.583592,0.796875,0.5920426249504089
6390,134,,,2018-08-04 16:02:50.436397,0.84375,0.4626957178115845
6391,135,,,2018-08-04 16:02:51.352329,0.78125,0.601028323173523
6392,136,,,2018-08-04 16:02:52.223261,0.8125,0.5109124779701233
6393,137,,,2018-08-04 16:02:53.056518,0.6875,0.8080536127090454
6394,138,,,2018-08-04 16:02:53.911485,0.671875,0.8888846039772034
6395,139,,,2018-08-04 16:02:54.865733,0.65625,0.8001902103424072
6396,140,0.6093,1.2101248502731323,2018-08-04 16:02:55.793717,0.84375,0.5838305950164795
6397,141,,,2018-08-04 16:03:45.112393,0.75,0.7891913652420044
6398,142,,,2018-08-04 16:03:46.101752,0.8125,0.6268624067306519
6399,143,,,2018-08-04 16:03:47.012684,0.796875,0.6720945835113525
6400,144,,,2018-08-04 16:03:47.894494,0.71875,0.6786822080612183
6401,145,,,2018-08-04 16:03:48.827231,0.734375,0.8396065831184387
6402,146,,,2018-08-04 16:03:49.753528,0.734375,0.7859187126159668
6403,147,,,2018-08-04 16:03:50.684516,0.75,0.696617841720581
6404,148,,,2018-08-04 16:03:51.505090,0.703125,0.8301867842674255
6405,149,,,2018-08-04 16:03:52.399669,0.78125,0.6476501822471619
6406,150,,,2018-08-04 16:03:53.276230,0.6875,0.7806946039199829
6407,151,,,2018-08-04 16:03:54.188671,0.796875,0.5476341843605042
6408,152,,,2018-08-04 16:03:55.160337,0.734375,0.9174872040748596
6409,153,,,2018-08-04 16:03:56.092815,0.71875,0.7512908577919006
6410,154,,,2018-08-04 16:03:56.976062,0.71875,0.7327033877372742
6411,155,,,2018-08-04 16:03:57.835948,0.65625,0.8152374029159546
6412,156,,,2018-08-04 16:03:58.687592,0.734375,0.6571797132492065
6413,157,,,2018-08-04 16:03:59.572092,0.71875,0.8534148335456848
6414,158,,,2018-08-04 16:04:00.489928,0.75,0.6347731351852417
6415,159,,,2018-08-04 16:04:01.425760,0.75,0.6136348843574524
6416,160,0.6215,1.2083323001861572,2018-08-04 16:04:02.273903,0.78125,0.646963894367218
6417,161,,,2018-08-04 16:04:52.315244,0.78125,0.6328641772270203
6418,162,,,2018-08-04 16:04:53.180905,0.84375,0.5387461185455322
6419,163,,,2018-08-04 16:04:54.147122,0.75,0.6847944855690002
6420,164,,,2018-08-04 16:04:55.110675,0.703125,0.7329697608947754
6421,165,,,2018-08-04 16:04:56.076916,0.71875,0.6399664878845215
6422,166,,,2018-08-04 16:04:56.922181,0.734375,0.7086911797523499
6423,167,,,2018-08-04 16:04:57.810483,0.6875,0.8475467562675476
6424,168,,,2018-08-04 16:04:58.621636,0.6875,0.8740136027336121
6425,169,,,2018-08-04 16:04:59.463715,0.75,0.6327871680259705
6426,170,,,2018-08-04 16:05:00.309192,0.796875,0.5043225884437561
6427,171,,,2018-08-04 16:05:01.241499,0.859375,0.4718048572540283
6428,172,,,2018-08-04 16:05:02.113845,0.796875,0.7719092965126038
6429,173,,,2018-08-04 16:05:02.962720,0.8125,0.5563840270042419
6430,174,,,2018-08-04 16:05:03.953891,0.84375,0.6129817366600037
6431,175,,,2018-08-04 16:05:04.783183,0.71875,0.6621991395950317
6432,176,,,2018-08-04 16:05:05.634246,0.78125,0.5844965577125549
6433,177,,,2018-08-04 16:05:06.516459,0.765625,0.7149778008460999
6434,178,,,2018-08-04 16:05:07.481329,0.671875,0.7742339968681335
6435,179,,,2018-08-04 16:05:08.351076,0.84375,0.39239728450775146
6436,180,0.6146,1.1952662467956543,2018-08-04 16:05:09.305114,0.75,0.7027068734169006
6437,181,,,2018-08-04 16:06:01.023646,0.84375,0.46068310737609863
6438,182,,,2018-08-04 16:06:01.965480,0.84375,0.47396141290664673
6439,183,,,2018-08-04 16:06:02.858423,0.734375,0.7643844485282898
6440,184,,,2018-08-04 16:06:03.778155,0.734375,0.7518874406814575
6441,185,,,2018-08-04 16:06:04.732502,0.703125,0.8595101833343506
6442,186,,,2018-08-04 16:06:05.697276,0.75,0.7856152057647705
6443,187,,,2018-08-04 16:06:06.500579,0.609375,1.030935525894165
6444,188,,,2018-08-04 16:06:07.494175,0.6875,0.9274025559425354
6445,189,,,2018-08-04 16:06:08.494557,0.8125,0.7298610210418701
6446,190,,,2018-08-04 16:06:09.503443,0.8125,0.5284895896911621
6447,191,,,2018-08-04 16:06:10.440885,0.796875,0.5772675275802612
6448,192,,,2018-08-04 16:06:11.279228,0.71875,0.7377711534500122
6449,193,,,2018-08-04 16:06:12.140943,0.75,0.652283787727356
6450,194,,,2018-08-04 16:06:13.042000,0.765625,0.5760676860809326
6451,195,,,2018-08-04 16:06:14.024078,0.703125,0.8019689917564392
6452,196,,,2018-08-04 16:06:14.963841,0.671875,0.8516241312026978
6453,197,,,2018-08-04 16:06:15.937691,0.75,0.7255357503890991
6454,198,,,2018-08-04 16:06:16.914462,0.75,0.5936689376831055
6455,199,,,2018-08-04 16:06:17.804091,0.828125,0.4530406892299652
6456,200,0.6167,1.1830185651779175,2018-08-04 16:06:18.701830,0.71875,0.7657161951065063
6457,201,,,2018-08-04 16:07:08.572989,0.796875,0.6114834547042847
6458,202,,,2018-08-04 16:07:09.375266,0.765625,0.631833553314209
6459,203,,,2018-08-04 16:07:10.198305,0.75,0.6597128510475159
6460,204,,,2018-08-04 16:07:11.001619,0.8125,0.47813722491264343
6461,205,,,2018-08-04 16:07:11.972317,0.703125,0.7491555213928223
6462,206,,,2018-08-04 16:07:12.893509,0.796875,0.6965283751487732
6463,207,,,2018-08-04 16:07:13.744020,0.609375,0.9835773706436157
6464,208,,,2018-08-04 16:07:14.655578,0.734375,0.6628319621086121
6465,209,,,2018-08-04 16:07:15.553593,0.6875,0.8422248959541321
6466,210,,,2018-08-04 16:07:16.429382,0.75,0.7281654477119446
6467,211,,,2018-08-04 16:07:17.379985,0.734375,0.6965567469596863
6468,212,,,2018-08-04 16:07:18.269247,0.8125,0.5703942775726318
6469,213,,,2018-08-04 16:07:19.207893,0.828125,0.46204233169555664
6470,214,,,2018-08-04 16:07:20.206422,0.765625,0.6801496744155884
6471,215,,,2018-08-04 16:07:21.128741,0.65625,0.8884574770927429
6472,216,,,2018-08-04 16:07:21.960255,0.75,0.8784071803092957
6473,217,,,2018-08-04 16:07:22.822477,0.71875,0.7683406472206116
6474,218,,,2018-08-04 16:07:23.651791,0.671875,0.8539096117019653
6475,219,,,2018-08-04 16:07:24.566543,0.796875,0.6586014628410339
6476,220,0.6147,1.2027548551559448,2018-08-04 16:07:25.459891,0.78125,0.5496922731399536
6477,221,,,2018-08-04 16:08:16.151501,0.765625,0.5576838254928589
6478,222,,,2018-08-04 16:08:17.004604,0.671875,0.839789628982544
6479,223,,,2018-08-04 16:08:17.997823,0.765625,0.5333333611488342
6480,224,,,2018-08-04 16:08:18.920080,0.859375,0.6838720440864563
6481,225,,,2018-08-04 16:08:19.940705,0.703125,0.6988523006439209
6482,226,,,2018-08-04 16:08:20.902508,0.75,0.594271719455719
6483,227,,,2018-08-04 16:08:21.836671,0.71875,0.7438390851020813
6484,228,,,2018-08-04 16:08:22.779723,0.6875,0.7652949094772339
6485,229,,,2018-08-04 16:08:23.726354,0.671875,0.6878358721733093
6486,230,,,2018-08-04 16:08:24.716914,0.859375,0.4993871748447418
6487,231,,,2018-08-04 16:08:25.594129,0.796875,0.6686722636222839
6488,232,,,2018-08-04 16:08:26.460473,0.6875,0.7410774230957031
6489,233,,,2018-08-04 16:08:27.360303,0.8125,0.5431186556816101
6490,234,,,2018-08-04 16:08:28.170552,0.75,0.6711599826812744
6491,235,,,2018-08-04 16:08:29.048652,0.765625,0.6559656858444214
6492,236,,,2018-08-04 16:08:29.913620,0.734375,0.8270732164382935
6493,237,,,2018-08-04 16:08:30.820954,0.765625,0.7400827407836914
6494,238,,,2018-08-04 16:08:31.702265,0.796875,0.4620021879673004
6495,239,,,2018-08-04 16:08:32.611847,0.640625,0.8990549445152283
6496,240,0.6159,1.1974509954452515,2018-08-04 16:08:33.500715,0.78125,0.6393589973449707
6497,241,,,2018-08-04 16:09:23.275679,0.71875,0.6322228908538818
6498,242,,,2018-08-04 16:09:24.219548,0.59375,0.9373987913131714
6499,243,,,2018-08-04 16:09:25.174966,0.75,0.6878371834754944
6500,244,,,2018-08-04 16:09:26.087044,0.71875,0.8402882218360901
6501,245,,,2018-08-04 16:09:26.981067,0.703125,0.8882562518119812
6502,246,,,2018-08-04 16:09:27.908270,0.6875,0.8414014577865601
6503,247,,,2018-08-04 16:09:28.859180,0.640625,0.9891721606254578
6504,248,,,2018-08-04 16:09:29.858640,0.71875,0.7002893686294556
6505,249,,,2018-08-04 16:09:30.801595,0.703125,0.7801409959793091
6506,250,,,2018-08-04 16:09:31.744843,0.734375,0.6702060699462891
6507,251,,,2018-08-04 16:09:32.679242,0.796875,0.5290957093238831
6508,252,,,2018-08-04 16:09:33.621930,0.828125,0.5220862030982971
6509,253,,,2018-08-04 16:09:34.552305,0.765625,0.6980288028717041
6510,254,,,2018-08-04 16:09:35.515594,0.6875,0.8837050795555115
6511,255,,,2018-08-04 16:09:36.343894,0.8125,0.6103144288063049
6512,256,,,2018-08-04 16:09:37.180871,0.6875,0.7181206941604614
6513,257,,,2018-08-04 16:09:38.060297,0.859375,0.49533405900001526
6514,258,,,2018-08-04 16:09:38.914637,0.734375,0.6789363026618958
6515,259,,,2018-08-04 16:09:39.816773,0.796875,0.5647026300430298
6516,260,0.6252,1.1291996240615845,2018-08-04 16:09:40.762273,0.734375,0.7318780422210693
6517,261,,,2018-08-04 16:10:31.101812,0.78125,0.6285257935523987
6518,262,,,2018-08-04 16:10:32.047367,0.734375,0.7002291679382324
6519,263,,,2018-08-04 16:10:32.969054,0.84375,0.5687764883041382
6520,264,,,2018-08-04 16:10:33.914386,0.703125,0.6342792510986328
6521,265,,,2018-08-04 16:10:34.824871,0.6875,0.7999734878540039
6522,266,,,2018-08-04 16:10:35.747862,0.671875,0.9083659648895264
6523,267,,,2018-08-04 16:10:36.697521,0.75,0.6210743188858032
6524,268,,,2018-08-04 16:10:37.605251,0.796875,0.5117019414901733
6525,269,,,2018-08-04 16:10:38.466550,0.71875,0.7652140259742737
6526,270,,,2018-08-04 16:10:39.379633,0.75,0.7098222970962524
6527,271,,,2018-08-04 16:10:40.282560,0.8125,0.5768857002258301
6528,272,,,2018-08-04 16:10:41.213431,0.71875,0.8375875353813171
6529,273,,,2018-08-04 16:10:42.066331,0.6875,0.7844967246055603
6530,274,,,2018-08-04 16:10:42.939958,0.6875,0.9308019876480103
6531,275,,,2018-08-04 16:10:43.774859,0.796875,0.6753860116004944
6532,276,,,2018-08-04 16:10:44.645112,0.75,0.8226640224456787
6533,277,,,2018-08-04 16:10:45.546833,0.71875,0.9591223001480103
6534,278,,,2018-08-04 16:10:46.452469,0.78125,0.6798094511032104
6535,279,,,2018-08-04 16:10:47.323297,0.671875,0.7528084516525269
6536,280,0.6189,1.1933274269104004,2018-08-04 16:10:48.273290,0.875,0.38650649785995483
6537,281,,,2018-08-04 16:11:39.074739,0.6875,0.9357256889343262
6538,282,,,2018-08-04 16:11:39.970475,0.75,0.6658401489257812
6539,283,,,2018-08-04 16:11:40.870719,0.640625,0.9655694365501404
6540,284,,,2018-08-04 16:11:41.799392,0.84375,0.669578492641449
6541,285,,,2018-08-04 16:11:42.626498,0.796875,0.5073098540306091
6542,286,,,2018-08-04 16:11:43.465099,0.6875,0.6430414319038391
6543,287,,,2018-08-04 16:11:44.384426,0.78125,0.7692364454269409
6544,288,,,2018-08-04 16:11:45.317403,0.78125,0.6358275413513184
6545,289,,,2018-08-04 16:11:46.240482,0.75,0.6568783521652222
6546,290,,,2018-08-04 16:11:47.146203,0.71875,0.7628546953201294
6547,291,,,2018-08-04 16:11:48.023967,0.796875,0.5049828290939331
6548,292,,,2018-08-04 16:11:48.973705,0.8125,0.5085819363594055
6549,293,,,2018-08-04 16:11:49.880289,0.828125,0.47651612758636475
6550,294,,,2018-08-04 16:11:50.797297,0.796875,0.5979461073875427
6551,295,,,2018-08-04 16:11:51.658536,0.78125,0.49656689167022705
6552,296,,,2018-08-04 16:11:52.480802,0.71875,0.8288703560829163
6553,297,,,2018-08-04 16:11:53.416109,0.6875,0.8252288103103638
6554,298,,,2018-08-04 16:11:54.341185,0.71875,0.7608269453048706
6555,299,,,2018-08-04 16:11:55.241498,0.703125,0.9773390293121338
6556,300,0.6094,1.1950438022613525,2018-08-04 16:11:56.153860,0.765625,0.6953763961791992
6557,301,,,2018-08-04 16:12:46.212572,0.796875,0.5623173713684082
6558,302,,,2018-08-04 16:12:47.127837,0.796875,0.5709414482116699
6559,303,,,2018-08-04 16:12:47.950408,0.734375,0.7721237540245056
6560,304,,,2018-08-04 16:12:48.810987,0.890625,0.37456291913986206
6561,305,,,2018-08-04 16:12:49.705849,0.765625,0.653551459312439
6562,306,,,2018-08-04 16:12:50.664595,0.84375,0.5680437684059143
6563,307,,,2018-08-04 16:12:51.619095,0.8125,0.5896650552749634
6564,308,,,2018-08-04 16:12:52.559351,0.78125,0.5609010457992554
6565,309,,,2018-08-04 16:12:53.434498,0.8125,0.47410526871681213
6566,310,,,2018-08-04 16:12:54.335507,0.796875,0.5628659129142761
6567,311,,,2018-08-04 16:12:55.228346,0.796875,0.7046945691108704
6568,312,,,2018-08-04 16:12:56.181133,0.734375,0.6574652194976807
6569,313,,,2018-08-04 16:12:57.067635,0.78125,0.5066611766815186
6570,314,,,2018-08-04 16:12:58.014186,0.734375,0.6954595446586609
6571,315,,,2018-08-04 16:12:58.813713,0.734375,0.700229287147522
6572,316,,,2018-08-04 16:12:59.656363,0.84375,0.5616146326065063
6573,317,,,2018-08-04 16:13:00.572667,0.703125,0.901030957698822
6574,318,,,2018-08-04 16:13:01.390847,0.796875,0.6216883063316345
6575,319,,,2018-08-04 16:13:02.325366,0.78125,0.5524629950523376
6576,320,0.6261,1.2105002403259277,2018-08-04 16:13:03.214848,0.828125,0.6350880265235901
6577,321,,,2018-08-04 16:13:54.601691,0.765625,0.6409407258033752
6578,322,,,2018-08-04 16:13:55.585907,0.828125,0.5091996192932129
6579,323,,,2018-08-04 16:13:56.544173,0.75,0.711101233959198
6580,324,,,2018-08-04 16:13:57.479181,0.84375,0.42833974957466125
6581,325,,,2018-08-04 16:13:58.312609,0.75,0.8595076203346252
6582,326,,,2018-08-04 16:13:59.226061,0.78125,0.548990786075592
6583,327,,,2018-08-04 16:14:00.134197,0.75,0.6333822011947632
6584,328,,,2018-08-04 16:14:01.018841,0.71875,0.8405612111091614
6585,329,,,2018-08-04 16:14:01.956639,0.734375,0.8011451959609985
6586,330,,,2018-08-04 16:14:02.896521,0.8125,0.5948319435119629
6587,331,,,2018-08-04 16:14:03.770336,0.8125,0.642470121383667
6588,332,,,2018-08-04 16:14:04.680329,0.78125,0.6617525219917297
6589,333,,,2018-08-04 16:14:05.598826,0.734375,0.6785631775856018
6590,334,,,2018-08-04 16:14:06.448242,0.765625,0.8004854917526245
6591,335,,,2018-08-04 16:14:07.317076,0.84375,0.607071578502655
6592,336,,,2018-08-04 16:14:08.198576,0.765625,0.6984573006629944
6593,337,,,2018-08-04 16:14:09.068437,0.765625,0.6906846761703491
6594,338,,,2018-08-04 16:14:10.019391,0.765625,0.8144786953926086
6595,339,,,2018-08-04 16:14:10.941862,0.734375,0.8536595702171326
6596,340,0.6209,1.1796008348464966,2018-08-04 16:14:11.832878,0.75,0.7632007002830505
6597,341,,,2018-08-04 16:15:02.349498,0.828125,0.622358500957489
6598,342,,,2018-08-04 16:15:03.269087,0.796875,0.6287862062454224
6599,343,,,2018-08-04 16:15:04.151354,0.765625,0.7752888202667236
6600,344,,,2018-08-04 16:15:04.994144,0.890625,0.37352338433265686
6601,345,,,2018-08-04 16:15:05.849105,0.796875,0.691524088382721
6602,346,,,2018-08-04 16:15:06.797620,0.765625,0.7098066806793213
6603,347,,,2018-08-04 16:15:07.725229,0.65625,1.0161670446395874
6604,348,,,2018-08-04 16:15:08.627568,0.71875,0.8042313456535339
6605,349,,,2018-08-04 16:15:09.570728,0.765625,0.728035032749176
6606,350,,,2018-08-04 16:15:10.494685,0.671875,0.8947845697402954
6607,351,,,2018-08-04 16:15:11.412678,0.78125,0.6491072773933411
6608,352,,,2018-08-04 16:15:12.274149,0.78125,0.6303229928016663
6609,353,,,2018-08-04 16:15:13.132766,0.765625,0.7623311281204224
6610,354,,,2018-08-04 16:15:13.971805,0.75,0.8669618368148804
6611,355,,,2018-08-04 16:15:14.896166,0.78125,0.5871995687484741
6612,356,,,2018-08-04 16:15:15.890339,0.828125,0.5225817561149597
6613,357,,,2018-08-04 16:15:16.749305,0.734375,0.7423937916755676
6614,358,,,2018-08-04 16:15:17.681342,0.734375,0.737580418586731
6615,359,,,2018-08-04 16:15:18.612061,0.8125,0.5462989807128906
6616,360,0.6347,1.1109764575958252,2018-08-04 16:15:19.551087,0.6875,0.8044642210006714
6617,361,,,2018-08-04 16:16:08.678026,0.8125,0.4595504403114319
6618,362,,,2018-08-04 16:16:09.540680,0.875,0.43974587321281433
6619,363,,,2018-08-04 16:16:10.464301,0.75,0.7325948476791382
6620,364,,,2018-08-04 16:16:11.423732,0.71875,0.6371203660964966
6621,365,,,2018-08-04 16:16:12.500223,0.75,0.7469969987869263
6622,366,,,2018-08-04 16:16:13.501639,0.71875,0.8737238645553589
6623,367,,,2018-08-04 16:16:14.418277,0.71875,0.9831930994987488
6624,368,,,2018-08-04 16:16:15.342244,0.8125,0.6216647028923035
6625,369,,,2018-08-04 16:16:16.227562,0.703125,0.8857089281082153
6626,370,,,2018-08-04 16:16:17.093589,0.8125,0.5926634669303894
6627,371,,,2018-08-04 16:16:18.045242,0.71875,0.7872318029403687
6628,372,,,2018-08-04 16:16:18.938529,0.703125,0.7215527296066284
6629,373,,,2018-08-04 16:16:19.798173,0.734375,0.8526181578636169
6630,374,,,2018-08-04 16:16:20.708665,0.734375,0.7469649910926819
6631,375,,,2018-08-04 16:16:21.569094,0.734375,0.6415656208992004
6632,376,,,2018-08-04 16:16:22.476233,0.78125,0.6557161808013916
6633,377,,,2018-08-04 16:16:23.343794,0.734375,0.8285236954689026
6634,378,,,2018-08-04 16:16:24.199454,0.5625,1.1517071723937988
6635,379,,,2018-08-04 16:16:25.069012,0.796875,0.6229761242866516
6636,380,0.609,1.2383668422698975,2018-08-04 16:16:25.885378,0.6875,0.9399721026420593
6637,381,,,2018-08-04 16:17:15.840774,0.71875,0.7035078406333923
6638,382,,,2018-08-04 16:17:16.765976,0.640625,0.9079526662826538
6639,383,,,2018-08-04 16:17:17.668515,0.734375,0.6337910890579224
6640,384,,,2018-08-04 16:17:18.614873,0.703125,0.8004330396652222
6641,385,,,2018-08-04 16:17:19.513142,0.734375,0.6386398673057556
6642,386,,,2018-08-04 16:17:20.438579,0.8125,0.6039837598800659
6643,387,,,2018-08-04 16:17:21.363141,0.703125,0.7941479682922363
6644,388,,,2018-08-04 16:17:22.215377,0.75,0.7160318493843079
6645,389,,,2018-08-04 16:17:23.160834,0.796875,0.626348614692688
6646,390,,,2018-08-04 16:17:24.017789,0.796875,0.5645325779914856
6647,391,,,2018-08-04 16:17:24.955183,0.796875,0.5986919403076172
6648,392,,,2018-08-04 16:17:25.831452,0.796875,0.6607463359832764
6649,393,,,2018-08-04 16:17:26.732345,0.8125,0.5032555460929871
6650,394,,,2018-08-04 16:17:27.578226,0.78125,0.6217753887176514
6651,395,,,2018-08-04 16:17:28.377755,0.625,0.9551447033882141
6652,396,,,2018-08-04 16:17:29.210816,0.71875,0.8519523739814758
6653,397,,,2018-08-04 16:17:30.050865,0.609375,1.051897406578064
6654,398,,,2018-08-04 16:17:30.875835,0.6875,0.8255265355110168
6655,399,,,2018-08-04 16:17:31.761245,0.78125,0.6122955083847046
6656,400,0.59,1.2911860942840576,2018-08-04 16:17:32.604858,0.625,0.9112969040870667
6657,401,,,2018-08-04 16:18:22.683778,0.8125,0.6322534084320068
6658,402,,,2018-08-04 16:18:23.620997,0.8125,0.5817883014678955
6659,403,,,2018-08-04 16:18:24.572042,0.75,0.7421922087669373
6660,404,,,2018-08-04 16:18:25.550873,0.6875,1.0616248846054077
6661,405,,,2018-08-04 16:18:26.467237,0.6875,0.85884690284729
6662,406,,,2018-08-04 16:18:27.343580,0.734375,0.7111576199531555
6663,407,,,2018-08-04 16:18:28.241544,0.6875,0.7324826717376709
6664,408,,,2018-08-04 16:18:29.141878,0.765625,0.6182929277420044
6665,409,,,2018-08-04 16:18:30.098018,0.765625,0.6785884499549866
6666,410,,,2018-08-04 16:18:30.960626,0.765625,0.7762624025344849
6667,411,,,2018-08-04 16:18:31.800409,0.75,0.7168182134628296
6668,412,,,2018-08-04 16:18:32.738907,0.8125,0.6801947355270386
6669,413,,,2018-08-04 16:18:33.691994,0.71875,0.6719371676445007
6670,414,,,2018-08-04 16:18:34.592665,0.828125,0.49800559878349304
6671,415,,,2018-08-04 16:18:35.391518,0.765625,0.7858912348747253
6672,416,,,2018-08-04 16:18:36.370873,0.6875,0.9653624892234802
6673,417,,,2018-08-04 16:18:37.270105,0.640625,0.8835057020187378
6674,418,,,2018-08-04 16:18:38.183296,0.734375,0.7850936055183411
6675,419,,,2018-08-04 16:18:39.073555,0.6875,0.792819619178772
6676,420,0.5931,1.3389220237731934,2018-08-04 16:18:40.070336,0.5625,1.229551076889038
6677,421,,,2018-08-04 16:19:29.994387,0.71875,0.7391388416290283
6678,422,,,2018-08-04 16:19:30.943713,0.640625,0.8727590441703796
6679,423,,,2018-08-04 16:19:31.811466,0.734375,0.7205935716629028
6680,424,,,2018-08-04 16:19:32.778224,0.734375,0.6691310405731201
6681,425,,,2018-08-04 16:19:33.727955,0.65625,1.0089194774627686
6682,426,,,2018-08-04 16:19:34.704794,0.734375,0.8039336204528809
6683,427,,,2018-08-04 16:19:35.629942,0.65625,0.6584701538085938
6684,428,,,2018-08-04 16:19:36.567522,0.765625,0.6654009819030762
6685,429,,,2018-08-04 16:19:37.514067,0.734375,0.7785816192626953
6686,430,,,2018-08-04 16:19:38.407598,0.75,0.7445648312568665
6687,431,,,2018-08-04 16:19:39.258669,0.78125,0.6487653255462646
6688,432,,,2018-08-04 16:19:40.163464,0.6875,0.7542220950126648
6689,433,,,2018-08-04 16:19:41.102853,0.71875,0.8714983463287354
6690,434,,,2018-08-04 16:19:42.024600,0.75,0.7585684657096863
6691,435,,,2018-08-04 16:19:42.917350,0.71875,0.7760280966758728
6692,436,,,2018-08-04 16:19:43.836590,0.8125,0.6055099368095398
6693,437,,,2018-08-04 16:19:44.728214,0.625,0.8716863989830017
6694,438,,,2018-08-04 16:19:45.593447,0.734375,0.7296720743179321
6695,439,,,2018-08-04 16:19:46.527839,0.703125,0.7791399359703064
6696,440,0.6191,1.174697995185852,2018-08-04 16:19:47.372249,0.625,0.8389125466346741
6697,441,,,2018-08-04 16:20:37.277394,0.765625,0.7051175236701965
6698,442,,,2018-08-04 16:20:38.169303,0.84375,0.5078696012496948
6699,443,,,2018-08-04 16:20:39.087810,0.75,0.6712373495101929
6700,444,,,2018-08-04 16:20:40.027722,0.78125,0.6037879586219788
6701,445,,,2018-08-04 16:20:40.882548,0.640625,1.241530418395996
6702,446,,,2018-08-04 16:20:41.717534,0.515625,1.3028937578201294
6703,447,,,2018-08-04 16:20:42.602172,0.71875,0.9522579312324524
6704,448,,,2018-08-04 16:20:43.446533,0.671875,0.9059001207351685
6705,449,,,2018-08-04 16:20:44.235052,0.71875,0.6876678466796875
6706,450,,,2018-08-04 16:20:45.092238,0.6875,0.904015064239502
6707,451,,,2018-08-04 16:20:45.960306,0.765625,0.8477743864059448
6708,452,,,2018-08-04 16:20:46.858886,0.703125,0.8101531267166138
6709,453,,,2018-08-04 16:20:47.695705,0.671875,0.7429312467575073
6710,454,,,2018-08-04 16:20:48.544065,0.75,0.6456322073936462
6711,455,,,2018-08-04 16:20:49.394213,0.6875,1.0183862447738647
6712,456,,,2018-08-04 16:20:50.294760,0.625,0.8607451915740967
6713,457,,,2018-08-04 16:20:51.116226,0.734375,0.802039623260498
6714,458,,,2018-08-04 16:20:51.938912,0.78125,0.6879317760467529
6715,459,,,2018-08-04 16:20:52.804063,0.71875,0.8873317241668701
6716,460,0.6144,1.1994099617004395,2018-08-04 16:20:53.748971,0.84375,0.4285598695278168
6717,461,,,2018-08-04 16:21:43.040913,0.6875,0.9843922257423401
6718,462,,,2018-08-04 16:21:44.075947,0.71875,0.7485090494155884
6719,463,,,2018-08-04 16:21:45.063378,0.71875,0.8674455285072327
6720,464,,,2018-08-04 16:21:46.063976,0.859375,0.5777971148490906
6721,465,,,2018-08-04 16:21:47.005541,0.78125,0.8296045660972595
6722,466,,,2018-08-04 16:21:47.880957,0.640625,0.9842691421508789
6723,467,,,2018-08-04 16:21:48.798232,0.765625,0.704620897769928
6724,468,,,2018-08-04 16:21:49.595104,0.734375,0.7244815230369568
6725,469,,,2018-08-04 16:21:50.504531,0.765625,0.6635197997093201
6726,470,,,2018-08-04 16:21:51.469071,0.703125,0.6834597587585449
6727,471,,,2018-08-04 16:21:52.405675,0.65625,1.0477895736694336
6728,472,,,2018-08-04 16:21:53.360256,0.703125,0.7288044095039368
6729,473,,,2018-08-04 16:21:54.199595,0.78125,0.6029592752456665
6730,474,,,2018-08-04 16:21:55.097698,0.84375,0.5953505039215088
6731,475,,,2018-08-04 16:21:56.050806,0.65625,1.2460925579071045
6732,476,,,2018-08-04 16:21:56.960163,0.671875,0.8688236474990845
6733,477,,,2018-08-04 16:21:57.836862,0.75,0.6717109680175781
6734,478,,,2018-08-04 16:21:58.711276,0.65625,0.9029706120491028
6735,479,,,2018-08-04 16:21:59.643112,0.71875,0.8396099209785461
6736,480,0.6026,1.3342695236206055,2018-08-04 16:22:00.546972,0.75,0.7143044471740723
6737,481,,,2018-08-04 16:22:50.322222,0.796875,0.6620495915412903
6738,482,,,2018-08-04 16:22:51.229282,0.71875,0.8688409924507141
6739,483,,,2018-08-04 16:22:52.151226,0.71875,0.8050121068954468
6740,484,,,2018-08-04 16:22:53.134019,0.78125,0.6536409258842468
6741,485,,,2018-08-04 16:22:54.095046,0.734375,0.7190520167350769
6742,486,,,2018-08-04 16:22:55.056604,0.6875,0.8061062693595886
6743,487,,,2018-08-04 16:22:55.942380,0.671875,0.7527812123298645
6744,488,,,2018-08-04 16:22:56.760306,0.6875,0.8254318833351135
6745,489,,,2018-08-04 16:22:57.626639,0.65625,0.9312842488288879
6746,490,,,2018-08-04 16:22:58.560116,0.75,0.6098788380622864
6747,491,,,2018-08-04 16:22:59.537228,0.78125,0.6284946799278259
6748,492,,,2018-08-04 16:23:00.446255,0.71875,0.7638868689537048
6749,493,,,2018-08-04 16:23:01.319102,0.6875,0.7287140488624573
6750,494,,,2018-08-04 16:23:02.165292,0.65625,0.8901015520095825
6751,495,,,2018-08-04 16:23:03.023158,0.71875,0.7203167080879211
6752,496,,,2018-08-04 16:23:03.951093,0.75,0.5744341015815735
6753,497,,,2018-08-04 16:23:04.826200,0.78125,0.637700617313385
6754,498,,,2018-08-04 16:23:05.718485,0.609375,1.0655404329299927
6755,499,,,2018-08-04 16:23:06.621334,0.8125,0.5487768650054932
6756,500,0.6065,1.2291505336761475,2018-08-04 16:23:07.476489,0.71875,0.7122178673744202
6757,501,,,2018-08-04 16:23:57.546921,0.8125,0.474229633808136
6758,502,,,2018-08-04 16:23:58.459174,0.75,0.6840121150016785
6759,503,,,2018-08-04 16:23:59.403475,0.65625,0.9521539211273193
6760,504,,,2018-08-04 16:24:00.422461,0.734375,0.7544317245483398
6761,505,,,2018-08-04 16:24:01.326959,0.765625,0.7274052500724792
6762,506,,,2018-08-04 16:24:02.141382,0.765625,0.9042372107505798
6763,507,,,2018-08-04 16:24:03.006742,0.734375,0.7544108033180237
6764,508,,,2018-08-04 16:24:03.891165,0.75,0.6779777407646179
6765,509,,,2018-08-04 16:24:04.748321,0.6875,0.7741261124610901
6766,510,,,2018-08-04 16:24:05.669333,0.8125,0.5737844705581665
6767,511,,,2018-08-04 16:24:06.497173,0.65625,0.9034179449081421
6768,512,,,2018-08-04 16:24:07.362238,0.765625,0.6758642196655273
6769,513,,,2018-08-04 16:24:08.258630,0.84375,0.43493974208831787
6770,514,,,2018-08-04 16:24:09.203134,0.75,0.7471491098403931
6771,515,,,2018-08-04 16:24:10.155903,0.609375,1.0046908855438232
6772,516,,,2018-08-04 16:24:11.099735,0.6875,0.7630372047424316
6773,517,,,2018-08-04 16:24:12.079237,0.703125,0.7569276094436646
6774,518,,,2018-08-04 16:24:12.998865,0.734375,0.780604362487793
6775,519,,,2018-08-04 16:24:13.908248,0.71875,0.7769458293914795
6776,520,0.5914,1.2492613792419434,2018-08-04 16:24:14.771967,0.6875,0.7429193258285522
6777,521,,,2018-08-04 16:25:06.381749,0.71875,0.8731045722961426
6778,522,,,2018-08-04 16:25:07.310976,0.625,0.9544703364372253
6779,523,,,2018-08-04 16:25:08.222343,0.53125,0.8745036125183105
6780,524,,,2018-08-04 16:25:09.156710,0.703125,0.7865225672721863
6781,525,,,2018-08-04 16:25:10.088268,0.703125,0.8752554655075073
6782,526,,,2018-08-04 16:25:11.018028,0.75,0.894943118095398
6783,527,,,2018-08-04 16:25:11.888616,0.734375,0.6718152761459351
6784,528,,,2018-08-04 16:25:12.854954,0.71875,0.760798990726471
6785,529,,,2018-08-04 16:25:13.745462,0.71875,0.7307723164558411
6786,530,,,2018-08-04 16:25:14.598257,0.765625,0.6042336821556091
6787,531,,,2018-08-04 16:25:15.497941,0.78125,0.5413792729377747
6788,532,,,2018-08-04 16:25:16.431573,0.796875,0.4692350924015045
6789,533,,,2018-08-04 16:25:17.246436,0.765625,0.713079571723938
6790,534,,,2018-08-04 16:25:18.096161,0.71875,0.6798730492591858
6791,535,,,2018-08-04 16:25:18.966723,0.65625,0.7821265459060669
6792,536,,,2018-08-04 16:25:19.756692,0.78125,0.7461127042770386
6793,537,,,2018-08-04 16:25:20.640662,0.671875,0.8176652193069458
6794,538,,,2018-08-04 16:25:21.502001,0.75,0.7130987644195557
6795,539,,,2018-08-04 16:25:22.456915,0.734375,0.7239554524421692
6796,540,0.6066,1.2568682432174683,2018-08-04 16:25:23.383900,0.734375,0.837877094745636
6797,541,,,2018-08-04 16:26:13.104036,0.734375,0.7083758115768433
6798,542,,,2018-08-04 16:26:14.021863,0.828125,0.5399670004844666
6799,543,,,2018-08-04 16:26:14.949381,0.796875,0.6658352017402649
6800,544,,,2018-08-04 16:26:15.861521,0.6875,0.721846878528595
6801,545,,,2018-08-04 16:26:16.811822,0.703125,0.7667262554168701
6802,546,,,2018-08-04 16:26:17.761720,0.75,0.6818497180938721
6803,547,,,2018-08-04 16:26:18.686681,0.671875,0.7141810655593872
6804,548,,,2018-08-04 16:26:19.653718,0.859375,0.5098896622657776
6805,549,,,2018-08-04 16:26:20.548539,0.75,0.6059402823448181
6806,550,,,2018-08-04 16:26:21.473918,0.765625,0.5632193684577942
6807,551,,,2018-08-04 16:26:22.386794,0.734375,0.7233814597129822
6808,552,,,2018-08-04 16:26:23.388565,0.671875,0.9849253296852112
6809,553,,,2018-08-04 16:26:24.262147,0.78125,0.5286417603492737
6810,554,,,2018-08-04 16:26:25.158597,0.734375,0.690812349319458
6811,555,,,2018-08-04 16:26:26.027492,0.8125,0.8082929849624634
6812,556,,,2018-08-04 16:26:26.859228,0.71875,0.7439619898796082
6813,557,,,2018-08-04 16:26:27.776429,0.78125,0.7024123668670654
6814,558,,,2018-08-04 16:26:28.724059,0.8125,0.6734520196914673
6815,559,,,2018-08-04 16:26:29.693799,0.796875,0.6681199669837952
6816,560,0.6223,1.1752976179122925,2018-08-04 16:26:30.679117,0.8125,0.6006622314453125
6817,561,,,2018-08-04 16:27:21.411434,0.890625,0.3593577444553375
6818,562,,,2018-08-04 16:27:22.293484,0.75,0.7653781771659851
6819,563,,,2018-08-04 16:27:23.171329,0.78125,0.5762312412261963
6820,564,,,2018-08-04 16:27:24.093508,0.75,0.7909937500953674
6821,565,,,2018-08-04 16:27:25.054852,0.71875,0.7515622973442078
6822,566,,,2018-08-04 16:27:26.029582,0.78125,0.48083895444869995
6823,567,,,2018-08-04 16:27:26.961494,0.75,0.6940549612045288
6824,568,,,2018-08-04 16:27:27.861712,0.765625,0.7343838810920715
6825,569,,,2018-08-04 16:27:28.774272,0.703125,0.7469515204429626
6826,570,,,2018-08-04 16:27:29.596001,0.8125,0.41395848989486694
6827,571,,,2018-08-04 16:27:30.525984,0.703125,0.7057381868362427
6828,572,,,2018-08-04 16:27:31.424435,0.84375,0.48695164918899536
6829,573,,,2018-08-04 16:27:32.400224,0.796875,0.503243625164032
6830,574,,,2018-08-04 16:27:33.407122,0.765625,0.6146918535232544
6831,575,,,2018-08-04 16:27:34.383718,0.75,0.7048945426940918
6832,576,,,2018-08-04 16:27:35.321219,0.796875,0.6547036170959473
6833,577,,,2018-08-04 16:27:36.288938,0.71875,0.7254412770271301
6834,578,,,2018-08-04 16:27:37.142712,0.84375,0.4102352559566498
6835,579,,,2018-08-04 16:27:38.062771,0.796875,0.5175527930259705
6836,580,0.6287,1.1583292484283447,2018-08-04 16:27:38.930803,0.734375,0.6917812824249268
6837,581,,,2018-08-04 16:28:29.426213,0.875,0.4478311836719513
6838,582,,,2018-08-04 16:28:30.378327,0.828125,0.6111124753952026
6839,583,,,2018-08-04 16:28:31.331735,0.796875,0.6720370650291443
6840,584,,,2018-08-04 16:28:32.228078,0.828125,0.48356541991233826
6841,585,,,2018-08-04 16:28:33.156198,0.71875,0.8070255517959595
6842,586,,,2018-08-04 16:28:34.058390,0.625,0.807201623916626
6843,587,,,2018-08-04 16:28:34.956316,0.828125,0.5518790483474731
6844,588,,,2018-08-04 16:28:35.848245,0.671875,0.8065739274024963
6845,589,,,2018-08-04 16:28:36.663561,0.765625,0.6883743405342102
6846,590,,,2018-08-04 16:28:37.531464,0.734375,0.7737448811531067
6847,591,,,2018-08-04 16:28:38.455994,0.71875,0.6076310276985168
6848,592,,,2018-08-04 16:28:39.331709,0.71875,0.7439391016960144
6849,593,,,2018-08-04 16:28:40.238888,0.734375,0.7655134797096252
6850,594,,,2018-08-04 16:28:41.214406,0.71875,0.6380714774131775
6851,595,,,2018-08-04 16:28:42.048319,0.703125,0.908836841583252
6852,596,,,2018-08-04 16:28:42.953091,0.671875,0.8743821382522583
6853,597,,,2018-08-04 16:28:43.849992,0.734375,0.7445016503334045
6854,598,,,2018-08-04 16:28:44.800439,0.6875,0.8113795518875122
6855,599,,,2018-08-04 16:28:45.668537,0.703125,0.8290787935256958
6856,600,0.604,1.2516250610351562,2018-08-04 16:28:46.534046,0.65625,0.8849722146987915
6857,601,,,2018-08-04 16:29:36.378279,0.65625,0.8847382068634033
6858,602,,,2018-08-04 16:29:37.218636,0.734375,0.6558824777603149
6859,603,,,2018-08-04 16:29:38.069101,0.625,0.855715274810791
6860,604,,,2018-08-04 16:29:38.958793,0.71875,0.7938787937164307
6861,605,,,2018-08-04 16:29:39.783115,0.78125,0.7068603038787842
6862,606,,,2018-08-04 16:29:40.755073,0.78125,0.6289637684822083
6863,607,,,2018-08-04 16:29:41.605448,0.703125,0.8684607744216919
6864,608,,,2018-08-04 16:29:42.419338,0.796875,0.7293057441711426
6865,609,,,2018-08-04 16:29:43.333364,0.71875,0.8405160307884216
6866,610,,,2018-08-04 16:29:44.201943,0.859375,0.5119920969009399
6867,611,,,2018-08-04 16:29:45.079149,0.765625,0.6306893825531006
6868,612,,,2018-08-04 16:29:46.063744,0.8125,0.5050585865974426
6869,613,,,2018-08-04 16:29:46.878706,0.8125,0.6456663012504578
6870,614,,,2018-08-04 16:29:47.761227,0.828125,0.482048362493515
6871,615,,,2018-08-04 16:29:48.547562,0.765625,0.6466410160064697
6872,616,,,2018-08-04 16:29:49.418836,0.84375,0.48995721340179443
6873,617,,,2018-08-04 16:29:50.320649,0.671875,0.9740425944328308
6874,618,,,2018-08-04 16:29:51.199132,0.6875,0.8531568050384521
6875,619,,,2018-08-04 16:29:52.167915,0.703125,0.693838357925415
6876,620,0.6122,1.2183797359466553,2018-08-04 16:29:53.128003,0.65625,0.9264189004898071
6877,621,,,2018-08-04 16:30:44.562725,0.75,0.740746259689331
6878,622,,,2018-08-04 16:30:45.495924,0.734375,0.6080085635185242
6879,623,,,2018-08-04 16:30:46.426349,0.6875,0.7213221788406372
6880,624,,,2018-08-04 16:30:47.304853,0.828125,0.5893765091896057
6881,625,,,2018-08-04 16:30:48.268771,0.75,0.7674068212509155
6882,626,,,2018-08-04 16:30:49.175022,0.65625,0.8401528596878052
6883,627,,,2018-08-04 16:30:50.058930,0.75,0.6570019721984863
6884,628,,,2018-08-04 16:30:50.971971,0.75,0.6237435340881348
6885,629,,,2018-08-04 16:30:51.815911,0.703125,0.7990722060203552
6886,630,,,2018-08-04 16:30:52.715499,0.625,0.9974793195724487
6887,631,,,2018-08-04 16:30:53.637029,0.703125,0.8779597878456116
6888,632,,,2018-08-04 16:30:54.581695,0.671875,0.7433422207832336
6889,633,,,2018-08-04 16:30:55.572752,0.734375,0.7556121945381165
6890,634,,,2018-08-04 16:30:56.501302,0.6875,0.7968422174453735
6891,635,,,2018-08-04 16:30:57.382382,0.65625,1.0628324747085571
6892,636,,,2018-08-04 16:30:58.314163,0.640625,0.8458209037780762
6893,637,,,2018-08-04 16:30:59.221407,0.734375,0.8677112460136414
6894,638,,,2018-08-04 16:31:00.069639,0.71875,0.7905214428901672
6895,639,,,2018-08-04 16:31:00.941269,0.75,0.6492626667022705
6896,640,0.6149,1.1967381238937378,2018-08-04 16:31:01.898664,0.8125,0.7103899717330933
6897,641,,,2018-08-04 16:31:51.024239,0.75,0.6037171483039856
6898,642,,,2018-08-04 16:31:51.923267,0.71875,0.6866412162780762
6899,643,,,2018-08-04 16:31:52.818112,0.796875,0.5984581112861633
6900,644,,,2018-08-04 16:31:53.675331,0.65625,0.8112937211990356
6901,645,,,2018-08-04 16:31:54.549145,0.765625,0.6096910238265991
6902,646,,,2018-08-04 16:31:55.477348,0.640625,0.9685825705528259
6903,647,,,2018-08-04 16:31:56.420629,0.734375,0.9252503514289856
6904,648,,,2018-08-04 16:31:57.386587,0.75,0.7380149960517883
6905,649,,,2018-08-04 16:31:58.258629,0.6875,0.7191818356513977
6906,650,,,2018-08-04 16:31:59.078636,0.765625,0.6271036863327026
6907,651,,,2018-08-04 16:31:59.873123,0.78125,0.5909523367881775
6908,652,,,2018-08-04 16:32:00.783903,0.765625,0.5973114967346191
6909,653,,,2018-08-04 16:32:01.708814,0.765625,0.6242217421531677
6910,654,,,2018-08-04 16:32:02.536735,0.875,0.4292536675930023
6911,655,,,2018-08-04 16:32:03.452686,0.75,0.7043755054473877
6912,656,,,2018-08-04 16:32:04.359069,0.65625,0.8817589282989502
6913,657,,,2018-08-04 16:32:05.292371,0.8125,0.6851927638053894
6914,658,,,2018-08-04 16:32:06.197671,0.703125,0.7559962272644043
6915,659,,,2018-08-04 16:32:07.112173,0.796875,0.624329686164856
6916,660,0.6049,1.2322677373886108,2018-08-04 16:32:08.035094,0.734375,0.6823583841323853
6917,661,,,2018-08-04 16:32:58.159658,0.8125,0.5949878096580505
6918,662,,,2018-08-04 16:32:59.079383,0.828125,0.6373883485794067
6919,663,,,2018-08-04 16:33:00.013985,0.8125,0.6377432942390442
6920,664,,,2018-08-04 16:33:00.903353,0.734375,0.7530840039253235
6921,665,,,2018-08-04 16:33:01.781474,0.734375,0.7954272031784058
6922,666,,,2018-08-04 16:33:02.685327,0.71875,0.8614450693130493
6923,667,,,2018-08-04 16:33:03.643793,0.6875,0.7830381393432617
6924,668,,,2018-08-04 16:33:04.565685,0.78125,0.6065353155136108
6925,669,,,2018-08-04 16:33:05.511065,0.6875,0.7027324438095093
6926,670,,,2018-08-04 16:33:06.433709,0.703125,0.7829875349998474
6927,671,,,2018-08-04 16:33:07.404536,0.8125,0.5060610771179199
6928,672,,,2018-08-04 16:33:08.304046,0.765625,0.5708085298538208
6929,673,,,2018-08-04 16:33:09.151935,0.765625,0.5730435252189636
6930,674,,,2018-08-04 16:33:10.045076,0.84375,0.42431578040122986
6931,675,,,2018-08-04 16:33:10.854589,0.75,0.7916340231895447
6932,676,,,2018-08-04 16:33:11.724919,0.796875,0.7006259560585022
6933,677,,,2018-08-04 16:33:12.680187,0.6875,0.805224597454071
6934,678,,,2018-08-04 16:33:13.619132,0.796875,0.5340328216552734
6935,679,,,2018-08-04 16:33:14.429178,0.734375,0.8477990627288818
6936,680,0.6179,1.1834136247634888,2018-08-04 16:33:15.335856,0.765625,0.6001642942428589
6937,681,,,2018-08-04 16:34:03.599596,0.78125,0.5359827280044556
6938,682,,,2018-08-04 16:34:04.435954,0.734375,0.6272584199905396
6939,683,,,2018-08-04 16:34:05.320732,0.75,0.6979175209999084
6940,684,,,2018-08-04 16:34:06.220294,0.75,0.6326895952224731
6941,685,,,2018-08-04 16:34:07.056283,0.75,0.8869081139564514
6942,686,,,2018-08-04 16:34:07.931840,0.796875,0.6703852415084839
6943,687,,,2018-08-04 16:34:08.831502,0.71875,0.7383384108543396
6944,688,,,2018-08-04 16:34:09.653082,0.765625,0.5900927186012268
6945,689,,,2018-08-04 16:34:10.481578,0.734375,0.8641866445541382
6946,690,,,2018-08-04 16:34:11.405373,0.703125,0.7398589253425598
6947,691,,,2018-08-04 16:34:12.303065,0.578125,0.951346755027771
6948,692,,,2018-08-04 16:34:13.216798,0.734375,0.6873292922973633
6949,693,,,2018-08-04 16:34:14.141552,0.84375,0.5237561464309692
6950,694,,,2018-08-04 16:34:14.980315,0.71875,0.7158990502357483
6951,695,,,2018-08-04 16:34:15.982616,0.8125,0.6440368890762329
6952,696,,,2018-08-04 16:34:16.898747,0.75,0.7497920989990234
6953,697,,,2018-08-04 16:34:17.736440,0.71875,0.666266918182373
6954,698,,,2018-08-04 16:34:18.690838,0.75,0.5987041592597961
6955,699,,,2018-08-04 16:34:19.577091,0.6875,0.765744149684906
6956,700,0.6246,1.1666431427001953,2018-08-04 16:34:20.561321,0.734375,0.623691201210022
6957,701,,,2018-08-04 16:35:10.820437,0.875,0.4866713285446167
6958,702,,,2018-08-04 16:35:11.708096,0.859375,0.49341776967048645
6959,703,,,2018-08-04 16:35:12.598375,0.8125,0.4886391758918762
6960,704,,,2018-08-04 16:35:13.472045,0.828125,0.5103457570075989
6961,705,,,2018-08-04 16:35:14.392460,0.671875,0.8037418127059937
6962,706,,,2018-08-04 16:35:15.230644,0.671875,0.8546850085258484
6963,707,,,2018-08-04 16:35:16.046435,0.625,0.9684354066848755
6964,708,,,2018-08-04 16:35:16.968332,0.734375,0.6930012106895447
6965,709,,,2018-08-04 16:35:17.958850,0.734375,0.7997580766677856
6966,710,,,2018-08-04 16:35:18.878606,0.75,0.6693598031997681
6967,711,,,2018-08-04 16:35:19.840154,0.71875,0.7108194828033447
6968,712,,,2018-08-04 16:35:20.791784,0.828125,0.4550131857395172
6969,713,,,2018-08-04 16:35:21.732594,0.765625,0.7069259285926819
6970,714,,,2018-08-04 16:35:22.721501,0.765625,0.7083746790885925
6971,715,,,2018-08-04 16:35:23.571353,0.625,0.9938156604766846
6972,716,,,2018-08-04 16:35:24.511647,0.703125,0.8004953861236572
6973,717,,,2018-08-04 16:35:25.524850,0.6875,0.7986304759979248
6974,718,,,2018-08-04 16:35:26.444174,0.71875,1.0094294548034668
6975,719,,,2018-08-04 16:35:27.329881,0.796875,0.6516384482383728
6976,720,0.6041,1.2647420167922974,2018-08-04 16:35:28.246763,0.78125,0.5991928577423096
6977,721,,,2018-08-04 16:36:18.087102,0.671875,0.8788937330245972
6978,722,,,2018-08-04 16:36:18.953137,0.78125,0.6197960376739502
6979,723,,,2018-08-04 16:36:19.785741,0.734375,0.7735059261322021
6980,724,,,2018-08-04 16:36:20.649787,0.75,0.609848141670227
6981,725,,,2018-08-04 16:36:21.562512,0.6875,1.03904128074646
6982,726,,,2018-08-04 16:36:22.478278,0.65625,0.7967780828475952
6983,727,,,2018-08-04 16:36:23.343882,0.78125,0.5906933546066284
6984,728,,,2018-08-04 16:36:24.220396,0.703125,0.8643569946289062
6985,729,,,2018-08-04 16:36:25.063002,0.8125,0.6493239998817444
6986,730,,,2018-08-04 16:36:25.929484,0.75,0.6594090461730957
6987,731,,,2018-08-04 16:36:26.833921,0.640625,0.8078145384788513
6988,732,,,2018-08-04 16:36:27.757285,0.765625,0.5682218670845032
6989,733,,,2018-08-04 16:36:28.681505,0.75,0.7975215315818787
6990,734,,,2018-08-04 16:36:29.559287,0.71875,0.751448392868042
6991,735,,,2018-08-04 16:36:30.503556,0.6875,0.6741141676902771
6992,736,,,2018-08-04 16:36:31.430067,0.671875,0.7662748694419861
6993,737,,,2018-08-04 16:36:32.295574,0.75,0.690755307674408
6994,738,,,2018-08-04 16:36:33.205404,0.6875,0.8823485970497131
6995,739,,,2018-08-04 16:36:34.142050,0.609375,1.1570624113082886
6996,740,0.5887,1.2733370065689087,2018-08-04 16:36:34.947346,0.65625,0.9430954456329346
6997,741,,,2018-08-04 16:37:24.903414,0.796875,0.5754954814910889
6998,742,,,2018-08-04 16:37:25.845308,0.765625,0.5582152009010315
6999,743,,,2018-08-04 16:37:26.749577,0.578125,0.9982544183731079
7000,744,,,2018-08-04 16:37:27.668726,0.671875,0.910580575466156
7001,745,,,2018-08-04 16:37:28.524428,0.6875,0.747245728969574
7002,746,,,2018-08-04 16:37:29.396131,0.796875,0.6165087819099426
7003,747,,,2018-08-04 16:37:30.229798,0.71875,0.6577315330505371
7004,748,,,2018-08-04 16:37:31.145090,0.71875,0.8435777425765991
7005,749,,,2018-08-04 16:37:32.019797,0.734375,0.6975076794624329
7006,750,,,2018-08-04 16:37:32.896972,0.734375,0.7255256772041321
7007,751,,,2018-08-04 16:37:33.876781,0.796875,0.5731197595596313
7008,752,,,2018-08-04 16:37:34.840235,0.890625,0.4377879500389099
7009,753,,,2018-08-04 16:37:35.789903,0.796875,0.5958834886550903
7010,754,,,2018-08-04 16:37:36.757466,0.828125,0.45025351643562317
7011,755,,,2018-08-04 16:37:37.751051,0.6875,0.7545731663703918
7012,756,,,2018-08-04 16:37:38.690078,0.75,0.7008492350578308
7013,757,,,2018-08-04 16:37:39.627156,0.78125,0.6378479599952698
7014,758,,,2018-08-04 16:37:40.498279,0.78125,0.8308764696121216
7015,759,,,2018-08-04 16:37:41.351584,0.703125,0.7297497987747192
7016,760,0.62,1.1691088676452637,2018-08-04 16:37:42.280473,0.8125,0.517135739326477
7017,761,,,2018-08-04 16:38:33.949874,0.78125,0.6356289386749268
7018,762,,,2018-08-04 16:38:34.895694,0.78125,0.5818516612052917
7019,763,,,2018-08-04 16:38:35.752780,0.734375,0.6523788571357727
7020,764,,,2018-08-04 16:38:36.627415,0.796875,0.5101705193519592
7021,765,,,2018-08-04 16:38:37.508741,0.765625,0.6966890096664429
7022,766,,,2018-08-04 16:38:38.350189,0.84375,0.577064573764801
7023,767,,,2018-08-04 16:38:39.258677,0.6875,0.7818423509597778
7024,768,,,2018-08-04 16:38:40.145801,0.796875,0.5285529494285583
7025,769,,,2018-08-04 16:38:40.972524,0.671875,0.7596710324287415
7026,770,,,2018-08-04 16:38:41.842474,0.828125,0.4984119236469269
7027,771,,,2018-08-04 16:38:42.698889,0.6875,0.8516939878463745
7028,772,,,2018-08-04 16:38:43.558550,0.703125,0.7220472097396851
7029,773,,,2018-08-04 16:38:44.450935,0.8125,0.5560879111289978
7030,774,,,2018-08-04 16:38:45.377850,0.78125,0.5940482020378113
7031,775,,,2018-08-04 16:38:46.337767,0.671875,0.7199274301528931
7032,776,,,2018-08-04 16:38:47.264209,0.734375,0.811232328414917
7033,777,,,2018-08-04 16:38:48.177762,0.828125,0.5481943488121033
7034,778,,,2018-08-04 16:38:49.056764,0.765625,0.5930241942405701
7035,779,,,2018-08-04 16:38:49.922320,0.84375,0.5921744704246521
7036,780,0.6202,1.1462129354476929,2018-08-04 16:38:50.789870,0.5625,1.0087589025497437
7037,781,,,2018-08-04 16:39:40.868837,0.5625,0.6726393103599548
7038,0,,,2018-08-04 16:40:30.851990,0.859375,0.4908151626586914
7039,1,,,2018-08-04 16:40:31.668223,0.84375,0.5428138375282288
7040,2,,,2018-08-04 16:40:32.554465,0.796875,0.5781657695770264
7041,3,,,2018-08-04 16:40:33.456782,0.671875,0.7610206007957458
7042,4,,,2018-08-04 16:40:34.310517,0.84375,0.5723514556884766
7043,5,,,2018-08-04 16:40:35.219353,0.765625,0.5600020885467529
7044,6,,,2018-08-04 16:40:36.161479,0.78125,0.5053514242172241
7045,7,,,2018-08-04 16:40:37.062827,0.828125,0.46876877546310425
7046,8,,,2018-08-04 16:40:37.967514,0.765625,0.6874911189079285
7047,9,,,2018-08-04 16:40:38.848296,0.796875,0.619956910610199
7048,10,,,2018-08-04 16:40:39.738732,0.78125,0.5144917368888855
7049,11,,,2018-08-04 16:40:40.652373,0.75,0.6512534618377686
7050,12,,,2018-08-04 16:40:41.525828,0.765625,0.5866662263870239
7051,13,,,2018-08-04 16:40:42.431598,0.796875,0.6607418060302734
7052,14,,,2018-08-04 16:40:43.435948,0.765625,0.5413665771484375
7053,15,,,2018-08-04 16:40:44.371298,0.8125,0.45383650064468384
7054,16,,,2018-08-04 16:40:45.242797,0.671875,0.8089292049407959
7055,17,,,2018-08-04 16:40:46.147696,0.8125,0.5996921062469482
7056,18,,,2018-08-04 16:40:47.028014,0.75,0.5857314467430115
7057,19,,,2018-08-04 16:40:47.944238,0.75,0.6435009837150574
7058,20,0.6244,1.170044183731079,2018-08-04 16:40:48.846552,0.78125,0.5555753111839294
7059,21,,,2018-08-04 16:41:39.077567,0.796875,0.5860775709152222
7060,22,,,2018-08-04 16:41:39.990942,0.828125,0.6894722580909729
7061,23,,,2018-08-04 16:41:40.859009,0.8125,0.5871983170509338
7062,24,,,2018-08-04 16:41:41.773304,0.75,0.7013081908226013
7063,25,,,2018-08-04 16:41:42.747894,0.78125,0.6853294372558594
7064,26,,,2018-08-04 16:41:43.715047,0.828125,0.5052236318588257
7065,27,,,2018-08-04 16:41:44.715371,0.796875,0.6153839826583862
7066,28,,,2018-08-04 16:41:45.642808,0.8125,0.5120165348052979
7067,29,,,2018-08-04 16:41:46.452782,0.75,0.6410742402076721
7068,30,,,2018-08-04 16:41:47.353269,0.78125,0.6250998377799988
7069,31,,,2018-08-04 16:41:48.244315,0.78125,0.6263002753257751
7070,32,,,2018-08-04 16:41:49.160491,0.75,0.6545283794403076
7071,33,,,2018-08-04 16:41:50.090123,0.890625,0.4697192907333374
7072,34,,,2018-08-04 16:41:51.065879,0.859375,0.5113766193389893
7073,35,,,2018-08-04 16:41:52.032433,0.84375,0.46668171882629395
7074,36,,,2018-08-04 16:41:53.011464,0.796875,0.42278608679771423
7075,37,,,2018-08-04 16:41:53.942596,0.828125,0.4965563416481018
7076,38,,,2018-08-04 16:41:54.859226,0.6875,0.7061964869499207
7077,39,,,2018-08-04 16:41:55.810639,0.78125,0.675121545791626
7078,40,0.6442,1.087064504623413,2018-08-04 16:41:56.741047,0.828125,0.5880884528160095
7079,41,,,2018-08-04 16:42:46.784913,0.828125,0.4936924874782562
7080,42,,,2018-08-04 16:42:47.607319,0.75,0.5800113677978516
7081,43,,,2018-08-04 16:42:48.533892,0.890625,0.4406626522541046
7082,44,,,2018-08-04 16:42:49.462055,0.796875,0.5153738856315613
7083,45,,,2018-08-04 16:42:50.248400,0.734375,0.6180819869041443
7084,46,,,2018-08-04 16:42:51.133931,0.828125,0.5094194412231445
7085,47,,,2018-08-04 16:42:52.034863,0.78125,0.6090554594993591
7086,48,,,2018-08-04 16:42:52.965459,0.703125,0.7701840400695801
7087,49,,,2018-08-04 16:42:53.834460,0.8125,0.5290656089782715
7088,50,,,2018-08-04 16:42:54.671831,0.734375,0.6742238998413086
7089,51,,,2018-08-04 16:42:55.532845,0.78125,0.6820752024650574
7090,52,,,2018-08-04 16:42:56.487466,0.703125,0.7107599377632141
7091,53,,,2018-08-04 16:42:57.441419,0.78125,0.6871187090873718
7092,54,,,2018-08-04 16:42:58.381630,0.828125,0.5013341903686523
7093,55,,,2018-08-04 16:42:59.226340,0.734375,0.636102557182312
7094,56,,,2018-08-04 16:43:00.102331,0.8125,0.5930960774421692
7095,57,,,2018-08-04 16:43:01.007265,0.859375,0.5278875827789307
7096,58,,,2018-08-04 16:43:01.859846,0.734375,0.710185706615448
7097,59,,,2018-08-04 16:43:02.709959,0.8125,0.5503420233726501
7098,60,0.6271,1.1598527431488037,2018-08-04 16:43:03.549417,0.828125,0.5285226106643677
7099,61,,,2018-08-04 16:43:53.324826,0.859375,0.48507094383239746
7100,62,,,2018-08-04 16:43:54.314027,0.828125,0.5042930245399475
7101,63,,,2018-08-04 16:43:55.185701,0.71875,0.7910173535346985
7102,64,,,2018-08-04 16:43:56.040590,0.640625,1.052546501159668
7103,65,,,2018-08-04 16:43:56.871189,0.890625,0.38828685879707336
7104,66,,,2018-08-04 16:43:57.852436,0.796875,0.7905292510986328
7105,67,,,2018-08-04 16:43:58.757757,0.8125,0.5950405597686768
7106,68,,,2018-08-04 16:43:59.632092,0.78125,0.6173053979873657
7107,69,,,2018-08-04 16:44:00.509671,0.71875,0.7793368101119995
7108,70,,,2018-08-04 16:44:01.393057,0.703125,0.6389394998550415
7109,71,,,2018-08-04 16:44:02.287693,0.875,0.44980108737945557
7110,72,,,2018-08-04 16:44:03.223799,0.78125,0.5193607807159424
7111,73,,,2018-08-04 16:44:04.137949,0.765625,0.6667218804359436
7112,74,,,2018-08-04 16:44:05.011495,0.6875,0.8420673608779907
7113,75,,,2018-08-04 16:44:05.897485,0.75,0.6707060933113098
7114,76,,,2018-08-04 16:44:06.814973,0.921875,0.3610920011997223
7115,77,,,2018-08-04 16:44:07.739197,0.703125,0.6879900693893433
7116,78,,,2018-08-04 16:44:08.628904,0.78125,0.5991739630699158
7117,79,,,2018-08-04 16:44:09.582612,0.75,0.700642466545105
7118,80,0.6236,1.206912875175476,2018-08-04 16:44:10.511790,0.765625,0.6286531686782837
7119,81,,,2018-08-04 16:45:02.720505,0.78125,0.5127907395362854
7120,82,,,2018-08-04 16:45:03.619253,0.8125,0.4556501507759094
7121,83,,,2018-08-04 16:45:04.498548,0.75,0.6756718754768372
7122,84,,,2018-08-04 16:45:05.415694,0.84375,0.45200276374816895
7123,85,,,2018-08-04 16:45:06.328603,0.765625,0.594607412815094
7124,86,,,2018-08-04 16:45:07.215124,0.875,0.3707948923110962
7125,87,,,2018-08-04 16:45:08.071011,0.78125,0.5544000267982483
7126,88,,,2018-08-04 16:45:08.999066,0.875,0.35101160407066345
7127,89,,,2018-08-04 16:45:09.882329,0.890625,0.32268768548965454
7128,90,,,2018-08-04 16:45:10.751298,0.890625,0.3645506501197815
7129,91,,,2018-08-04 16:45:11.653034,0.84375,0.36031681299209595
7130,92,,,2018-08-04 16:45:12.592750,0.765625,0.632230818271637
7131,93,,,2018-08-04 16:45:13.451952,0.734375,0.6579506397247314
7132,94,,,2018-08-04 16:45:14.369676,0.734375,0.7670925259590149
7133,95,,,2018-08-04 16:45:15.270182,0.8125,0.5491189956665039
7134,96,,,2018-08-04 16:45:16.131922,0.8125,0.42254045605659485
7135,97,,,2018-08-04 16:45:16.992262,0.8125,0.5995492339134216
7136,98,,,2018-08-04 16:45:17.875073,0.8125,0.5207345485687256
7137,99,,,2018-08-04 16:45:18.757830,0.78125,0.6437755227088928
7138,100,0.6334,1.181321144104004,2018-08-04 16:45:19.622183,0.8125,0.5244861245155334
7139,101,,,2018-08-04 16:46:09.759720,0.828125,0.5607537627220154
7140,102,,,2018-08-04 16:46:10.695543,0.8125,0.5368579626083374
7141,103,,,2018-08-04 16:46:11.609482,0.796875,0.6624536514282227
7142,104,,,2018-08-04 16:46:12.576150,0.734375,0.8178040385246277
7143,105,,,2018-08-04 16:46:13.526943,0.78125,0.711258590221405
7144,106,,,2018-08-04 16:46:14.483159,0.765625,0.5999079942703247
7145,107,,,2018-08-04 16:46:15.409133,0.8125,0.5905407071113586
7146,108,,,2018-08-04 16:46:16.334573,0.859375,0.37789618968963623
7147,109,,,2018-08-04 16:46:17.264104,0.84375,0.49268919229507446
7148,110,,,2018-08-04 16:46:18.216177,0.84375,0.5211344361305237
7149,111,,,2018-08-04 16:46:19.155076,0.84375,0.46256643533706665
7150,112,,,2018-08-04 16:46:20.095779,0.859375,0.42934828996658325
7151,113,,,2018-08-04 16:46:20.972512,0.796875,0.6248270273208618
7152,114,,,2018-08-04 16:46:21.892168,0.84375,0.4666154384613037
7153,115,,,2018-08-04 16:46:22.762527,0.6875,0.7816546559333801
7154,116,,,2018-08-04 16:46:23.680906,0.703125,0.623932421207428
7155,117,,,2018-08-04 16:46:24.611243,0.8125,0.5138118863105774
7156,118,,,2018-08-04 16:46:25.460998,0.71875,0.7713890075683594
7157,119,,,2018-08-04 16:46:26.336953,0.8125,0.5405112504959106
7158,120,0.6387,1.1797940731048584,2018-08-04 16:46:27.202296,0.890625,0.33696848154067993
7159,121,,,2018-08-04 16:47:17.992700,0.75,0.6378957629203796
7160,122,,,2018-08-04 16:47:18.915052,0.875,0.3237849771976471
7161,123,,,2018-08-04 16:47:19.776287,0.71875,0.7739047408103943
7162,124,,,2018-08-04 16:47:20.709463,0.75,0.7115960717201233
7163,125,,,2018-08-04 16:47:21.637138,0.609375,1.0570539236068726
7164,126,,,2018-08-04 16:47:22.487807,0.8125,0.6568859815597534
7165,127,,,2018-08-04 16:47:23.379270,0.6875,0.8303363919258118
7166,128,,,2018-08-04 16:47:24.273570,0.6875,0.7607820630073547
7167,129,,,2018-08-04 16:47:25.154620,0.8125,0.7222306132316589
7168,130,,,2018-08-04 16:47:26.008237,0.796875,0.7410889863967896
7169,131,,,2018-08-04 16:47:26.862043,0.765625,0.5495425462722778
7170,132,,,2018-08-04 16:47:27.787192,0.859375,0.5093526244163513
7171,133,,,2018-08-04 16:47:28.699382,0.625,0.9211553931236267
7172,134,,,2018-08-04 16:47:29.655018,0.703125,0.83355712890625
7173,135,,,2018-08-04 16:47:30.536721,0.75,0.7259700298309326
7174,136,,,2018-08-04 16:47:31.472526,0.796875,0.5901910662651062
7175,137,,,2018-08-04 16:47:32.391708,0.765625,0.5967910885810852
7176,138,,,2018-08-04 16:47:33.294987,0.78125,0.6338133215904236
7177,139,,,2018-08-04 16:47:34.215882,0.6875,0.7875181436538696
7178,140,0.6137,1.2154566049575806,2018-08-04 16:47:35.077705,0.703125,0.6918950080871582
7179,141,,,2018-08-04 16:48:28.186201,0.84375,0.4879343509674072
7180,142,,,2018-08-04 16:48:29.112232,0.703125,0.7124123573303223
7181,143,,,2018-08-04 16:48:30.038088,0.8125,0.6234949231147766
7182,144,,,2018-08-04 16:48:30.906539,0.6875,0.8875425457954407
7183,145,,,2018-08-04 16:48:31.806015,0.71875,0.664873480796814
7184,146,,,2018-08-04 16:48:32.754297,0.84375,0.39545944333076477
7185,147,,,2018-08-04 16:48:33.726689,0.640625,0.9914394617080688
7186,148,,,2018-08-04 16:48:34.670256,0.828125,0.5020977258682251
7187,149,,,2018-08-04 16:48:35.593173,0.890625,0.38128340244293213
7188,150,,,2018-08-04 16:48:36.464001,0.796875,0.5526083707809448
7189,151,,,2018-08-04 16:48:37.428265,0.765625,0.587756872177124
7190,152,,,2018-08-04 16:48:38.324248,0.84375,0.39004287123680115
7191,153,,,2018-08-04 16:48:39.286936,0.828125,0.6196841597557068
7192,154,,,2018-08-04 16:48:40.279723,0.875,0.40889209508895874
7193,155,,,2018-08-04 16:48:41.259311,0.765625,0.6773483753204346
7194,156,,,2018-08-04 16:48:42.144912,0.703125,0.913705050945282
7195,157,,,2018-08-04 16:48:43.044982,0.734375,0.686732828617096
7196,158,,,2018-08-04 16:48:43.931341,0.890625,0.4863924980163574
7197,159,,,2018-08-04 16:48:44.855169,0.75,0.8277079463005066
7198,160,0.624,1.2588914632797241,2018-08-04 16:48:45.776308,0.84375,0.4451105296611786
7199,161,,,2018-08-04 16:49:38.318623,0.84375,0.3724181354045868
7200,162,,,2018-08-04 16:49:39.236677,0.796875,0.5670884847640991
7201,163,,,2018-08-04 16:49:40.171381,0.8125,0.7120043039321899
7202,164,,,2018-08-04 16:49:41.027865,0.765625,0.6965222358703613
7203,165,,,2018-08-04 16:49:41.959901,0.84375,0.4327987730503082
7204,166,,,2018-08-04 16:49:42.823290,0.78125,0.5176540017127991
7205,167,,,2018-08-04 16:49:43.717674,0.84375,0.4110374450683594
7206,168,,,2018-08-04 16:49:44.611951,0.890625,0.41388556361198425
7207,169,,,2018-08-04 16:49:45.530564,0.828125,0.4539363384246826
7208,170,,,2018-08-04 16:49:46.488816,0.75,0.8024893999099731
7209,171,,,2018-08-04 16:49:47.517909,0.765625,0.558273196220398
7210,172,,,2018-08-04 16:49:48.453515,0.78125,0.679990291595459
7211,173,,,2018-08-04 16:49:49.366792,0.765625,0.7345660328865051
7212,174,,,2018-08-04 16:49:50.242300,0.75,0.78187495470047
7213,175,,,2018-08-04 16:49:51.119231,0.765625,0.6357417702674866
7214,176,,,2018-08-04 16:49:52.005631,0.765625,0.7223702073097229
7215,177,,,2018-08-04 16:49:52.901565,0.75,0.6717265844345093
7216,178,,,2018-08-04 16:49:53.820451,0.75,0.6351915001869202
7217,179,,,2018-08-04 16:49:54.764351,0.828125,0.4064466953277588
7218,180,0.6306,1.2226574420928955,2018-08-04 16:49:55.647326,0.84375,0.40389394760131836
7219,181,,,2018-08-04 16:50:45.394395,0.84375,0.4715574383735657
7220,182,,,2018-08-04 16:50:46.236635,0.734375,0.6283076405525208
7221,183,,,2018-08-04 16:50:47.147186,0.78125,0.7142595052719116
7222,184,,,2018-08-04 16:50:48.044399,0.765625,0.7507150769233704
7223,185,,,2018-08-04 16:50:48.833726,0.75,0.6820603609085083
7224,186,,,2018-08-04 16:50:49.683132,0.71875,0.6161535382270813
7225,187,,,2018-08-04 16:50:50.589035,0.75,0.7990235686302185
7226,188,,,2018-08-04 16:50:51.487250,0.71875,0.6950278282165527
7227,189,,,2018-08-04 16:50:52.397014,0.796875,0.6613500118255615
7228,190,,,2018-08-04 16:50:53.219483,0.859375,0.390800416469574
7229,191,,,2018-08-04 16:50:54.025352,0.828125,0.6245113611221313
7230,192,,,2018-08-04 16:50:54.916984,0.75,0.6186493039131165
7231,193,,,2018-08-04 16:50:55.776018,0.859375,0.5817021727561951
7232,194,,,2018-08-04 16:50:56.615433,0.796875,0.5390990972518921
7233,195,,,2018-08-04 16:50:57.510135,0.71875,0.67090904712677
7234,196,,,2018-08-04 16:50:58.324184,0.90625,0.33762606978416443
7235,197,,,2018-08-04 16:50:59.191992,0.828125,0.4469325542449951
7236,198,,,2018-08-04 16:51:00.094652,0.75,0.7797043919563293
7237,199,,,2018-08-04 16:51:00.983130,0.75,0.6879807114601135
7238,200,0.6258,1.2240370512008667,2018-08-04 16:51:01.863613,0.765625,0.6865481734275818
7239,201,,,2018-08-04 16:51:47.878871,0.78125,0.5447162389755249
7240,202,,,2018-08-04 16:51:48.657832,0.8125,0.49738913774490356
7241,203,,,2018-08-04 16:51:49.472852,0.765625,0.6416542530059814
7242,204,,,2018-08-04 16:51:50.348941,0.71875,0.8297324776649475
7243,205,,,2018-08-04 16:51:51.152871,0.71875,0.8194477558135986
7244,206,,,2018-08-04 16:51:51.920514,0.859375,0.3916030526161194
7245,207,,,2018-08-04 16:51:52.727658,0.78125,0.6497411727905273
7246,208,,,2018-08-04 16:51:53.546440,0.78125,0.4794214963912964
7247,209,,,2018-08-04 16:51:54.385787,0.75,0.6342917084693909
7248,210,,,2018-08-04 16:51:55.214763,0.640625,0.7332485914230347
7249,211,,,2018-08-04 16:51:56.017069,0.75,0.6279036998748779
7250,212,,,2018-08-04 16:51:56.883577,0.90625,0.3691100776195526
7251,213,,,2018-08-04 16:51:57.712615,0.65625,0.9397286772727966
7252,214,,,2018-08-04 16:51:58.583955,0.734375,0.7543355226516724
7253,215,,,2018-08-04 16:51:59.380895,0.796875,0.5360952019691467
7254,216,,,2018-08-04 16:52:00.149876,0.6875,0.8202755451202393
7255,217,,,2018-08-04 16:52:00.946934,0.8125,0.6239358186721802
7256,218,,,2018-08-04 16:52:01.805737,0.703125,0.7013512849807739
7257,219,,,2018-08-04 16:52:02.603505,0.71875,0.678516685962677
7258,220,0.6234,1.2073551416397095,2018-08-04 16:52:03.424342,0.875,0.36405494809150696
7259,221,,,2018-08-04 16:52:50.428939,0.78125,0.6487410664558411
7260,222,,,2018-08-04 16:52:51.219170,0.734375,0.6536760926246643
7261,223,,,2018-08-04 16:52:52.047696,0.796875,0.6344352960586548
7262,224,,,2018-08-04 16:52:52.868476,0.78125,0.6565735936164856
7263,225,,,2018-08-04 16:52:53.719119,0.875,0.4359593391418457
7264,226,,,2018-08-04 16:52:54.511212,0.8125,0.567232608795166
7265,227,,,2018-08-04 16:52:55.352273,0.8125,0.49324050545692444
7266,228,,,2018-08-04 16:52:56.129701,0.828125,0.48609256744384766
7267,229,,,2018-08-04 16:52:56.917918,0.859375,0.4304570257663727
7268,230,,,2018-08-04 16:52:57.686932,0.796875,0.5399076342582703
7269,231,,,2018-08-04 16:52:58.527458,0.75,0.6843302845954895
7270,232,,,2018-08-04 16:52:59.367051,0.796875,0.47998279333114624
7271,233,,,2018-08-04 16:53:00.201327,0.703125,0.8156440258026123
7272,234,,,2018-08-04 16:53:01.002217,0.8125,0.5510836243629456
7273,235,,,2018-08-04 16:53:01.808181,0.828125,0.49821317195892334
7274,236,,,2018-08-04 16:53:02.613811,0.59375,0.8668809533119202
7275,237,,,2018-08-04 16:53:03.467043,0.796875,0.6352885961532593
7276,238,,,2018-08-04 16:53:04.303271,0.796875,0.7196192145347595
7277,239,,,2018-08-04 16:53:05.125385,0.796875,0.6495682001113892
7278,240,0.6228,1.2836171388626099,2018-08-04 16:53:05.992869,0.78125,0.5656561255455017
7279,241,,,2018-08-04 16:53:52.215514,0.765625,0.6074776649475098
7280,242,,,2018-08-04 16:53:53.042221,0.765625,0.615202009677887
7281,243,,,2018-08-04 16:53:53.837039,0.796875,0.6030110120773315
7282,244,,,2018-08-04 16:53:54.641268,0.765625,0.6754791140556335
7283,245,,,2018-08-04 16:53:55.476896,0.796875,0.5713827610015869
7284,246,,,2018-08-04 16:53:56.286411,0.8125,0.5020943880081177
7285,247,,,2018-08-04 16:53:57.138886,0.90625,0.2994365096092224
7286,248,,,2018-08-04 16:53:57.964869,0.828125,0.4570731520652771
7287,249,,,2018-08-04 16:53:58.768488,0.828125,0.4553866386413574
7288,250,,,2018-08-04 16:53:59.605376,0.78125,0.6741511821746826
7289,251,,,2018-08-04 16:54:00.461067,0.765625,0.4708290696144104
7290,252,,,2018-08-04 16:54:01.367599,0.84375,0.40821704268455505
7291,253,,,2018-08-04 16:54:02.231780,0.75,0.6840858459472656
7292,254,,,2018-08-04 16:54:03.046809,0.828125,0.45941102504730225
7293,255,,,2018-08-04 16:54:03.881558,0.734375,0.7843345999717712
7294,256,,,2018-08-04 16:54:04.718987,0.71875,0.8019367456436157
7295,257,,,2018-08-04 16:54:05.602625,0.734375,0.6972246766090393
7296,258,,,2018-08-04 16:54:06.504338,0.703125,0.8392485976219177
7297,259,,,2018-08-04 16:54:07.366991,0.671875,0.7702531814575195
7298,260,0.6275,1.2207615375518799,2018-08-04 16:54:08.202539,0.71875,0.8047646284103394
7299,261,,,2018-08-04 16:54:54.642073,0.796875,0.6415658593177795
7300,262,,,2018-08-04 16:54:55.525539,0.84375,0.5521851181983948
7301,263,,,2018-08-04 16:54:56.368343,0.75,0.8394584655761719
7302,264,,,2018-08-04 16:54:57.300055,0.8125,0.5563308000564575
7303,265,,,2018-08-04 16:54:58.200535,0.8125,0.5390450358390808
7304,266,,,2018-08-04 16:54:59.026580,0.75,0.6457251310348511
7305,267,,,2018-08-04 16:54:59.904188,0.875,0.3553132712841034
7306,268,,,2018-08-04 16:55:00.750585,0.859375,0.40655049681663513
7307,269,,,2018-08-04 16:55:01.680117,0.875,0.3714771568775177
7308,270,,,2018-08-04 16:55:02.597412,0.796875,0.5242166519165039
7309,271,,,2018-08-04 16:55:03.474623,0.828125,0.48109370470046997
7310,272,,,2018-08-04 16:55:04.420232,0.859375,0.5354927182197571
7311,273,,,2018-08-04 16:55:05.282928,0.859375,0.5972456932067871
7312,274,,,2018-08-04 16:55:06.150828,0.75,0.6785629987716675
7313,275,,,2018-08-04 16:55:06.952650,0.78125,0.5676725506782532
7314,276,,,2018-08-04 16:55:07.896812,0.734375,0.6751319766044617
7315,277,,,2018-08-04 16:55:08.877727,0.828125,0.6186020970344543
7316,278,,,2018-08-04 16:55:09.842370,0.828125,0.5792117118835449
7317,279,,,2018-08-04 16:55:10.738846,0.78125,0.5537511110305786
7318,280,0.63,1.2008320093154907,2018-08-04 16:55:11.488991,0.828125,0.5577012896537781
7319,281,,,2018-08-04 16:56:00.629975,0.875,0.42784836888313293
7320,282,,,2018-08-04 16:56:01.451955,0.828125,0.45806771516799927
7321,283,,,2018-08-04 16:56:02.296463,0.6875,0.7328120470046997
7322,284,,,2018-08-04 16:56:03.155174,0.703125,0.6759566068649292
7323,285,,,2018-08-04 16:56:04.117243,0.8125,0.5104274749755859
7324,286,,,2018-08-04 16:56:04.987490,0.90625,0.33594441413879395
7325,287,,,2018-08-04 16:56:05.886145,0.75,0.728722870349884
7326,288,,,2018-08-04 16:56:06.774475,0.75,0.574611246585846
7327,289,,,2018-08-04 16:56:07.687481,0.796875,0.7223891615867615
7328,290,,,2018-08-04 16:56:08.573033,0.859375,0.406031996011734
7329,291,,,2018-08-04 16:56:09.473612,0.78125,0.84702068567276
7330,292,,,2018-08-04 16:56:10.369303,0.75,0.5733545422554016
7331,293,,,2018-08-04 16:56:11.219919,0.71875,0.7076428532600403
7332,294,,,2018-08-04 16:56:12.054141,0.765625,0.8056963682174683
7333,295,,,2018-08-04 16:56:12.883745,0.6875,0.7464790344238281
7334,296,,,2018-08-04 16:56:13.731937,0.734375,1.0053379535675049
7335,297,,,2018-08-04 16:56:14.488249,0.765625,0.5899568796157837
7336,298,,,2018-08-04 16:56:15.294285,0.640625,1.0096492767333984
7337,299,,,2018-08-04 16:56:16.086375,0.71875,0.7898492813110352
7338,300,0.608,1.2859984636306763,2018-08-04 16:56:16.851250,0.6875,0.799945056438446
7339,301,,,2018-08-04 16:57:05.337157,0.8125,0.5489751100540161
7340,302,,,2018-08-04 16:57:06.184865,0.828125,0.4654993414878845
7341,303,,,2018-08-04 16:57:07.012726,0.75,0.7551958560943604
7342,304,,,2018-08-04 16:57:07.766211,0.78125,0.6206600069999695
7343,305,,,2018-08-04 16:57:08.644438,0.6875,0.762755811214447
7344,306,,,2018-08-04 16:57:09.476981,0.8125,0.7317835092544556
7345,307,,,2018-08-04 16:57:10.290326,0.765625,0.572248637676239
7346,308,,,2018-08-04 16:57:11.081698,0.78125,0.7501026391983032
7347,309,,,2018-08-04 16:57:11.952241,0.796875,0.659722089767456
7348,310,,,2018-08-04 16:57:12.772986,0.828125,0.5130001902580261
7349,311,,,2018-08-04 16:57:13.575482,0.84375,0.5023596882820129
7350,312,,,2018-08-04 16:57:14.375048,0.78125,0.4882655739784241
7351,313,,,2018-08-04 16:57:15.203857,0.765625,0.6038004159927368
7352,314,,,2018-08-04 16:57:16.016158,0.6875,0.7639002203941345
7353,315,,,2018-08-04 16:57:16.841867,0.75,0.5886916518211365
7354,316,,,2018-08-04 16:57:17.743045,0.75,0.8753901720046997
7355,317,,,2018-08-04 16:57:18.579838,0.78125,0.5542277097702026
7356,318,,,2018-08-04 16:57:19.377898,0.8125,0.6021444797515869
7357,319,,,2018-08-04 16:57:20.204632,0.734375,0.7419224977493286
7358,320,0.604,1.3068115711212158,2018-08-04 16:57:21.008000,0.671875,0.8408404588699341
7359,321,,,2018-08-04 16:58:09.170232,0.734375,0.6775316596031189
7360,322,,,2018-08-04 16:58:10.018265,0.796875,0.5593838691711426
7361,323,,,2018-08-04 16:58:10.827686,0.796875,0.5044600963592529
7362,324,,,2018-08-04 16:58:11.691437,0.78125,0.6261613368988037
7363,325,,,2018-08-04 16:58:12.509266,0.796875,0.5598570704460144
7364,326,,,2018-08-04 16:58:13.427123,0.828125,0.517703115940094
7365,327,,,2018-08-04 16:58:14.283123,0.828125,0.48746490478515625
7366,328,,,2018-08-04 16:58:15.125156,0.765625,0.6248164772987366
7367,329,,,2018-08-04 16:58:15.944254,0.765625,0.7459160685539246
7368,330,,,2018-08-04 16:58:16.782735,0.828125,0.4888368844985962
7369,331,,,2018-08-04 16:58:17.635755,0.734375,0.6087887287139893
7370,332,,,2018-08-04 16:58:18.464903,0.84375,0.4331718385219574
7371,333,,,2018-08-04 16:58:19.342686,0.71875,0.7575786709785461
7372,334,,,2018-08-04 16:58:20.222207,0.828125,0.47916433215141296
7373,335,,,2018-08-04 16:58:21.024661,0.828125,0.5146223902702332
7374,336,,,2018-08-04 16:58:21.880552,0.828125,0.5687727332115173
7375,337,,,2018-08-04 16:58:22.743054,0.8125,0.4321131706237793
7376,338,,,2018-08-04 16:58:23.646530,0.8125,0.6476749181747437
7377,339,,,2018-08-04 16:58:24.523598,0.78125,0.5290951132774353
7378,340,0.6234,1.2255202531814575,2018-08-04 16:58:25.329328,0.90625,0.334445595741272
7379,341,,,2018-08-04 16:59:12.973992,0.8125,0.5746930241584778
7380,342,,,2018-08-04 16:59:13.837840,0.84375,0.5681245923042297
7381,343,,,2018-08-04 16:59:14.616476,0.78125,0.6565367579460144
7382,344,,,2018-08-04 16:59:15.491808,0.796875,0.5096291303634644
7383,345,,,2018-08-04 16:59:16.308287,0.78125,0.5326462388038635
7384,346,,,2018-08-04 16:59:17.176320,0.796875,0.6552039384841919
7385,347,,,2018-08-04 16:59:17.997021,0.78125,0.4836229085922241
7386,348,,,2018-08-04 16:59:18.801050,0.859375,0.5916783213615417
7387,349,,,2018-08-04 16:59:19.660801,0.8125,0.5562203526496887
7388,350,,,2018-08-04 16:59:20.586887,0.828125,0.5461375713348389
7389,351,,,2018-08-04 16:59:21.503708,0.84375,0.3782017230987549
7390,352,,,2018-08-04 16:59:22.306555,0.8125,0.476241797208786
7391,353,,,2018-08-04 16:59:23.157284,0.84375,0.5465496182441711
7392,354,,,2018-08-04 16:59:24.067339,0.765625,0.6496425867080688
7393,355,,,2018-08-04 16:59:24.926008,0.75,0.7215200066566467
7394,356,,,2018-08-04 16:59:25.785407,0.796875,0.6332271099090576
7395,357,,,2018-08-04 16:59:26.660157,0.765625,0.5576632618904114
7396,358,,,2018-08-04 16:59:27.444095,0.828125,0.396648645401001
7397,359,,,2018-08-04 16:59:28.351025,0.8125,0.559370756149292
7398,360,0.63,1.2076060771942139,2018-08-04 16:59:29.237959,0.765625,0.6486954092979431
7399,361,,,2018-08-04 17:00:16.836146,0.75,0.6540026068687439
7400,362,,,2018-08-04 17:00:17.678865,0.890625,0.5164951682090759
7401,363,,,2018-08-04 17:00:18.549025,0.78125,0.5980324149131775
7402,364,,,2018-08-04 17:00:19.369011,0.71875,0.6657750010490417
7403,365,,,2018-08-04 17:00:20.227371,0.671875,0.8668382167816162
7404,366,,,2018-08-04 17:00:21.100729,0.8125,0.656032145023346
7405,367,,,2018-08-04 17:00:21.951730,0.71875,0.6950646042823792
7406,368,,,2018-08-04 17:00:22.787381,0.703125,0.633000373840332
7407,369,,,2018-08-04 17:00:23.643745,0.828125,0.5810925960540771
7408,370,,,2018-08-04 17:00:24.526381,0.796875,0.5268840789794922
7409,371,,,2018-08-04 17:00:25.358202,0.734375,0.6444588303565979
7410,372,,,2018-08-04 17:00:26.232121,0.78125,0.5905938148498535
7411,373,,,2018-08-04 17:00:27.071504,0.75,0.7278236746788025
7412,374,,,2018-08-04 17:00:27.947884,0.71875,0.7789870500564575
7413,375,,,2018-08-04 17:00:28.745394,0.625,1.0064095258712769
7414,376,,,2018-08-04 17:00:29.615580,0.8125,0.5643137693405151
7415,377,,,2018-08-04 17:00:30.422400,0.796875,0.5930291414260864
7416,378,,,2018-08-04 17:00:31.263869,0.734375,0.7019774913787842
7417,379,,,2018-08-04 17:00:32.073879,0.8125,0.4591173827648163
7418,380,0.6141,1.2496590614318848,2018-08-04 17:00:32.971307,0.859375,0.4591045379638672
7419,381,,,2018-08-04 17:01:20.658750,0.828125,0.4050102233886719
7420,382,,,2018-08-04 17:01:21.501738,0.765625,0.5501289963722229
7421,383,,,2018-08-04 17:01:22.289314,0.78125,0.6613901257514954
7422,384,,,2018-08-04 17:01:23.196047,0.765625,0.5814294815063477
7423,385,,,2018-08-04 17:01:24.079447,0.84375,0.5886926054954529
7424,386,,,2018-08-04 17:01:24.932418,0.6875,0.719281792640686
7425,387,,,2018-08-04 17:01:25.726379,0.71875,0.7991783022880554
7426,388,,,2018-08-04 17:01:26.620885,0.796875,0.605906069278717
7427,389,,,2018-08-04 17:01:27.429641,0.8125,0.5588793158531189
7428,390,,,2018-08-04 17:01:28.175865,0.796875,0.5991362929344177
7429,391,,,2018-08-04 17:01:29.064626,0.71875,0.7586084008216858
7430,392,,,2018-08-04 17:01:29.925159,0.71875,0.8789390921592712
7431,393,,,2018-08-04 17:01:30.730150,0.6875,0.9044750928878784
7432,394,,,2018-08-04 17:01:31.614487,0.765625,0.5986691117286682
7433,395,,,2018-08-04 17:01:32.413385,0.8125,0.5205928087234497
7434,396,,,2018-08-04 17:01:33.294107,0.78125,0.6245958805084229
7435,397,,,2018-08-04 17:01:34.086392,0.75,0.7311899065971375
7436,398,,,2018-08-04 17:01:34.890042,0.765625,0.645318865776062
7437,399,,,2018-08-04 17:01:35.713486,0.796875,0.627124547958374
7438,400,0.6153,1.2381141185760498,2018-08-04 17:01:36.546375,0.765625,0.6174825429916382
7439,401,,,2018-08-04 17:02:25.183340,0.796875,0.5244665741920471
7440,402,,,2018-08-04 17:02:26.011006,0.828125,0.5655887722969055
7441,403,,,2018-08-04 17:02:26.877794,0.75,0.6824461817741394
7442,404,,,2018-08-04 17:02:27.694403,0.8125,0.5869239568710327
7443,405,,,2018-08-04 17:02:28.624045,0.765625,0.6173339486122131
7444,406,,,2018-08-04 17:02:29.481926,0.78125,0.6134987473487854
7445,407,,,2018-08-04 17:02:30.326773,0.75,0.7155028581619263
7446,408,,,2018-08-04 17:02:31.128549,0.796875,0.47614404559135437
7447,409,,,2018-08-04 17:02:31.949119,0.859375,0.43815165758132935
7448,410,,,2018-08-04 17:02:32.866791,0.703125,0.6305029988288879
7449,411,,,2018-08-04 17:02:33.645179,0.828125,0.44764161109924316
7450,412,,,2018-08-04 17:02:34.428441,0.78125,0.6383427381515503
7451,413,,,2018-08-04 17:02:35.235224,0.796875,0.5451915860176086
7452,414,,,2018-08-04 17:02:36.116610,0.75,0.7044780850410461
7453,415,,,2018-08-04 17:02:36.887125,0.8125,0.4899900257587433
7454,416,,,2018-08-04 17:02:37.705597,0.796875,0.5847094655036926
7455,417,,,2018-08-04 17:02:38.563189,0.703125,0.7971046566963196
7456,418,,,2018-08-04 17:02:39.350058,0.84375,0.5197635293006897
7457,419,,,2018-08-04 17:02:40.110378,0.875,0.4370725154876709
7458,420,0.6313,1.2208000421524048,2018-08-04 17:02:40.964789,0.796875,0.5276554226875305
7459,421,,,2018-08-04 17:03:27.535780,0.765625,0.5865122675895691
7460,422,,,2018-08-04 17:03:28.364262,0.859375,0.3685842752456665
7461,423,,,2018-08-04 17:03:29.152094,0.75,0.5268738865852356
7462,424,,,2018-08-04 17:03:30.030481,0.65625,0.8327744603157043
7463,425,,,2018-08-04 17:03:30.866443,0.734375,0.6963270306587219
7464,426,,,2018-08-04 17:03:31.725295,0.78125,0.6705935001373291
7465,427,,,2018-08-04 17:03:32.582008,0.828125,0.5478617548942566
7466,428,,,2018-08-04 17:03:33.413753,0.84375,0.4878460168838501
7467,429,,,2018-08-04 17:03:34.354200,0.8125,0.4651254415512085
7468,430,,,2018-08-04 17:03:35.169153,0.859375,0.5336175560951233
7469,431,,,2018-08-04 17:03:35.967859,0.828125,0.5513607263565063
7470,432,,,2018-08-04 17:03:36.797991,0.75,0.6562355160713196
7471,433,,,2018-08-04 17:03:37.670518,0.71875,0.7786127924919128
7472,434,,,2018-08-04 17:03:38.477335,0.765625,0.7271512150764465
7473,435,,,2018-08-04 17:03:39.300858,0.828125,0.49116015434265137
7474,436,,,2018-08-04 17:03:40.148582,0.6875,0.9240039587020874
7475,437,,,2018-08-04 17:03:40.959825,0.65625,0.8368023633956909
7476,438,,,2018-08-04 17:03:41.793477,0.78125,0.5693790316581726
7477,439,,,2018-08-04 17:03:42.610085,0.734375,0.7248992323875427
7478,440,0.6138,1.2695581912994385,2018-08-04 17:03:43.396774,0.84375,0.4899160861968994
7479,441,,,2018-08-04 17:04:30.809985,0.84375,0.46591389179229736
7480,442,,,2018-08-04 17:04:31.614001,0.796875,0.6080275774002075
7481,443,,,2018-08-04 17:04:32.440344,0.796875,0.6347556114196777
7482,444,,,2018-08-04 17:04:33.315539,0.765625,0.5418224930763245
7483,445,,,2018-08-04 17:04:34.243332,0.859375,0.42418286204338074
7484,446,,,2018-08-04 17:04:35.082450,0.796875,0.5597237348556519
7485,447,,,2018-08-04 17:04:35.858533,0.796875,0.6547136902809143
7486,448,,,2018-08-04 17:04:36.681651,0.78125,0.6568706035614014
7487,449,,,2018-08-04 17:04:37.541546,0.78125,0.5878006815910339
7488,450,,,2018-08-04 17:04:38.293737,0.84375,0.4971664845943451
7489,451,,,2018-08-04 17:04:39.150061,0.8125,0.4981450140476227
7490,452,,,2018-08-04 17:04:40.056869,0.703125,0.831415057182312
7491,453,,,2018-08-04 17:04:40.886847,0.671875,0.7174903750419617
7492,454,,,2018-08-04 17:04:41.698311,0.78125,0.6914396286010742
7493,455,,,2018-08-04 17:04:42.577173,0.765625,0.649600625038147
7494,456,,,2018-08-04 17:04:43.396113,0.703125,0.9595579504966736
7495,457,,,2018-08-04 17:04:44.190905,0.78125,0.6618108153343201
7496,458,,,2018-08-04 17:04:45.038976,0.8125,0.5604907274246216
7497,459,,,2018-08-04 17:04:45.853511,0.78125,0.5393476486206055
7498,460,0.622,1.2314276695251465,2018-08-04 17:04:46.762328,0.734375,0.7168487906455994
7499,461,,,2018-08-04 17:05:34.267454,0.859375,0.3719879388809204
7500,462,,,2018-08-04 17:05:35.044161,0.796875,0.4319177567958832
7501,463,,,2018-08-04 17:05:35.841739,0.828125,0.5498910546302795
7502,464,,,2018-08-04 17:05:36.662221,0.796875,0.5005136132240295
7503,465,,,2018-08-04 17:05:37.539267,0.84375,0.5306918621063232
7504,466,,,2018-08-04 17:05:38.394345,0.828125,0.5490618348121643
7505,467,,,2018-08-04 17:05:39.316737,0.84375,0.4580514430999756
7506,468,,,2018-08-04 17:05:40.179160,0.75,0.5549628734588623
7507,469,,,2018-08-04 17:05:40.992777,0.84375,0.5409138798713684
7508,470,,,2018-08-04 17:05:41.750558,0.71875,0.7191723585128784
7509,471,,,2018-08-04 17:05:42.581734,0.84375,0.3933993875980377
7510,472,,,2018-08-04 17:05:43.423236,0.84375,0.593799352645874
7511,473,,,2018-08-04 17:05:44.308823,0.796875,0.558830201625824
7512,474,,,2018-08-04 17:05:45.096408,0.71875,0.7222289443016052
7513,475,,,2018-08-04 17:05:45.897778,0.78125,0.4986780285835266
7514,476,,,2018-08-04 17:05:46.727975,0.78125,0.5130646824836731
7515,477,,,2018-08-04 17:05:47.508534,0.75,0.7571862936019897
7516,478,,,2018-08-04 17:05:48.348187,0.828125,0.48595550656318665
7517,479,,,2018-08-04 17:05:49.220677,0.796875,0.5137526988983154
7518,480,0.6309,1.211296796798706,2018-08-04 17:05:50.029315,0.8125,0.4308520257472992
7519,481,,,2018-08-04 17:06:36.815080,0.734375,0.7389823198318481
7520,482,,,2018-08-04 17:06:37.622043,0.859375,0.5339857339859009
7521,483,,,2018-08-04 17:06:38.441162,0.78125,0.5638630986213684
7522,484,,,2018-08-04 17:06:39.241398,0.828125,0.5303957462310791
7523,485,,,2018-08-04 17:06:40.054448,0.84375,0.49800363183021545
7524,486,,,2018-08-04 17:06:40.904956,0.78125,0.6158045530319214
7525,487,,,2018-08-04 17:06:41.752841,0.796875,0.5987938046455383
7526,488,,,2018-08-04 17:06:42.609374,0.796875,0.48670050501823425
7527,489,,,2018-08-04 17:06:43.558686,0.78125,0.46490228176116943
7528,490,,,2018-08-04 17:06:44.409259,0.828125,0.46737053990364075
7529,491,,,2018-08-04 17:06:45.264259,0.765625,0.6815797090530396
7530,492,,,2018-08-04 17:06:46.152574,0.796875,0.5653789639472961
7531,493,,,2018-08-04 17:06:47.056225,0.765625,0.7352611422538757
7532,494,,,2018-08-04 17:06:47.905104,0.6875,0.8663334250450134
7533,495,,,2018-08-04 17:06:48.790573,0.765625,0.6409285664558411
7534,496,,,2018-08-04 17:06:49.699974,0.8125,0.658379077911377
7535,497,,,2018-08-04 17:06:50.523073,0.75,0.7231680750846863
7536,498,,,2018-08-04 17:06:51.348528,0.84375,0.4323955476284027
7537,499,,,2018-08-04 17:06:52.153335,0.796875,0.6827168464660645
7538,500,0.6135,1.2439616918563843,2018-08-04 17:06:52.955754,0.78125,0.5497444272041321
7539,501,,,2018-08-04 17:07:42.144049,0.796875,0.6443418264389038
7540,502,,,2018-08-04 17:07:42.998612,0.765625,0.6046468019485474
7541,503,,,2018-08-04 17:07:43.915658,0.828125,0.5562171339988708
7542,504,,,2018-08-04 17:07:44.773091,0.78125,0.6013743281364441
7543,505,,,2018-08-04 17:07:45.631425,0.828125,0.4849545359611511
7544,506,,,2018-08-04 17:07:46.421153,0.84375,0.4030887186527252
7545,507,,,2018-08-04 17:07:47.337722,0.8125,0.5971176028251648
7546,508,,,2018-08-04 17:07:48.298945,0.765625,0.6902409195899963
7547,509,,,2018-08-04 17:07:49.266083,0.8125,0.6624832153320312
7548,510,,,2018-08-04 17:07:50.124584,0.78125,0.5782054662704468
7549,511,,,2018-08-04 17:07:51.006552,0.765625,0.5302361845970154
7550,512,,,2018-08-04 17:07:51.845111,0.859375,0.4316045045852661
7551,513,,,2018-08-04 17:07:52.754879,0.734375,0.7466245293617249
7552,514,,,2018-08-04 17:07:53.646392,0.75,0.7341228723526001
7553,515,,,2018-08-04 17:07:54.619452,0.765625,0.5367189049720764
7554,516,,,2018-08-04 17:07:55.538190,0.828125,0.4898355007171631
7555,517,,,2018-08-04 17:07:56.392972,0.828125,0.5349965691566467
7556,518,,,2018-08-04 17:07:57.233919,0.828125,0.503631055355072
7557,519,,,2018-08-04 17:07:58.103242,0.78125,0.6384120583534241
7558,520,0.6346,1.1875743865966797,2018-08-04 17:07:58.981696,0.8125,0.497606486082077
7559,521,,,2018-08-04 17:08:50.089807,0.75,0.7972274422645569
7560,522,,,2018-08-04 17:08:51.043239,0.859375,0.3800211250782013
7561,523,,,2018-08-04 17:08:51.855322,0.625,1.0176905393600464
7562,524,,,2018-08-04 17:08:52.678231,0.75,0.8003548979759216
7563,525,,,2018-08-04 17:08:53.597911,0.796875,0.5414164066314697
7564,526,,,2018-08-04 17:08:54.488966,0.828125,0.45445767045021057
7565,527,,,2018-08-04 17:08:55.402723,0.75,0.8302806615829468
7566,528,,,2018-08-04 17:08:56.263906,0.75,0.5616697669029236
7567,529,,,2018-08-04 17:08:57.152432,0.78125,0.593854546546936
7568,530,,,2018-08-04 17:08:58.072667,0.828125,0.5057650804519653
7569,531,,,2018-08-04 17:08:58.940636,0.828125,0.5282077193260193
7570,532,,,2018-08-04 17:08:59.840547,0.84375,0.4362203776836395
7571,533,,,2018-08-04 17:09:00.726688,0.703125,0.9336645603179932
7572,534,,,2018-08-04 17:09:01.542770,0.734375,0.8025270700454712
7573,535,,,2018-08-04 17:09:02.396057,0.703125,0.8575753569602966
7574,536,,,2018-08-04 17:09:03.212444,0.71875,0.8473369479179382
7575,537,,,2018-08-04 17:09:04.104912,0.84375,0.5171070694923401
7576,538,,,2018-08-04 17:09:04.971214,0.765625,0.6277235746383667
7577,539,,,2018-08-04 17:09:05.894732,0.890625,0.47736138105392456
7578,540,0.6241,1.2722814083099365,2018-08-04 17:09:06.718818,0.78125,0.5661412477493286
7579,541,,,2018-08-04 17:09:55.045518,0.765625,0.535807192325592
7580,542,,,2018-08-04 17:09:55.961575,0.75,0.644403338432312
7581,543,,,2018-08-04 17:09:56.812138,0.859375,0.4939286708831787
7582,544,,,2018-08-04 17:09:57.735044,0.703125,0.7927329540252686
7583,545,,,2018-08-04 17:09:58.603776,0.765625,0.6204071640968323
7584,546,,,2018-08-04 17:09:59.431612,0.78125,0.5876463055610657
7585,547,,,2018-08-04 17:10:00.323571,0.859375,0.4992435574531555
7586,548,,,2018-08-04 17:10:01.174929,0.6875,0.8072466254234314
7587,549,,,2018-08-04 17:10:02.101209,0.796875,0.5720676779747009
7588,550,,,2018-08-04 17:10:02.940398,0.84375,0.5134336948394775
7589,551,,,2018-08-04 17:10:03.851362,0.78125,0.6871862411499023
7590,552,,,2018-08-04 17:10:04.752685,0.8125,0.5511353015899658
7591,553,,,2018-08-04 17:10:05.596309,0.796875,0.6517147421836853
7592,554,,,2018-08-04 17:10:06.429040,0.71875,0.9012967348098755
7593,555,,,2018-08-04 17:10:07.332403,0.703125,0.8257330060005188
7594,556,,,2018-08-04 17:10:08.201976,0.84375,0.5467144250869751
7595,557,,,2018-08-04 17:10:09.036705,0.8125,0.4651174545288086
7596,558,,,2018-08-04 17:10:09.969374,0.828125,0.5417502522468567
7597,559,,,2018-08-04 17:10:10.809957,0.765625,0.7194497585296631
7598,560,0.6124,1.268485188484192,2018-08-04 17:10:11.671389,0.71875,0.6138817071914673
7599,561,,,2018-08-04 17:11:01.037306,0.765625,0.49925416707992554
7600,562,,,2018-08-04 17:11:01.871815,0.78125,0.6276105642318726
7601,563,,,2018-08-04 17:11:02.707971,0.6875,0.8270275592803955
7602,564,,,2018-08-04 17:11:03.545124,0.71875,0.8261460065841675
7603,565,,,2018-08-04 17:11:04.433757,0.734375,0.8696800470352173
7604,566,,,2018-08-04 17:11:05.344783,0.796875,0.536811113357544
7605,567,,,2018-08-04 17:11:06.242849,0.75,0.6309011578559875
7606,568,,,2018-08-04 17:11:07.096245,0.75,0.707535445690155
7607,569,,,2018-08-04 17:11:07.910392,0.6875,0.7202791571617126
7608,570,,,2018-08-04 17:11:08.792699,0.828125,0.5644081830978394
7609,571,,,2018-08-04 17:11:09.662249,0.765625,0.5980132222175598
7610,572,,,2018-08-04 17:11:10.539249,0.84375,0.4052494168281555
7611,573,,,2018-08-04 17:11:11.355166,0.71875,0.8613596558570862
7612,574,,,2018-08-04 17:11:12.220386,0.734375,0.7785853743553162
7613,575,,,2018-08-04 17:11:13.157067,0.78125,0.7189568281173706
7614,576,,,2018-08-04 17:11:14.055046,0.796875,0.638582170009613
7615,577,,,2018-08-04 17:11:14.959081,0.78125,0.5386968851089478
7616,578,,,2018-08-04 17:11:15.834803,0.734375,0.6384828090667725
7617,579,,,2018-08-04 17:11:16.629982,0.703125,0.8300313353538513
7618,580,0.6199,1.238042950630188,2018-08-04 17:11:17.502914,0.84375,0.4414964020252228
7619,581,,,2018-08-04 17:12:08.517890,0.8125,0.5421784520149231
7620,582,,,2018-08-04 17:12:09.403166,0.640625,0.8755831718444824
7621,583,,,2018-08-04 17:12:10.276358,0.765625,0.6560418605804443
7622,584,,,2018-08-04 17:12:11.166319,0.765625,0.9047718048095703
7623,585,,,2018-08-04 17:12:12.065671,0.765625,0.7496607303619385
7624,586,,,2018-08-04 17:12:12.985184,0.796875,0.5502282381057739
7625,587,,,2018-08-04 17:12:13.923581,0.6875,0.7539737820625305
7626,588,,,2018-08-04 17:12:14.785751,0.78125,0.5848073363304138
7627,589,,,2018-08-04 17:12:15.722036,0.78125,0.6778945922851562
7628,590,,,2018-08-04 17:12:16.649335,0.78125,0.5620836615562439
7629,591,,,2018-08-04 17:12:17.610197,0.828125,0.43458065390586853
7630,592,,,2018-08-04 17:12:18.517287,0.875,0.48689326643943787
7631,593,,,2018-08-04 17:12:19.420335,0.75,0.7282272577285767
7632,594,,,2018-08-04 17:12:20.288612,0.71875,0.812345027923584
7633,595,,,2018-08-04 17:12:21.144453,0.703125,0.7272391319274902
7634,596,,,2018-08-04 17:12:21.919948,0.796875,0.5720431208610535
7635,597,,,2018-08-04 17:12:22.831328,0.8125,0.5982454419136047
7636,598,,,2018-08-04 17:12:23.722872,0.671875,0.7208046913146973
7637,599,,,2018-08-04 17:12:24.535686,0.796875,0.5650014281272888
7638,600,0.6175,1.253273367881775,2018-08-04 17:12:25.424647,0.734375,0.5836365222930908
7639,601,,,2018-08-04 17:13:16.487849,0.828125,0.5186090469360352
7640,602,,,2018-08-04 17:13:17.364115,0.890625,0.4101669490337372
7641,603,,,2018-08-04 17:13:18.243394,0.75,0.7099735736846924
7642,604,,,2018-08-04 17:13:19.164757,0.78125,0.5242437124252319
7643,605,,,2018-08-04 17:13:20.032147,0.75,0.49533143639564514
7644,606,,,2018-08-04 17:13:20.886098,0.6875,0.9776007533073425
7645,607,,,2018-08-04 17:13:21.735370,0.734375,0.721720278263092
7646,608,,,2018-08-04 17:13:22.584628,0.8125,0.4926755428314209
7647,609,,,2018-08-04 17:13:23.492515,0.828125,0.5387614369392395
7648,610,,,2018-08-04 17:13:24.279707,0.765625,0.6946146488189697
7649,611,,,2018-08-04 17:13:25.187825,0.78125,0.5606498122215271
7650,612,,,2018-08-04 17:13:26.074508,0.75,0.6713570952415466
7651,613,,,2018-08-04 17:13:26.911757,0.765625,0.6259568929672241
7652,614,,,2018-08-04 17:13:27.747173,0.546875,1.1087219715118408
7653,615,,,2018-08-04 17:13:28.635750,0.75,0.6247127652168274
7654,616,,,2018-08-04 17:13:29.506471,0.640625,0.9960287809371948
7655,617,,,2018-08-04 17:13:30.348561,0.734375,0.8791271448135376
7656,618,,,2018-08-04 17:13:31.219589,0.671875,0.7506017684936523
7657,619,,,2018-08-04 17:13:31.952761,0.71875,0.8157348036766052
7658,620,0.6053,1.2953981161117554,2018-08-04 17:13:32.805296,0.734375,0.7109947204589844
7659,621,,,2018-08-04 17:14:22.466901,0.78125,0.5899187922477722
7660,622,,,2018-08-04 17:14:23.391341,0.84375,0.37778767943382263
7661,623,,,2018-08-04 17:14:24.300547,0.8125,0.5363302230834961
7662,624,,,2018-08-04 17:14:25.203057,0.859375,0.43088191747665405
7663,625,,,2018-08-04 17:14:26.086296,0.78125,0.5521746277809143
7664,626,,,2018-08-04 17:14:26.861034,0.75,0.5672152042388916
7665,627,,,2018-08-04 17:14:27.720895,0.734375,0.632010281085968
7666,628,,,2018-08-04 17:14:28.631558,0.84375,0.4496444761753082
7667,629,,,2018-08-04 17:14:29.600652,0.796875,0.716939389705658
7668,630,,,2018-08-04 17:14:30.505721,0.75,0.6023492217063904
7669,631,,,2018-08-04 17:14:31.445557,0.828125,0.46718260645866394
7670,632,,,2018-08-04 17:14:32.378793,0.828125,0.537164568901062
7671,633,,,2018-08-04 17:14:33.288985,0.78125,0.6896992921829224
7672,634,,,2018-08-04 17:14:34.169264,0.734375,0.9274624586105347
7673,635,,,2018-08-04 17:14:35.056723,0.734375,0.8390287756919861
7674,636,,,2018-08-04 17:14:35.961498,0.796875,0.6715409159660339
7675,637,,,2018-08-04 17:14:36.814484,0.75,0.5934653282165527
7676,638,,,2018-08-04 17:14:37.702427,0.828125,0.5318544507026672
7677,639,,,2018-08-04 17:14:38.651317,0.75,0.7219088077545166
7678,640,0.6161,1.2562659978866577,2018-08-04 17:14:39.591666,0.859375,0.5036617517471313
7679,641,,,2018-08-04 17:15:30.443130,0.765625,0.628400981426239
7680,642,,,2018-08-04 17:15:31.367720,0.734375,0.7007976174354553
7681,643,,,2018-08-04 17:15:32.253219,0.75,0.7278546094894409
7682,644,,,2018-08-04 17:15:33.079560,0.734375,0.7558325529098511
7683,645,,,2018-08-04 17:15:33.922805,0.71875,0.6539896726608276
7684,646,,,2018-08-04 17:15:34.856557,0.765625,0.5731023550033569
7685,647,,,2018-08-04 17:15:35.800165,0.734375,0.6050084829330444
7686,648,,,2018-08-04 17:15:36.729679,0.71875,0.8202095031738281
7687,649,,,2018-08-04 17:15:37.659550,0.796875,0.6095877289772034
7688,650,,,2018-08-04 17:15:38.585879,0.734375,0.6443139910697937
7689,651,,,2018-08-04 17:15:39.493920,0.78125,0.5864269733428955
7690,652,,,2018-08-04 17:15:40.408465,0.765625,0.723564624786377
7691,653,,,2018-08-04 17:15:41.292735,0.734375,0.7516242861747742
7692,654,,,2018-08-04 17:15:42.153155,0.78125,0.5101779103279114
7693,655,,,2018-08-04 17:15:43.072218,0.765625,0.738728404045105
7694,656,,,2018-08-04 17:15:43.994406,0.65625,0.775030791759491
7695,657,,,2018-08-04 17:15:44.871636,0.734375,0.7545356750488281
7696,658,,,2018-08-04 17:15:45.820195,0.65625,0.7975248098373413
7697,659,,,2018-08-04 17:15:46.722000,0.75,0.7239439487457275
7698,660,0.6022,1.276834487915039,2018-08-04 17:15:47.655160,0.796875,0.4772034287452698
7699,661,,,2018-08-04 17:16:38.505157,0.75,0.610644519329071
7700,662,,,2018-08-04 17:16:39.433571,0.71875,0.7286931872367859
7701,663,,,2018-08-04 17:16:40.368374,0.703125,0.8095143437385559
7702,664,,,2018-08-04 17:16:41.266751,0.796875,0.5021175742149353
7703,665,,,2018-08-04 17:16:42.151403,0.859375,0.48291805386543274
7704,666,,,2018-08-04 17:16:43.003093,0.78125,0.5214134454727173
7705,667,,,2018-08-04 17:16:43.891572,0.734375,0.7503634691238403
7706,668,,,2018-08-04 17:16:44.783561,0.6875,0.7417891621589661
7707,669,,,2018-08-04 17:16:45.640894,0.765625,0.6724908351898193
7708,670,,,2018-08-04 17:16:46.490611,0.6875,0.8486053347587585
7709,671,,,2018-08-04 17:16:47.368388,0.75,0.7252556085586548
7710,672,,,2018-08-04 17:16:48.312590,0.734375,0.7269455194473267
7711,673,,,2018-08-04 17:16:49.271994,0.796875,0.6771424412727356
7712,674,,,2018-08-04 17:16:50.196516,0.6875,0.8111854791641235
7713,675,,,2018-08-04 17:16:51.145647,0.703125,0.6863184571266174
7714,676,,,2018-08-04 17:16:52.011574,0.78125,0.5860199928283691
7715,677,,,2018-08-04 17:16:52.957830,0.8125,0.5624478459358215
7716,678,,,2018-08-04 17:16:53.880162,0.734375,0.6739783883094788
7717,679,,,2018-08-04 17:16:54.741571,0.734375,0.7270504832267761
7718,680,0.6024,1.3044859170913696,2018-08-04 17:16:55.635427,0.703125,0.7421166300773621
7719,681,,,2018-08-04 17:17:47.463853,0.796875,0.5331373810768127
7720,682,,,2018-08-04 17:17:48.389773,0.796875,0.5929290056228638
7721,683,,,2018-08-04 17:17:49.309235,0.84375,0.4612271785736084
7722,684,,,2018-08-04 17:17:50.271785,0.734375,0.789300799369812
7723,685,,,2018-08-04 17:17:51.162061,0.765625,0.6598935127258301
7724,686,,,2018-08-04 17:17:51.992991,0.75,0.6180582046508789
7725,687,,,2018-08-04 17:17:52.915958,0.71875,0.6851889491081238
7726,688,,,2018-08-04 17:17:53.737415,0.796875,0.5780648589134216
7727,689,,,2018-08-04 17:17:54.591197,0.734375,0.695054829120636
7728,690,,,2018-08-04 17:17:55.534855,0.78125,0.5963003039360046
7729,691,,,2018-08-04 17:17:56.364825,0.828125,0.4799627661705017
7730,692,,,2018-08-04 17:17:57.185932,0.84375,0.5421633124351501
7731,693,,,2018-08-04 17:17:58.074770,0.671875,0.8299201130867004
7732,694,,,2018-08-04 17:17:59.019269,0.8125,0.6334853768348694
7733,695,,,2018-08-04 17:17:59.928815,0.71875,0.797311544418335
7734,696,,,2018-08-04 17:18:00.820323,0.71875,0.8788483738899231
7735,697,,,2018-08-04 17:18:01.686607,0.734375,0.7835295796394348
7736,698,,,2018-08-04 17:18:02.632440,0.71875,0.7442703247070312
7737,699,,,2018-08-04 17:18:03.564368,0.75,0.6726668477058411
7738,700,0.6122,1.272215485572815,2018-08-04 17:18:04.427740,0.796875,0.44747963547706604
7739,701,,,2018-08-04 17:18:54.992463,0.796875,0.5517801642417908
7740,702,,,2018-08-04 17:18:55.880107,0.828125,0.5071601271629333
7741,703,,,2018-08-04 17:18:56.799304,0.78125,0.6125293970108032
7742,704,,,2018-08-04 17:18:57.743187,0.796875,0.654045820236206
7743,705,,,2018-08-04 17:18:58.703911,0.78125,0.5482842922210693
7744,706,,,2018-08-04 17:18:59.542516,0.765625,0.7080493569374084
7745,707,,,2018-08-04 17:19:00.413621,0.75,0.6174926161766052
7746,708,,,2018-08-04 17:19:01.330777,0.8125,0.5907523036003113
7747,709,,,2018-08-04 17:19:02.182115,0.703125,0.7133345007896423
7748,710,,,2018-08-04 17:19:03.104832,0.671875,0.6907589435577393
7749,711,,,2018-08-04 17:19:03.990531,0.78125,0.5958797931671143
7750,712,,,2018-08-04 17:19:04.942934,0.84375,0.4014028310775757
7751,713,,,2018-08-04 17:19:05.880283,0.828125,0.4894089996814728
7752,714,,,2018-08-04 17:19:06.762476,0.71875,0.7742835879325867
7753,715,,,2018-08-04 17:19:07.640111,0.703125,0.7072823643684387
7754,716,,,2018-08-04 17:19:08.551709,0.671875,0.9001761078834534
7755,717,,,2018-08-04 17:19:09.502001,0.71875,0.6686046123504639
7756,718,,,2018-08-04 17:19:10.411757,0.765625,0.5901843309402466
7757,719,,,2018-08-04 17:19:11.327674,0.6875,0.7304164171218872
7758,720,0.6081,1.2686280012130737,2018-08-04 17:19:12.210377,0.71875,0.7252508401870728
7759,721,,,2018-08-04 17:20:04.131951,0.734375,0.7223989367485046
7760,722,,,2018-08-04 17:20:05.092348,0.671875,0.6592223644256592
7761,723,,,2018-08-04 17:20:05.994579,0.765625,0.7161630392074585
7762,724,,,2018-08-04 17:20:06.848595,0.796875,0.6402503848075867
7763,725,,,2018-08-04 17:20:07.789499,0.734375,0.6968263983726501
7764,726,,,2018-08-04 17:20:08.687654,0.78125,0.6253979206085205
7765,727,,,2018-08-04 17:20:09.538777,0.703125,0.6991372108459473
7766,728,,,2018-08-04 17:20:10.421633,0.671875,0.8344256281852722
7767,729,,,2018-08-04 17:20:11.326989,0.703125,0.6196273565292358
7768,730,,,2018-08-04 17:20:12.180360,0.703125,0.7457230091094971
7769,731,,,2018-08-04 17:20:12.983055,0.78125,0.6001275777816772
7770,732,,,2018-08-04 17:20:13.851942,0.765625,0.5122091174125671
7771,733,,,2018-08-04 17:20:14.741669,0.6875,0.9529902935028076
7772,734,,,2018-08-04 17:20:15.642430,0.59375,1.17424476146698
7773,735,,,2018-08-04 17:20:16.540747,0.75,0.624844491481781
7774,736,,,2018-08-04 17:20:17.442501,0.75,0.5096339583396912
7775,737,,,2018-08-04 17:20:18.355251,0.75,0.5849260091781616
7776,738,,,2018-08-04 17:20:19.243533,0.765625,0.6357769966125488
7777,739,,,2018-08-04 17:20:20.127829,0.78125,0.5294679403305054
7778,740,0.6063,1.2688184976577759,2018-08-04 17:20:21.017656,0.71875,0.6468999981880188
7779,741,,,2018-08-04 17:21:11.332178,0.828125,0.4948144257068634
7780,742,,,2018-08-04 17:21:12.324755,0.890625,0.363730788230896
7781,743,,,2018-08-04 17:21:13.316921,0.8125,0.5190408229827881
7782,744,,,2018-08-04 17:21:14.301070,0.8125,0.4838583469390869
7783,745,,,2018-08-04 17:21:15.174109,0.8125,0.4783504009246826
7784,746,,,2018-08-04 17:21:16.120124,0.71875,0.6042689681053162
7785,747,,,2018-08-04 17:21:16.969734,0.796875,0.5583047866821289
7786,748,,,2018-08-04 17:21:17.874014,0.8125,0.661156415939331
7787,749,,,2018-08-04 17:21:18.740398,0.765625,0.5557441115379333
7788,750,,,2018-08-04 17:21:19.638668,0.765625,0.6425053477287292
7789,751,,,2018-08-04 17:21:20.548709,0.78125,0.7742769718170166
7790,752,,,2018-08-04 17:21:21.401645,0.8125,0.537537157535553
7791,753,,,2018-08-04 17:21:22.318100,0.765625,0.5842024683952332
7792,754,,,2018-08-04 17:21:23.315418,0.796875,0.5980156064033508
7793,755,,,2018-08-04 17:21:24.314825,0.796875,0.6035106778144836
7794,756,,,2018-08-04 17:21:25.257730,0.734375,0.7660871744155884
7795,757,,,2018-08-04 17:21:26.184249,0.75,0.6232414841651917
7796,758,,,2018-08-04 17:21:27.074032,0.8125,0.6214564442634583
7797,759,,,2018-08-04 17:21:27.901868,0.828125,0.45778191089630127
7798,760,0.6146,1.2758890390396118,2018-08-04 17:21:28.790581,0.765625,0.6266201138496399
7799,761,,,2018-08-04 17:22:22.058748,0.6875,0.7087021470069885
7800,762,,,2018-08-04 17:22:22.997618,0.75,0.5588390827178955
7801,763,,,2018-08-04 17:22:23.939510,0.8125,0.6082884073257446
7802,764,,,2018-08-04 17:22:24.924050,0.796875,0.5469906330108643
7803,765,,,2018-08-04 17:22:25.837419,0.765625,0.6205692887306213
7804,766,,,2018-08-04 17:22:26.749766,0.765625,0.6162693500518799
7805,767,,,2018-08-04 17:22:27.651738,0.703125,0.7665531635284424
7806,768,,,2018-08-04 17:22:28.565012,0.734375,0.6165089011192322
7807,769,,,2018-08-04 17:22:29.523624,0.84375,0.5297102332115173
7808,770,,,2018-08-04 17:22:30.416951,0.875,0.41400644183158875
7809,771,,,2018-08-04 17:22:31.296440,0.859375,0.4988768398761749
7810,772,,,2018-08-04 17:22:32.216485,0.765625,0.7724865078926086
7811,773,,,2018-08-04 17:22:33.140452,0.71875,0.674208402633667
7812,774,,,2018-08-04 17:22:34.092483,0.6875,0.7482963800430298
7813,775,,,2018-08-04 17:22:34.941369,0.6875,0.7543517351150513
7814,776,,,2018-08-04 17:22:35.859212,0.828125,0.6345176100730896
7815,777,,,2018-08-04 17:22:36.759478,0.828125,0.5133103132247925
7816,778,,,2018-08-04 17:22:37.667964,0.78125,0.6542216539382935
7817,779,,,2018-08-04 17:22:38.587017,0.84375,0.53388512134552
7818,780,0.607,1.2702059745788574,2018-08-04 17:22:39.510993,0.671875,0.8255982995033264
7819,781,,,2018-08-04 17:23:32.599003,0.625,0.8257958292961121
7820,0,,,2018-08-04 17:24:21.872943,0.734375,0.6477053165435791
7821,1,,,2018-08-04 17:24:22.822630,0.640625,0.8176227807998657
7822,2,,,2018-08-04 17:24:23.797920,0.796875,0.46936196088790894
7823,3,,,2018-08-04 17:24:24.716192,0.828125,0.4244289994239807
7824,4,,,2018-08-04 17:24:25.623506,0.734375,0.6804739832878113
7825,5,,,2018-08-04 17:24:26.493887,0.828125,0.42586323618888855
7826,6,,,2018-08-04 17:24:27.397885,0.796875,0.5276601314544678
7827,7,,,2018-08-04 17:24:28.289020,0.75,0.5846155285835266
7828,8,,,2018-08-04 17:24:29.121419,0.8125,0.6428912878036499
7829,9,,,2018-08-04 17:24:30.035638,0.796875,0.5286068916320801
7830,10,,,2018-08-04 17:24:30.975574,0.84375,0.413560688495636
7831,11,,,2018-08-04 17:24:31.825581,0.734375,0.6142180562019348
7832,12,,,2018-08-04 17:24:32.724313,0.796875,0.6033137440681458
7833,13,,,2018-08-04 17:24:33.518624,0.734375,0.6838801503181458
7834,14,,,2018-08-04 17:24:34.339191,0.875,0.42153605818748474
7835,15,,,2018-08-04 17:24:35.159264,0.71875,0.7812392115592957
7836,16,,,2018-08-04 17:24:35.975732,0.71875,0.7122952342033386
7837,17,,,2018-08-04 17:24:36.795765,0.71875,0.6543806195259094
7838,18,,,2018-08-04 17:24:37.700795,0.859375,0.40454134345054626
7839,19,,,2018-08-04 17:24:38.603164,0.78125,0.6418464183807373
7840,20,0.6186,1.2404688596725464,2018-08-04 17:24:39.416478,0.828125,0.4641190469264984
7841,21,,,2018-08-04 17:25:28.552264,0.828125,0.45704385638237
7842,22,,,2018-08-04 17:25:29.362645,0.671875,0.8210066556930542
7843,23,,,2018-08-04 17:25:30.226932,0.8125,0.5295224785804749
7844,24,,,2018-08-04 17:25:31.079893,0.78125,0.5501746535301208
7845,25,,,2018-08-04 17:25:31.912887,0.765625,0.5761383771896362
7846,26,,,2018-08-04 17:25:32.802532,0.765625,0.5875301957130432
7847,27,,,2018-08-04 17:25:33.700280,0.78125,0.5419003367424011
7848,28,,,2018-08-04 17:25:34.583117,0.71875,0.6607756018638611
7849,29,,,2018-08-04 17:25:35.453778,0.84375,0.4641117453575134
7850,30,,,2018-08-04 17:25:36.374608,0.828125,0.3807154595851898
7851,31,,,2018-08-04 17:25:37.194931,0.796875,0.5128655433654785
7852,32,,,2018-08-04 17:25:38.059675,0.796875,0.601786196231842
7853,33,,,2018-08-04 17:25:38.916642,0.828125,0.4416749179363251
7854,34,,,2018-08-04 17:25:39.857554,0.859375,0.46793875098228455
7855,35,,,2018-08-04 17:25:40.783059,0.765625,0.49767035245895386
7856,36,,,2018-08-04 17:25:41.597060,0.921875,0.3270525634288788
7857,37,,,2018-08-04 17:25:42.458060,0.90625,0.29516327381134033
7858,38,,,2018-08-04 17:25:43.365147,0.859375,0.3972974717617035
7859,39,,,2018-08-04 17:25:44.287479,0.84375,0.4110264778137207
7860,40,0.6432,1.1198667287826538,2018-08-04 17:25:45.147878,0.859375,0.4646628797054291
7861,41,,,2018-08-04 17:26:33.495517,0.75,0.6310580968856812
7862,42,,,2018-08-04 17:26:34.399784,0.84375,0.4529227614402771
7863,43,,,2018-08-04 17:26:35.283853,0.828125,0.3508411943912506
7864,44,,,2018-08-04 17:26:36.207014,0.859375,0.46756577491760254
7865,45,,,2018-08-04 17:26:36.992180,0.859375,0.5008547306060791
7866,46,,,2018-08-04 17:26:37.803796,0.890625,0.312094122171402
7867,47,,,2018-08-04 17:26:38.677783,0.84375,0.4766184091567993
7868,48,,,2018-08-04 17:26:39.577152,0.75,0.6404902338981628
7869,49,,,2018-08-04 17:26:40.515453,0.8125,0.5171960592269897
7870,50,,,2018-08-04 17:26:41.328271,0.875,0.38137221336364746
7871,51,,,2018-08-04 17:26:42.174439,0.8125,0.4582594931125641
7872,52,,,2018-08-04 17:26:43.035906,0.90625,0.3398459255695343
7873,53,,,2018-08-04 17:26:43.926091,0.71875,0.6737290024757385
7874,54,,,2018-08-04 17:26:44.838903,0.734375,0.6284195184707642
7875,55,,,2018-08-04 17:26:45.775349,0.84375,0.5183626413345337
7876,56,,,2018-08-04 17:26:46.588103,0.8125,0.4931524693965912
7877,57,,,2018-08-04 17:26:47.464095,0.921875,0.24427366256713867
7878,58,,,2018-08-04 17:26:48.401620,0.84375,0.5117545127868652
7879,59,,,2018-08-04 17:26:49.292692,0.84375,0.477687269449234
7880,60,0.6231,1.2188642024993896,2018-08-04 17:26:50.241618,0.84375,0.3689920902252197
7881,61,,,2018-08-04 17:27:38.848469,0.859375,0.3539904057979584
7882,62,,,2018-08-04 17:27:39.738276,0.796875,0.4841701090335846
7883,63,,,2018-08-04 17:27:40.630790,0.8125,0.5907773375511169
7884,64,,,2018-08-04 17:27:41.515311,0.75,0.6778658628463745
7885,65,,,2018-08-04 17:27:42.370233,0.75,0.6354114413261414
7886,66,,,2018-08-04 17:27:43.252945,0.890625,0.47257232666015625
7887,67,,,2018-08-04 17:27:44.193543,0.796875,0.4689345061779022
7888,68,,,2018-08-04 17:27:45.033889,0.890625,0.3667638599872589
7889,69,,,2018-08-04 17:27:45.885369,0.890625,0.46038806438446045
7890,70,,,2018-08-04 17:27:46.758887,0.828125,0.4612307548522949
7891,71,,,2018-08-04 17:27:47.669701,0.859375,0.5510541200637817
7892,72,,,2018-08-04 17:27:48.616038,0.90625,0.29715412855148315
7893,73,,,2018-08-04 17:27:49.496753,0.859375,0.4205471873283386
7894,74,,,2018-08-04 17:27:50.358140,0.921875,0.3831581771373749
7895,75,,,2018-08-04 17:27:51.315605,0.859375,0.377783864736557
7896,76,,,2018-08-04 17:27:52.220680,0.890625,0.37967708706855774
7897,77,,,2018-08-04 17:27:53.110407,0.90625,0.27397528290748596
7898,78,,,2018-08-04 17:27:53.990546,0.859375,0.5072962641716003
7899,79,,,2018-08-04 17:27:54.873999,0.828125,0.5419618487358093
7900,80,0.6568,1.0974290370941162,2018-08-04 17:27:55.761433,0.890625,0.39021986722946167
7901,81,,,2018-08-04 17:28:47.253559,0.875,0.35391873121261597
7902,82,,,2018-08-04 17:28:48.189954,0.828125,0.4157761037349701
7903,83,,,2018-08-04 17:28:49.148651,0.875,0.3295072615146637
7904,84,,,2018-08-04 17:28:50.074362,0.921875,0.2235158383846283
7905,85,,,2018-08-04 17:28:51.025409,0.921875,0.24369466304779053
7906,86,,,2018-08-04 17:28:51.903615,0.921875,0.3422096371650696
7907,87,,,2018-08-04 17:28:52.765927,0.796875,0.6017749309539795
7908,88,,,2018-08-04 17:28:53.628196,0.859375,0.4011203348636627
7909,89,,,2018-08-04 17:28:54.492229,0.890625,0.43060576915740967
7910,90,,,2018-08-04 17:28:55.470891,0.875,0.28865861892700195
7911,91,,,2018-08-04 17:28:56.444683,0.890625,0.3668467700481415
7912,92,,,2018-08-04 17:28:57.288077,0.875,0.4207074046134949
7913,93,,,2018-08-04 17:28:58.139887,0.859375,0.40231844782829285
7914,94,,,2018-08-04 17:28:59.027568,0.78125,0.5260809063911438
7915,95,,,2018-08-04 17:28:59.893989,0.90625,0.3042448163032532
7916,96,,,2018-08-04 17:29:00.787908,0.828125,0.46282196044921875
7917,97,,,2018-08-04 17:29:01.662683,0.8125,0.49643686413764954
7918,98,,,2018-08-04 17:29:02.539463,0.84375,0.4399387538433075
7919,99,,,2018-08-04 17:29:03.460820,0.828125,0.4082668125629425
7920,100,0.6571,1.096242070198059,2018-08-04 17:29:04.337944,0.796875,0.5707395076751709
7921,101,,,2018-08-04 17:29:55.612548,0.9375,0.3139924705028534
7922,102,,,2018-08-04 17:29:56.483229,0.921875,0.27270007133483887
7923,103,,,2018-08-04 17:29:57.380871,0.796875,0.48907482624053955
7924,104,,,2018-08-04 17:29:58.303969,0.90625,0.42069539427757263
7925,105,,,2018-08-04 17:29:59.175759,0.921875,0.24379917979240417
7926,106,,,2018-08-04 17:30:00.050178,0.859375,0.4192791283130646
7927,107,,,2018-08-04 17:30:00.898153,0.796875,0.5450711250305176
7928,108,,,2018-08-04 17:30:01.746817,0.859375,0.4921320676803589
7929,109,,,2018-08-04 17:30:02.579559,0.921875,0.19014956057071686
7930,110,,,2018-08-04 17:30:03.576572,0.921875,0.33176660537719727
7931,111,,,2018-08-04 17:30:04.501459,0.890625,0.41183313727378845
7932,112,,,2018-08-04 17:30:05.375690,0.921875,0.23594708740711212
7933,113,,,2018-08-04 17:30:06.286903,0.828125,0.43656861782073975
7934,114,,,2018-08-04 17:30:07.220948,0.84375,0.35036879777908325
7935,115,,,2018-08-04 17:30:08.153430,0.90625,0.38346320390701294
7936,116,,,2018-08-04 17:30:09.092967,0.796875,0.5447810888290405
7937,117,,,2018-08-04 17:30:10.014480,0.9375,0.37793105840682983
7938,118,,,2018-08-04 17:30:10.880737,0.859375,0.4141210913658142
7939,119,,,2018-08-04 17:30:11.768114,0.859375,0.34823790192604065
7940,120,0.6604,1.0956602096557617,2018-08-04 17:30:12.593518,0.890625,0.3049779236316681
7941,121,,,2018-08-04 17:31:03.693035,0.765625,0.46793678402900696
7942,122,,,2018-08-04 17:31:04.640328,0.859375,0.461880087852478
7943,123,,,2018-08-04 17:31:05.522974,0.859375,0.35051900148391724
7944,124,,,2018-08-04 17:31:06.389348,0.859375,0.33680397272109985
7945,125,,,2018-08-04 17:31:07.256200,0.890625,0.47773435711860657
7946,126,,,2018-08-04 17:31:08.162876,0.90625,0.2885796129703522
7947,127,,,2018-08-04 17:31:09.006023,0.890625,0.2784271836280823
7948,128,,,2018-08-04 17:31:09.872777,0.890625,0.3623122274875641
7949,129,,,2018-08-04 17:31:10.725332,0.84375,0.34307733178138733
7950,130,,,2018-08-04 17:31:11.653079,0.859375,0.4931487739086151
7951,131,,,2018-08-04 17:31:12.493885,0.84375,0.4173688292503357
7952,132,,,2018-08-04 17:31:13.338929,0.90625,0.3484112024307251
7953,133,,,2018-08-04 17:31:14.233683,0.875,0.41062992811203003
7954,134,,,2018-08-04 17:31:15.113337,0.90625,0.3111836314201355
7955,135,,,2018-08-04 17:31:15.958862,0.890625,0.3717544972896576
7956,136,,,2018-08-04 17:31:16.844167,0.765625,0.5625889301300049
7957,137,,,2018-08-04 17:31:17.712805,0.9375,0.2815268933773041
7958,138,,,2018-08-04 17:31:18.541583,0.828125,0.45444267988204956
7959,139,,,2018-08-04 17:31:19.409255,0.90625,0.3730420470237732
7960,140,0.6605,1.0939384698867798,2018-08-04 17:31:20.346852,0.921875,0.24270188808441162
7961,141,,,2018-08-04 17:32:12.434335,0.90625,0.2544272840023041
7962,142,,,2018-08-04 17:32:13.322748,0.875,0.36459553241729736
7963,143,,,2018-08-04 17:32:14.209244,0.859375,0.43300917744636536
7964,144,,,2018-08-04 17:32:15.061165,0.890625,0.4219232499599457
7965,145,,,2018-08-04 17:32:15.915843,0.875,0.3269180655479431
7966,146,,,2018-08-04 17:32:16.810665,0.90625,0.2570165693759918
7967,147,,,2018-08-04 17:32:17.716349,0.84375,0.37798407673835754
7968,148,,,2018-08-04 17:32:18.590051,0.84375,0.3780567944049835
7969,149,,,2018-08-04 17:32:19.503527,0.78125,0.49508121609687805
7970,150,,,2018-08-04 17:32:20.408503,0.921875,0.21576634049415588
7971,151,,,2018-08-04 17:32:21.357704,0.890625,0.34218865633010864
7972,152,,,2018-08-04 17:32:22.283393,0.828125,0.37779879570007324
7973,153,,,2018-08-04 17:32:23.250737,0.890625,0.3204313814640045
7974,154,,,2018-08-04 17:32:24.088238,0.84375,0.33252543210983276
7975,155,,,2018-08-04 17:32:24.971584,0.921875,0.280925989151001
7976,156,,,2018-08-04 17:32:25.895421,0.90625,0.30214038491249084
7977,157,,,2018-08-04 17:32:26.756828,0.875,0.3812245726585388
7978,158,,,2018-08-04 17:32:27.650133,0.90625,0.2654522657394409
7979,159,,,2018-08-04 17:32:28.542945,0.90625,0.3753042221069336
7980,160,0.6611,1.102125883102417,2018-08-04 17:32:29.452277,0.9375,0.30765724182128906
7981,161,,,2018-08-04 17:33:20.101725,0.8125,0.4321942925453186
7982,162,,,2018-08-04 17:33:21.096958,0.9375,0.2580668330192566
7983,163,,,2018-08-04 17:33:21.995269,0.859375,0.37571871280670166
7984,164,,,2018-08-04 17:33:22.822032,0.890625,0.32748156785964966
7985,165,,,2018-08-04 17:33:23.722621,0.90625,0.2482810765504837
7986,166,,,2018-08-04 17:33:24.643885,0.890625,0.3154398500919342
7987,167,,,2018-08-04 17:33:25.560246,0.921875,0.3236929476261139
7988,168,,,2018-08-04 17:33:26.380830,0.828125,0.4862530827522278
7989,169,,,2018-08-04 17:33:27.256019,0.890625,0.2307538390159607
7990,170,,,2018-08-04 17:33:28.095250,0.875,0.3653360903263092
7991,171,,,2018-08-04 17:33:29.003181,0.921875,0.2735898792743683
7992,172,,,2018-08-04 17:33:29.905695,0.875,0.3140949010848999
7993,173,,,2018-08-04 17:33:30.780162,0.9375,0.22860479354858398
7994,174,,,2018-08-04 17:33:31.617705,0.84375,0.48060184717178345
7995,175,,,2018-08-04 17:33:32.455506,0.859375,0.3624310791492462
7996,176,,,2018-08-04 17:33:33.332157,0.9375,0.23739951848983765
7997,177,,,2018-08-04 17:33:34.227316,0.859375,0.35046231746673584
7998,178,,,2018-08-04 17:33:35.110867,0.828125,0.4626413583755493
7999,179,,,2018-08-04 17:33:36.016531,0.890625,0.2877361476421356
8000,180,0.663,1.1102066040039062,2018-08-04 17:33:36.916079,0.90625,0.3641555607318878
8001,181,,,2018-08-04 17:34:26.777636,0.90625,0.37742242217063904
8002,182,,,2018-08-04 17:34:27.665297,0.921875,0.23811733722686768
8003,183,,,2018-08-04 17:34:28.572606,0.859375,0.39892637729644775
8004,184,,,2018-08-04 17:34:29.445376,0.90625,0.29838696122169495
8005,185,,,2018-08-04 17:34:30.408497,0.84375,0.43864843249320984
8006,186,,,2018-08-04 17:34:31.377241,0.921875,0.30141133069992065
8007,187,,,2018-08-04 17:34:32.260034,0.90625,0.3010895848274231
8008,188,,,2018-08-04 17:34:33.126907,0.859375,0.3441460430622101
8009,189,,,2018-08-04 17:34:34.040529,0.875,0.31206193566322327
8010,190,,,2018-08-04 17:34:34.973758,0.921875,0.2621029317378998
8011,191,,,2018-08-04 17:34:35.868798,0.875,0.3904145658016205
8012,192,,,2018-08-04 17:34:36.816482,0.859375,0.4597637355327606
8013,193,,,2018-08-04 17:34:37.735941,0.953125,0.24388986825942993
8014,194,,,2018-08-04 17:34:38.643501,0.953125,0.2198333740234375
8015,195,,,2018-08-04 17:34:39.579247,0.890625,0.3264373242855072
8016,196,,,2018-08-04 17:34:40.552369,0.828125,0.4749230742454529
8017,197,,,2018-08-04 17:34:41.489252,0.875,0.3182965815067291
8018,198,,,2018-08-04 17:34:42.425268,0.859375,0.3967144191265106
8019,199,,,2018-08-04 17:34:43.321414,0.890625,0.2729920744895935
8020,200,0.6622,1.1132242679595947,2018-08-04 17:34:44.147656,0.84375,0.37987086176872253
8021,201,,,2018-08-04 17:35:35.150099,0.859375,0.42468294501304626
8022,202,,,2018-08-04 17:35:35.994998,0.890625,0.3730156421661377
8023,203,,,2018-08-04 17:35:36.903618,0.890625,0.26692327857017517
8024,204,,,2018-08-04 17:35:37.717616,0.890625,0.30121758580207825
8025,205,,,2018-08-04 17:35:38.651313,0.9375,0.21149733662605286
8026,206,,,2018-08-04 17:35:39.600548,0.890625,0.3071512281894684
8027,207,,,2018-08-04 17:35:40.508965,0.859375,0.42437979578971863
8028,208,,,2018-08-04 17:35:41.351751,0.875,0.3399902880191803
8029,209,,,2018-08-04 17:35:42.249178,0.921875,0.33488622307777405
8030,210,,,2018-08-04 17:35:43.209615,0.9375,0.2885546386241913
8031,211,,,2018-08-04 17:35:44.096861,0.796875,0.48311322927474976
8032,212,,,2018-08-04 17:35:44.989546,0.859375,0.3904320299625397
8033,213,,,2018-08-04 17:35:45.947606,0.90625,0.24846260249614716
8034,214,,,2018-08-04 17:35:46.869645,0.890625,0.3104976415634155
8035,215,,,2018-08-04 17:35:47.730030,0.90625,0.2938759922981262
8036,216,,,2018-08-04 17:35:48.587902,0.875,0.44635868072509766
8037,217,,,2018-08-04 17:35:49.478400,0.859375,0.4057883024215698
8038,218,,,2018-08-04 17:35:50.445151,0.828125,0.35815346240997314
8039,219,,,2018-08-04 17:35:51.316836,0.875,0.26935967803001404
8040,220,0.6635,1.116170883178711,2018-08-04 17:35:52.184332,0.953125,0.24847109615802765
8041,221,,,2018-08-04 17:36:43.235727,0.90625,0.2647578716278076
8042,222,,,2018-08-04 17:36:44.020591,0.921875,0.3495698571205139
8043,223,,,2018-08-04 17:36:44.847042,0.921875,0.28207746148109436
8044,224,,,2018-08-04 17:36:45.772406,0.90625,0.3698813319206238
8045,225,,,2018-08-04 17:36:46.669537,0.953125,0.23504817485809326
8046,226,,,2018-08-04 17:36:47.499683,0.890625,0.26530641317367554
8047,227,,,2018-08-04 17:36:48.399384,0.953125,0.1508285403251648
8048,228,,,2018-08-04 17:36:49.253632,0.875,0.32553040981292725
8049,229,,,2018-08-04 17:36:50.186234,0.953125,0.1913539618253708
8050,230,,,2018-08-04 17:36:51.074434,0.90625,0.303547739982605
8051,231,,,2018-08-04 17:36:51.988056,0.90625,0.24444341659545898
8052,232,,,2018-08-04 17:36:52.807992,0.96875,0.1684301197528839
8053,233,,,2018-08-04 17:36:53.658241,0.921875,0.30662617087364197
8054,234,,,2018-08-04 17:36:54.439622,0.9375,0.24336233735084534
8055,235,,,2018-08-04 17:36:55.249844,0.890625,0.2682183086872101
8056,236,,,2018-08-04 17:36:56.045940,0.859375,0.423164963722229
8057,237,,,2018-08-04 17:36:56.837562,0.890625,0.3964872360229492
8058,238,,,2018-08-04 17:36:57.678271,0.90625,0.26171809434890747
8059,239,,,2018-08-04 17:36:58.496028,0.78125,0.3683939278125763
8060,240,0.6645,1.1245454549789429,2018-08-04 17:36:59.409279,0.9375,0.25304198265075684
8061,241,,,2018-08-04 17:37:49.326092,0.859375,0.42632240056991577
8062,242,,,2018-08-04 17:37:50.210119,0.921875,0.3008667528629303
8063,243,,,2018-08-04 17:37:51.123217,0.875,0.4268714487552643
8064,244,,,2018-08-04 17:37:51.960536,0.890625,0.24441994726657867
8065,245,,,2018-08-04 17:37:52.860877,0.84375,0.3744446933269501
8066,246,,,2018-08-04 17:37:53.683368,0.9375,0.27846136689186096
8067,247,,,2018-08-04 17:37:54.503195,0.9375,0.2917631268501282
8068,248,,,2018-08-04 17:37:55.383165,0.921875,0.2435409128665924
8069,249,,,2018-08-04 17:37:56.344335,0.921875,0.27119046449661255
8070,250,,,2018-08-04 17:37:57.212720,0.875,0.34338924288749695
8071,251,,,2018-08-04 17:37:58.092589,0.90625,0.2963238060474396
8072,252,,,2018-08-04 17:37:58.995393,0.890625,0.34077876806259155
8073,253,,,2018-08-04 17:37:59.895796,0.875,0.4253603219985962
8074,254,,,2018-08-04 17:38:00.802400,0.828125,0.37730956077575684
8075,255,,,2018-08-04 17:38:01.673516,0.921875,0.28843986988067627
8076,256,,,2018-08-04 17:38:02.530613,0.859375,0.38124990463256836
8077,257,,,2018-08-04 17:38:03.423616,0.9375,0.2560462951660156
8078,258,,,2018-08-04 17:38:04.316169,0.9375,0.24416491389274597
8079,259,,,2018-08-04 17:38:05.217681,0.890625,0.33779177069664
8080,260,0.663,1.1339460611343384,2018-08-04 17:38:06.192109,0.90625,0.31813743710517883
8081,261,,,2018-08-04 17:38:57.916656,0.953125,0.21818722784519196
8082,262,,,2018-08-04 17:38:58.927404,0.890625,0.28496596217155457
8083,263,,,2018-08-04 17:38:59.870164,0.921875,0.2660762369632721
8084,264,,,2018-08-04 17:39:00.749840,0.875,0.23055140674114227
8085,265,,,2018-08-04 17:39:01.609514,0.9375,0.2581876218318939
8086,266,,,2018-08-04 17:39:02.477537,0.890625,0.3029444217681885
8087,267,,,2018-08-04 17:39:03.393717,0.953125,0.194324791431427
8088,268,,,2018-08-04 17:39:04.250805,0.890625,0.3275826871395111
8089,269,,,2018-08-04 17:39:05.162368,0.921875,0.2654452919960022
8090,270,,,2018-08-04 17:39:06.074535,0.921875,0.2417912781238556
8091,271,,,2018-08-04 17:39:06.874847,0.90625,0.3026941120624542
8092,272,,,2018-08-04 17:39:07.755124,0.90625,0.431072860956192
8093,273,,,2018-08-04 17:39:08.622091,0.921875,0.22660711407661438
8094,274,,,2018-08-04 17:39:09.535560,0.90625,0.2485092580318451
8095,275,,,2018-08-04 17:39:10.450790,0.90625,0.29161280393600464
8096,276,,,2018-08-04 17:39:11.340507,0.96875,0.16010700166225433
8097,277,,,2018-08-04 17:39:12.323990,0.90625,0.28759947419166565
8098,278,,,2018-08-04 17:39:13.232996,0.875,0.3120861351490021
8099,279,,,2018-08-04 17:39:14.193616,0.875,0.3616594970226288
8100,280,0.662,1.1378397941589355,2018-08-04 17:39:15.133461,0.859375,0.2874578535556793
8101,281,,,2018-08-04 17:40:04.320930,0.859375,0.31925705075263977
8102,282,,,2018-08-04 17:40:05.208890,0.8125,0.4362940788269043
8103,283,,,2018-08-04 17:40:06.140750,0.96875,0.15703245997428894
8104,284,,,2018-08-04 17:40:06.939659,0.90625,0.2729839086532593
8105,285,,,2018-08-04 17:40:07.865943,0.96875,0.22800815105438232
8106,286,,,2018-08-04 17:40:08.755669,0.984375,0.1517934501171112
8107,287,,,2018-08-04 17:40:09.683895,0.859375,0.27073565125465393
8108,288,,,2018-08-04 17:40:10.588282,0.875,0.3186141848564148
8109,289,,,2018-08-04 17:40:11.471105,0.90625,0.25764262676239014
8110,290,,,2018-08-04 17:40:12.399226,0.921875,0.29885953664779663
8111,291,,,2018-08-04 17:40:13.246651,0.890625,0.3288199305534363
8112,292,,,2018-08-04 17:40:14.127981,0.84375,0.3875815272331238
8113,293,,,2018-08-04 17:40:15.036881,0.90625,0.323062002658844
8114,294,,,2018-08-04 17:40:15.893574,0.90625,0.3451356589794159
8115,295,,,2018-08-04 17:40:16.761008,0.921875,0.2814186215400696
8116,296,,,2018-08-04 17:40:17.634645,0.890625,0.29418906569480896
8117,297,,,2018-08-04 17:40:18.599223,0.9375,0.22553156316280365
8118,298,,,2018-08-04 17:40:19.438500,0.84375,0.45535996556282043
8119,299,,,2018-08-04 17:40:20.270089,0.96875,0.1637822687625885
8120,300,0.6612,1.1419237852096558,2018-08-04 17:40:21.168903,0.875,0.35462695360183716
8121,301,,,2018-08-04 17:41:09.897126,0.9375,0.17484192550182343
8122,302,,,2018-08-04 17:41:10.753633,0.921875,0.27444714307785034
8123,303,,,2018-08-04 17:41:11.614133,0.90625,0.33626753091812134
8124,304,,,2018-08-04 17:41:12.459561,0.90625,0.27298855781555176
8125,305,,,2018-08-04 17:41:13.338347,0.90625,0.22081130743026733
8126,306,,,2018-08-04 17:41:14.203383,0.921875,0.3201431632041931
8127,307,,,2018-08-04 17:41:15.034362,0.953125,0.286163866519928
8128,308,,,2018-08-04 17:41:15.930354,0.875,0.3189663887023926
8129,309,,,2018-08-04 17:41:16.760174,0.890625,0.2566240727901459
8130,310,,,2018-08-04 17:41:17.619356,0.90625,0.1999889612197876
8131,311,,,2018-08-04 17:41:18.560315,0.921875,0.23435533046722412
8132,312,,,2018-08-04 17:41:19.382115,0.890625,0.3452487587928772
8133,313,,,2018-08-04 17:41:20.259789,0.90625,0.36099109053611755
8134,314,,,2018-08-04 17:41:21.110953,0.890625,0.2770306169986725
8135,315,,,2018-08-04 17:41:21.979973,0.953125,0.223392516374588
8136,316,,,2018-08-04 17:41:22.860626,0.828125,0.4676562249660492
8137,317,,,2018-08-04 17:41:23.672587,0.921875,0.2909373939037323
8138,318,,,2018-08-04 17:41:24.575535,0.84375,0.4207112491130829
8139,319,,,2018-08-04 17:41:25.486109,0.9375,0.2772700786590576
8140,320,0.6638,1.145647644996643,2018-08-04 17:41:26.365007,0.90625,0.3572647273540497
8141,321,,,2018-08-04 17:42:16.016217,0.96875,0.23295284807682037
8142,322,,,2018-08-04 17:42:16.938576,0.875,0.23468871414661407
8143,323,,,2018-08-04 17:42:17.819273,0.859375,0.34413596987724304
8144,324,,,2018-08-04 17:42:18.665358,0.890625,0.3471907377243042
8145,325,,,2018-08-04 17:42:19.580359,0.9375,0.23017840087413788
8146,326,,,2018-08-04 17:42:20.501560,0.90625,0.33120179176330566
8147,327,,,2018-08-04 17:42:21.380980,0.953125,0.16581276059150696
8148,328,,,2018-08-04 17:42:22.328908,0.90625,0.25071683526039124
8149,329,,,2018-08-04 17:42:23.209011,0.890625,0.2691788077354431
8150,330,,,2018-08-04 17:42:24.064296,0.859375,0.4003576934337616
8151,331,,,2018-08-04 17:42:24.953400,0.921875,0.2782409191131592
8152,332,,,2018-08-04 17:42:25.813171,0.890625,0.36489877104759216
8153,333,,,2018-08-04 17:42:26.666503,0.875,0.34637847542762756
8154,334,,,2018-08-04 17:42:27.575413,0.84375,0.33043715357780457
8155,335,,,2018-08-04 17:42:28.356801,0.890625,0.503379762172699
8156,336,,,2018-08-04 17:42:29.230963,0.875,0.40101444721221924
8157,337,,,2018-08-04 17:42:30.110978,0.984375,0.17485496401786804
8158,338,,,2018-08-04 17:42:30.966662,0.875,0.31601884961128235
8159,339,,,2018-08-04 17:42:31.776461,0.84375,0.3782503008842468
8160,340,0.6644,1.1508198976516724,2018-08-04 17:42:32.612488,0.875,0.2664327919483185
8161,341,,,2018-08-04 17:43:22.649723,0.84375,0.48007476329803467
8162,342,,,2018-08-04 17:43:23.555679,0.875,0.3376234173774719
8163,343,,,2018-08-04 17:43:24.444467,0.96875,0.18975767493247986
8164,344,,,2018-08-04 17:43:25.269760,0.90625,0.31629684567451477
8165,345,,,2018-08-04 17:43:26.179799,0.953125,0.18766631186008453
8166,346,,,2018-08-04 17:43:27.024808,0.953125,0.24094200134277344
8167,347,,,2018-08-04 17:43:27.862845,0.90625,0.3602769374847412
8168,348,,,2018-08-04 17:43:28.738607,0.921875,0.24807687103748322
8169,349,,,2018-08-04 17:43:29.580814,0.875,0.36979541182518005
8170,350,,,2018-08-04 17:43:30.461135,0.890625,0.29972293972969055
8171,351,,,2018-08-04 17:43:31.350066,0.84375,0.36748167872428894
8172,352,,,2018-08-04 17:43:32.273541,0.921875,0.22464504837989807
8173,353,,,2018-08-04 17:43:33.156016,0.921875,0.25121140480041504
8174,354,,,2018-08-04 17:43:34.058349,0.953125,0.1744828224182129
8175,355,,,2018-08-04 17:43:34.905682,0.890625,0.2908632159233093
8176,356,,,2018-08-04 17:43:35.793571,0.859375,0.42045241594314575
8177,357,,,2018-08-04 17:43:36.670512,0.890625,0.30751362442970276
8178,358,,,2018-08-04 17:43:37.588570,0.84375,0.3937009572982788
8179,359,,,2018-08-04 17:43:38.455713,0.890625,0.3307487964630127
8180,360,0.6642,1.1472039222717285,2018-08-04 17:43:39.390305,0.765625,0.4497534930706024
8181,361,,,2018-08-04 17:44:29.517270,0.890625,0.30245816707611084
8182,362,,,2018-08-04 17:44:30.364304,0.90625,0.2781210243701935
8183,363,,,2018-08-04 17:44:31.233717,0.90625,0.225488543510437
8184,364,,,2018-08-04 17:44:32.072998,0.953125,0.17795208096504211
8185,365,,,2018-08-04 17:44:32.915683,0.890625,0.31651943922042847
8186,366,,,2018-08-04 17:44:33.783775,0.921875,0.3102162480354309
8187,367,,,2018-08-04 17:44:34.591669,0.875,0.41637811064720154
8188,368,,,2018-08-04 17:44:35.499456,0.8125,0.3677137494087219
8189,369,,,2018-08-04 17:44:36.262577,0.859375,0.3589802384376526
8190,370,,,2018-08-04 17:44:37.130966,0.796875,0.3610153794288635
8191,371,,,2018-08-04 17:44:37.970516,0.859375,0.3622991740703583
8192,372,,,2018-08-04 17:44:38.800102,0.953125,0.1968257576227188
8193,373,,,2018-08-04 17:44:39.609129,0.8125,0.33807143568992615
8194,374,,,2018-08-04 17:44:40.469155,0.875,0.33097055554389954
8195,375,,,2018-08-04 17:44:41.341533,0.890625,0.3363947570323944
8196,376,,,2018-08-04 17:44:42.257692,0.921875,0.23381401598453522
8197,377,,,2018-08-04 17:44:43.102005,0.890625,0.28862226009368896
8198,378,,,2018-08-04 17:44:43.903211,0.890625,0.31469616293907166
8199,379,,,2018-08-04 17:44:44.771907,0.90625,0.20970338582992554
8200,380,0.6655,1.153059482574463,2018-08-04 17:44:45.635160,0.921875,0.31034767627716064
8201,381,,,2018-08-04 17:45:35.430253,0.90625,0.27255094051361084
8202,382,,,2018-08-04 17:45:36.368424,0.9375,0.1729978770017624
8203,383,,,2018-08-04 17:45:37.301978,0.9375,0.2456827461719513
8204,384,,,2018-08-04 17:45:38.113589,0.890625,0.24851775169372559
8205,385,,,2018-08-04 17:45:38.951424,0.921875,0.21400585770606995
8206,386,,,2018-08-04 17:45:39.801921,0.84375,0.4429950714111328
8207,387,,,2018-08-04 17:45:40.760514,0.875,0.3851044774055481
8208,388,,,2018-08-04 17:45:41.672728,0.890625,0.26811662316322327
8209,389,,,2018-08-04 17:45:42.612709,0.953125,0.16316336393356323
8210,390,,,2018-08-04 17:45:43.563522,0.921875,0.32367536425590515
8211,391,,,2018-08-04 17:45:44.311964,0.921875,0.20060995221138
8212,392,,,2018-08-04 17:45:45.161350,0.96875,0.19850438833236694
8213,393,,,2018-08-04 17:45:46.053982,0.875,0.315726637840271
8214,394,,,2018-08-04 17:45:46.985437,0.96875,0.151450052857399
8215,395,,,2018-08-04 17:45:47.867162,0.859375,0.4372718036174774
8216,396,,,2018-08-04 17:45:48.705827,0.9375,0.2578233480453491
8217,397,,,2018-08-04 17:45:49.535925,0.953125,0.19985198974609375
8218,398,,,2018-08-04 17:45:50.415182,0.90625,0.24866484105587006
8219,399,,,2018-08-04 17:45:51.287936,0.890625,0.465104877948761
8220,400,0.6628,1.160258173942566,2018-08-04 17:45:52.167600,0.921875,0.2188299000263214
8221,401,,,2018-08-04 17:46:42.899650,0.875,0.3629835247993469
8222,402,,,2018-08-04 17:46:43.772715,0.875,0.372577428817749
8223,403,,,2018-08-04 17:46:44.668407,0.84375,0.3706309199333191
8224,404,,,2018-08-04 17:46:45.524143,0.890625,0.35623547434806824
8225,405,,,2018-08-04 17:46:46.373155,0.9375,0.19077090919017792
8226,406,,,2018-08-04 17:46:47.245501,0.875,0.39922523498535156
8227,407,,,2018-08-04 17:46:48.160559,0.921875,0.2377522736787796
8228,408,,,2018-08-04 17:46:49.015452,0.9375,0.21433411538600922
8229,409,,,2018-08-04 17:46:49.793633,0.90625,0.2477962225675583
8230,410,,,2018-08-04 17:46:50.678566,0.84375,0.31355664134025574
8231,411,,,2018-08-04 17:46:51.551865,0.890625,0.25672534108161926
8232,412,,,2018-08-04 17:46:52.475090,0.953125,0.230387344956398
8233,413,,,2018-08-04 17:46:53.413422,0.921875,0.25450512766838074
8234,414,,,2018-08-04 17:46:54.365514,0.9375,0.2192056030035019
8235,415,,,2018-08-04 17:46:55.292765,0.90625,0.2729845345020294
8236,416,,,2018-08-04 17:46:56.217575,0.84375,0.39819011092185974
8237,417,,,2018-08-04 17:46:57.120808,0.875,0.37107744812965393
8238,418,,,2018-08-04 17:46:58.040456,0.84375,0.3600563704967499
8239,419,,,2018-08-04 17:46:58.977245,0.828125,0.4020816683769226
8240,420,0.6639,1.1591713428497314,2018-08-04 17:46:59.877828,0.90625,0.24712437391281128
8241,421,,,2018-08-04 17:47:50.008884,0.921875,0.2627365291118622
8242,422,,,2018-08-04 17:47:50.977259,0.890625,0.2807352542877197
8243,423,,,2018-08-04 17:47:51.891899,0.890625,0.25707414746284485
8244,424,,,2018-08-04 17:47:52.807484,0.921875,0.2631452679634094
8245,425,,,2018-08-04 17:47:53.727629,0.9375,0.23690803349018097
8246,426,,,2018-08-04 17:47:54.657855,0.890625,0.36871007084846497
8247,427,,,2018-08-04 17:47:55.590040,0.890625,0.3106626868247986
8248,428,,,2018-08-04 17:47:56.426965,0.859375,0.4533092677593231
8249,429,,,2018-08-04 17:47:57.286761,0.921875,0.26700520515441895
8250,430,,,2018-08-04 17:47:58.151919,0.875,0.3833947777748108
8251,431,,,2018-08-04 17:47:59.011582,0.921875,0.3003069758415222
8252,432,,,2018-08-04 17:47:59.935374,0.875,0.4121125042438507
8253,433,,,2018-08-04 17:48:00.807026,0.9375,0.2345094382762909
8254,434,,,2018-08-04 17:48:01.641633,0.953125,0.21721358597278595
8255,435,,,2018-08-04 17:48:02.465964,0.90625,0.2574896514415741
8256,436,,,2018-08-04 17:48:03.301914,0.84375,0.4495406150817871
8257,437,,,2018-08-04 17:48:04.171781,0.90625,0.29348158836364746
8258,438,,,2018-08-04 17:48:05.074650,0.921875,0.21995452046394348
8259,439,,,2018-08-04 17:48:05.936504,0.875,0.2556230127811432
8260,440,0.6617,1.1653385162353516,2018-08-04 17:48:06.748289,0.78125,0.4994874894618988
8261,441,,,2018-08-04 17:48:57.851131,0.96875,0.13166660070419312
8262,442,,,2018-08-04 17:48:58.832650,1.0,0.12306854128837585
8263,443,,,2018-08-04 17:48:59.746568,0.9375,0.23721234500408173
8264,444,,,2018-08-04 17:49:00.634331,0.921875,0.21332724392414093
8265,445,,,2018-08-04 17:49:01.496234,0.921875,0.34619662165641785
8266,446,,,2018-08-04 17:49:02.349900,0.859375,0.38606444001197815
8267,447,,,2018-08-04 17:49:03.236539,0.90625,0.2474377155303955
8268,448,,,2018-08-04 17:49:04.140168,0.953125,0.2446811944246292
8269,449,,,2018-08-04 17:49:05.049769,0.875,0.2824825644493103
8270,450,,,2018-08-04 17:49:05.903796,0.90625,0.3226691484451294
8271,451,,,2018-08-04 17:49:06.778158,0.953125,0.19124411046504974
8272,452,,,2018-08-04 17:49:07.653293,0.875,0.32236844301223755
8273,453,,,2018-08-04 17:49:08.568900,0.90625,0.22080740332603455
8274,454,,,2018-08-04 17:49:09.472166,0.9375,0.1969042718410492
8275,455,,,2018-08-04 17:49:10.363064,0.90625,0.29379305243492126
8276,456,,,2018-08-04 17:49:11.209267,0.953125,0.16967502236366272
8277,457,,,2018-08-04 17:49:12.057381,0.953125,0.2068253606557846
8278,458,,,2018-08-04 17:49:12.932442,0.90625,0.33973121643066406
8279,459,,,2018-08-04 17:49:13.850908,0.890625,0.26913702487945557
8280,460,0.6632,1.1750047206878662,2018-08-04 17:49:14.750322,0.90625,0.26438191533088684
8281,461,,,2018-08-04 17:50:04.911463,0.875,0.27402424812316895
8282,462,,,2018-08-04 17:50:05.742165,0.9375,0.15840090811252594
8283,463,,,2018-08-04 17:50:06.616313,0.9375,0.20318888127803802
8284,464,,,2018-08-04 17:50:07.510099,0.875,0.2516103982925415
8285,465,,,2018-08-04 17:50:08.365065,0.953125,0.2186359018087387
8286,466,,,2018-08-04 17:50:09.229637,0.921875,0.25173231959342957
8287,467,,,2018-08-04 17:50:10.172995,0.890625,0.30270373821258545
8288,468,,,2018-08-04 17:50:10.979312,0.953125,0.20562873780727386
8289,469,,,2018-08-04 17:50:11.909198,0.890625,0.3302153944969177
8290,470,,,2018-08-04 17:50:12.917191,0.953125,0.2990706264972687
8291,471,,,2018-08-04 17:50:13.798262,0.890625,0.3209295868873596
8292,472,,,2018-08-04 17:50:14.636379,0.921875,0.3493793308734894
8293,473,,,2018-08-04 17:50:15.462617,0.890625,0.2582809031009674
8294,474,,,2018-08-04 17:50:16.302689,0.875,0.353831022977829
8295,475,,,2018-08-04 17:50:17.156573,0.90625,0.2631841003894806
8296,476,,,2018-08-04 17:50:18.024189,0.953125,0.18547853827476501
8297,477,,,2018-08-04 17:50:18.880433,0.984375,0.11187748610973358
8298,478,,,2018-08-04 17:50:19.843566,0.890625,0.3155735731124878
8299,479,,,2018-08-04 17:50:20.790686,0.921875,0.24380524456501007
8300,480,0.6675,1.17802894115448,2018-08-04 17:50:21.761676,0.96875,0.15219709277153015
8301,481,,,2018-08-04 17:51:11.710891,0.90625,0.2455757111310959
8302,482,,,2018-08-04 17:51:12.568154,0.90625,0.3262208104133606
8303,483,,,2018-08-04 17:51:13.328431,0.921875,0.23744425177574158
8304,484,,,2018-08-04 17:51:14.224563,0.828125,0.4732876718044281
8305,485,,,2018-08-04 17:51:15.086339,0.90625,0.3248233497142792
8306,486,,,2018-08-04 17:51:15.906803,0.9375,0.25152093172073364
8307,487,,,2018-08-04 17:51:16.725547,0.9375,0.22901590168476105
8308,488,,,2018-08-04 17:51:17.676316,0.953125,0.17819274961948395
8309,489,,,2018-08-04 17:51:18.667851,0.9375,0.22109778225421906
8310,490,,,2018-08-04 17:51:19.585278,0.890625,0.2610512375831604
8311,491,,,2018-08-04 17:51:20.550067,0.953125,0.14897750318050385
8312,492,,,2018-08-04 17:51:21.413757,0.90625,0.3299960792064667
8313,493,,,2018-08-04 17:51:22.302008,0.9375,0.26739028096199036
8314,494,,,2018-08-04 17:51:23.210571,0.890625,0.32348307967185974
8315,495,,,2018-08-04 17:51:24.126444,0.953125,0.17273856699466705
8316,496,,,2018-08-04 17:51:24.921026,0.90625,0.2556849420070648
8317,497,,,2018-08-04 17:51:25.780370,0.9375,0.19295480847358704
8318,498,,,2018-08-04 17:51:26.583625,0.84375,0.3308904469013214
8319,499,,,2018-08-04 17:51:27.391162,0.90625,0.3222987949848175
8320,500,0.6621,1.1904511451721191,2018-08-04 17:51:28.294838,0.953125,0.19606752693653107
8321,501,,,2018-08-04 17:52:16.906686,0.9375,0.19233547151088715
8322,502,,,2018-08-04 17:52:17.729438,0.921875,0.2958199381828308
8323,503,,,2018-08-04 17:52:18.548734,0.875,0.31852829456329346
8324,504,,,2018-08-04 17:52:19.419286,0.90625,0.30465972423553467
8325,505,,,2018-08-04 17:52:20.259369,0.9375,0.16719408333301544
8326,506,,,2018-08-04 17:52:21.085054,0.875,0.35504525899887085
8327,507,,,2018-08-04 17:52:21.959599,0.890625,0.22994183003902435
8328,508,,,2018-08-04 17:52:22.807699,0.921875,0.28137508034706116
8329,509,,,2018-08-04 17:52:23.634200,0.953125,0.2589244842529297
8330,510,,,2018-08-04 17:52:24.580717,0.953125,0.1725509762763977
8331,511,,,2018-08-04 17:52:25.465864,0.875,0.3356257677078247
8332,512,,,2018-08-04 17:52:26.342074,0.890625,0.3035571575164795
8333,513,,,2018-08-04 17:52:27.246415,0.90625,0.2827458679676056
8334,514,,,2018-08-04 17:52:28.171304,0.921875,0.2533910572528839
8335,515,,,2018-08-04 17:52:29.098184,0.96875,0.17958813905715942
8336,516,,,2018-08-04 17:52:30.019397,0.875,0.3391246199607849
8337,517,,,2018-08-04 17:52:30.907707,0.890625,0.31279492378234863
8338,518,,,2018-08-04 17:52:31.750662,0.90625,0.24398905038833618
8339,519,,,2018-08-04 17:52:32.567673,0.9375,0.21749389171600342
8340,520,0.6642,1.187186598777771,2018-08-04 17:52:33.393375,0.875,0.3234209716320038
8341,521,,,2018-08-04 17:53:22.372097,0.875,0.412966787815094
8342,522,,,2018-08-04 17:53:23.224069,0.90625,0.2234150767326355
8343,523,,,2018-08-04 17:53:24.088455,0.921875,0.16917885839939117
8344,524,,,2018-08-04 17:53:24.885665,0.859375,0.47177425026893616
8345,525,,,2018-08-04 17:53:25.812316,0.953125,0.21736586093902588
8346,526,,,2018-08-04 17:53:26.726141,0.859375,0.40996861457824707
8347,527,,,2018-08-04 17:53:27.675013,0.9375,0.19667552411556244
8348,528,,,2018-08-04 17:53:28.563456,0.9375,0.22593967616558075
8349,529,,,2018-08-04 17:53:29.370757,0.875,0.29166796803474426
8350,530,,,2018-08-04 17:53:30.278333,0.953125,0.19491471350193024
8351,531,,,2018-08-04 17:53:31.262365,0.90625,0.2667364180088043
8352,532,,,2018-08-04 17:53:32.192032,0.90625,0.27864551544189453
8353,533,,,2018-08-04 17:53:33.008481,0.828125,0.3830057680606842
8354,534,,,2018-08-04 17:53:33.906738,0.90625,0.2801758050918579
8355,535,,,2018-08-04 17:53:34.821670,0.90625,0.29452598094940186
8356,536,,,2018-08-04 17:53:35.754835,0.859375,0.33574745059013367
8357,537,,,2018-08-04 17:53:36.596157,0.90625,0.31082502007484436
8358,538,,,2018-08-04 17:53:37.477102,0.921875,0.28741708397865295
8359,539,,,2018-08-04 17:53:38.375044,0.875,0.3396965563297272
8360,540,0.6653,1.1906479597091675,2018-08-04 17:53:39.270111,0.96875,0.19278351962566376
8361,541,,,2018-08-04 17:54:29.272889,0.859375,0.2765175700187683
8362,542,,,2018-08-04 17:54:30.172639,0.875,0.4051261842250824
8363,543,,,2018-08-04 17:54:31.030549,0.921875,0.23298019170761108
8364,544,,,2018-08-04 17:54:31.836602,0.921875,0.29946208000183105
8365,545,,,2018-08-04 17:54:32.714013,0.859375,0.34893128275871277
8366,546,,,2018-08-04 17:54:33.587810,0.953125,0.19930891692638397
8367,547,,,2018-08-04 17:54:34.503423,0.859375,0.3091161549091339
8368,548,,,2018-08-04 17:54:35.412893,0.9375,0.2795957624912262
8369,549,,,2018-08-04 17:54:36.369840,0.921875,0.2595946490764618
8370,550,,,2018-08-04 17:54:37.276159,0.9375,0.2716861665248871
8371,551,,,2018-08-04 17:54:38.163968,0.90625,0.32469508051872253
8372,552,,,2018-08-04 17:54:39.017522,0.890625,0.2736790180206299
8373,553,,,2018-08-04 17:54:39.906342,0.890625,0.26745954155921936
8374,554,,,2018-08-04 17:54:40.774427,0.9375,0.20925568044185638
8375,555,,,2018-08-04 17:54:41.622512,0.921875,0.2678945064544678
8376,556,,,2018-08-04 17:54:42.507731,0.953125,0.1898762285709381
8377,557,,,2018-08-04 17:54:43.473090,0.890625,0.3012567162513733
8378,558,,,2018-08-04 17:54:44.319142,0.84375,0.3510102927684784
8379,559,,,2018-08-04 17:54:45.284887,0.890625,0.4081333577632904
8380,560,0.6645,1.1923311948776245,2018-08-04 17:54:46.181599,0.953125,0.1364985853433609
8381,561,,,2018-08-04 17:55:35.526981,0.9375,0.2283804714679718
8382,562,,,2018-08-04 17:55:36.430617,0.9375,0.16404278576374054
8383,563,,,2018-08-04 17:55:37.340527,0.953125,0.2419101595878601
8384,564,,,2018-08-04 17:55:38.238372,0.921875,0.2616897225379944
8385,565,,,2018-08-04 17:55:39.169438,0.875,0.44392552971839905
8386,566,,,2018-08-04 17:55:39.999316,0.875,0.22775404155254364
8387,567,,,2018-08-04 17:55:40.866002,0.9375,0.21935409307479858
8388,568,,,2018-08-04 17:55:41.734376,0.90625,0.23555749654769897
8389,569,,,2018-08-04 17:55:42.572359,0.96875,0.1312694251537323
8390,570,,,2018-08-04 17:55:43.486782,0.953125,0.19846153259277344
8391,571,,,2018-08-04 17:55:44.384906,0.9375,0.2506538927555084
8392,572,,,2018-08-04 17:55:45.255294,0.859375,0.2681397497653961
8393,573,,,2018-08-04 17:55:46.174510,0.90625,0.22007709741592407
8394,574,,,2018-08-04 17:55:47.021557,0.921875,0.2960090935230255
8395,575,,,2018-08-04 17:55:47.996914,0.921875,0.19934585690498352
8396,576,,,2018-08-04 17:55:48.906901,0.953125,0.1721266359090805
8397,577,,,2018-08-04 17:55:49.800434,0.890625,0.3116040527820587
8398,578,,,2018-08-04 17:55:50.743229,0.9375,0.22804675996303558
8399,579,,,2018-08-04 17:55:51.647533,0.890625,0.2895794212818146
8400,580,0.6648,1.1955655813217163,2018-08-04 17:55:52.605896,0.921875,0.27571776509284973
8401,581,,,2018-08-04 17:56:42.546846,0.90625,0.28398367762565613
8402,582,,,2018-08-04 17:56:43.412156,0.96875,0.16519317030906677
8403,583,,,2018-08-04 17:56:44.306596,0.828125,0.39891552925109863
8404,584,,,2018-08-04 17:56:45.217336,0.96875,0.16418969631195068
8405,585,,,2018-08-04 17:56:46.199654,0.921875,0.20218773186206818
8406,586,,,2018-08-04 17:56:47.085751,0.9375,0.3067779242992401
8407,587,,,2018-08-04 17:56:48.003065,0.984375,0.15081903338432312
8408,588,,,2018-08-04 17:56:48.906865,0.890625,0.2642826437950134
8409,589,,,2018-08-04 17:56:49.818844,0.9375,0.14170847833156586
8410,590,,,2018-08-04 17:56:50.743560,0.90625,0.18575386703014374
8411,591,,,2018-08-04 17:56:51.669420,0.921875,0.29824987053871155
8412,592,,,2018-08-04 17:56:52.603287,0.875,0.3057002127170563
8413,593,,,2018-08-04 17:56:53.471687,0.9375,0.22682207822799683
8414,594,,,2018-08-04 17:56:54.369883,0.90625,0.27744483947753906
8415,595,,,2018-08-04 17:56:55.253507,0.921875,0.23799538612365723
8416,596,,,2018-08-04 17:56:56.145818,0.90625,0.2702558636665344
8417,597,,,2018-08-04 17:56:57.038598,0.9375,0.27084022760391235
8418,598,,,2018-08-04 17:56:57.890589,0.96875,0.16844111680984497
8419,599,,,2018-08-04 17:56:58.705754,0.953125,0.2018311321735382
8420,600,0.6633,1.20213782787323,2018-08-04 17:56:59.591444,0.96875,0.13955314457416534
8421,601,,,2018-08-04 17:57:49.505054,0.765625,0.5612422823905945
8422,602,,,2018-08-04 17:57:50.449550,0.921875,0.3044959008693695
8423,603,,,2018-08-04 17:57:51.347559,0.921875,0.3050321042537689
8424,604,,,2018-08-04 17:57:52.253567,0.9375,0.30497443675994873
8425,605,,,2018-08-04 17:57:53.141439,0.84375,0.533664882183075
8426,606,,,2018-08-04 17:57:53.990475,0.90625,0.2703438103199005
8427,607,,,2018-08-04 17:57:54.882397,0.859375,0.4059082865715027
8428,608,,,2018-08-04 17:57:55.772004,0.875,0.3925591707229614
8429,609,,,2018-08-04 17:57:56.705193,0.9375,0.1990911066532135
8430,610,,,2018-08-04 17:57:57.553893,0.9375,0.21639832854270935
8431,611,,,2018-08-04 17:57:58.352130,0.953125,0.18957455456256866
8432,612,,,2018-08-04 17:57:59.203785,0.953125,0.24518200755119324
8433,613,,,2018-08-04 17:58:00.105277,0.921875,0.21420662105083466
8434,614,,,2018-08-04 17:58:01.032995,0.921875,0.2888489067554474
8435,615,,,2018-08-04 17:58:01.791252,0.921875,0.2776312232017517
8436,616,,,2018-08-04 17:58:02.662420,0.90625,0.30320408940315247
8437,617,,,2018-08-04 17:58:03.557128,0.953125,0.1649058610200882
8438,618,,,2018-08-04 17:58:04.520049,0.875,0.24775265157222748
8439,619,,,2018-08-04 17:58:05.435942,0.984375,0.15190400183200836
8440,620,0.664,1.2037367820739746,2018-08-04 17:58:06.377923,0.90625,0.27039334177970886
8441,621,,,2018-08-04 17:58:57.962107,0.90625,0.3363419771194458
8442,622,,,2018-08-04 17:58:58.854368,0.9375,0.1743890643119812
8443,623,,,2018-08-04 17:58:59.723383,0.921875,0.30003464221954346
8444,624,,,2018-08-04 17:59:00.545973,0.875,0.2791869044303894
8445,625,,,2018-08-04 17:59:01.371889,0.921875,0.16978715360164642
8446,626,,,2018-08-04 17:59:02.250568,0.875,0.34396862983703613
8447,627,,,2018-08-04 17:59:03.212392,0.921875,0.2326432317495346
8448,628,,,2018-08-04 17:59:04.147638,0.96875,0.1524253934621811
8449,629,,,2018-08-04 17:59:05.097102,0.90625,0.32338011264801025
8450,630,,,2018-08-04 17:59:06.042178,0.90625,0.19596724212169647
8451,631,,,2018-08-04 17:59:06.959306,0.9375,0.17331907153129578
8452,632,,,2018-08-04 17:59:07.886485,0.90625,0.2547772228717804
8453,633,,,2018-08-04 17:59:08.799365,0.9375,0.20780499279499054
8454,634,,,2018-08-04 17:59:09.730128,0.90625,0.25315994024276733
8455,635,,,2018-08-04 17:59:10.663096,0.9375,0.18421733379364014
8456,636,,,2018-08-04 17:59:11.617974,0.890625,0.32978177070617676
8457,637,,,2018-08-04 17:59:12.540938,0.921875,0.3117028772830963
8458,638,,,2018-08-04 17:59:13.525538,0.90625,0.2408827394247055
8459,639,,,2018-08-04 17:59:14.528214,0.96875,0.16780729591846466
8460,640,0.6653,1.200921654701233,2018-08-04 17:59:15.465654,0.90625,0.270852655172348
8461,641,,,2018-08-04 18:00:07.124421,0.921875,0.22742752730846405
8462,642,,,2018-08-04 18:00:08.070016,0.890625,0.37742170691490173
8463,643,,,2018-08-04 18:00:09.040109,0.921875,0.21283088624477386
8464,644,,,2018-08-04 18:00:09.991822,0.90625,0.21225285530090332
8465,645,,,2018-08-04 18:00:10.902373,0.859375,0.3451753854751587
8466,646,,,2018-08-04 18:00:11.806884,0.890625,0.2874433994293213
8467,647,,,2018-08-04 18:00:12.670910,0.90625,0.195675790309906
8468,648,,,2018-08-04 18:00:13.679560,0.921875,0.17520666122436523
8469,649,,,2018-08-04 18:00:14.596839,0.984375,0.12324424088001251
8470,650,,,2018-08-04 18:00:15.507126,0.875,0.39509108662605286
8471,651,,,2018-08-04 18:00:16.441503,0.828125,0.38816583156585693
8472,652,,,2018-08-04 18:00:17.378202,0.875,0.2885599434375763
8473,653,,,2018-08-04 18:00:18.329849,0.90625,0.21421940624713898
8474,654,,,2018-08-04 18:00:19.323666,0.953125,0.20235539972782135
8475,655,,,2018-08-04 18:00:20.300576,0.984375,0.16738924384117126
8476,656,,,2018-08-04 18:00:21.241855,0.921875,0.1720978319644928
8477,657,,,2018-08-04 18:00:22.073024,0.921875,0.2496560662984848
8478,658,,,2018-08-04 18:00:22.963041,0.796875,0.5671320557594299
8479,659,,,2018-08-04 18:00:23.836223,0.9375,0.20415402948856354
8480,660,0.6658,1.2057868242263794,2018-08-04 18:00:24.702094,0.96875,0.19771695137023926
8481,661,,,2018-08-04 18:01:13.828901,0.90625,0.2633334994316101
8482,662,,,2018-08-04 18:01:14.723012,0.890625,0.25495460629463196
8483,663,,,2018-08-04 18:01:15.592494,0.953125,0.16738079488277435
8484,664,,,2018-08-04 18:01:16.503580,0.90625,0.30045270919799805
8485,665,,,2018-08-04 18:01:17.471723,0.890625,0.30471304059028625
8486,666,,,2018-08-04 18:01:18.325274,0.96875,0.2592138350009918
8487,667,,,2018-08-04 18:01:19.202987,0.890625,0.3005049228668213
8488,668,,,2018-08-04 18:01:20.126869,0.921875,0.23760515451431274
8489,669,,,2018-08-04 18:01:21.022968,0.84375,0.4419585168361664
8490,670,,,2018-08-04 18:01:21.885617,0.921875,0.19764462113380432
8491,671,,,2018-08-04 18:01:22.711866,0.90625,0.24145373702049255
8492,672,,,2018-08-04 18:01:23.580394,0.921875,0.32261034846305847
8493,673,,,2018-08-04 18:01:24.583329,0.9375,0.2392125278711319
8494,674,,,2018-08-04 18:01:25.582777,0.90625,0.20749236643314362
8495,675,,,2018-08-04 18:01:26.518167,0.9375,0.24301856756210327
8496,676,,,2018-08-04 18:01:27.424086,0.953125,0.15432927012443542
8497,677,,,2018-08-04 18:01:28.289029,0.9375,0.2046748250722885
8498,678,,,2018-08-04 18:01:29.151169,0.890625,0.3319776654243469
8499,679,,,2018-08-04 18:01:30.006991,0.90625,0.2508707642555237
8500,680,0.6612,1.2066869735717773,2018-08-04 18:01:30.880557,0.90625,0.4034474194049835
8501,681,,,2018-08-04 18:02:21.000100,0.90625,0.2749691307544708
8502,682,,,2018-08-04 18:02:21.887734,0.875,0.33028528094291687
8503,683,,,2018-08-04 18:02:22.827629,0.90625,0.3010203540325165
8504,684,,,2018-08-04 18:02:23.785372,0.9375,0.25477665662765503
8505,685,,,2018-08-04 18:02:24.748283,0.90625,0.23990985751152039
8506,686,,,2018-08-04 18:02:25.684995,0.90625,0.3720460832118988
8507,687,,,2018-08-04 18:02:26.603750,0.921875,0.2218073457479477
8508,688,,,2018-08-04 18:02:27.596128,0.890625,0.3169677257537842
8509,689,,,2018-08-04 18:02:28.530557,0.953125,0.23140849173069
8510,690,,,2018-08-04 18:02:29.447906,0.953125,0.20201115310192108
8511,691,,,2018-08-04 18:02:30.405338,0.96875,0.21412764489650726
8512,692,,,2018-08-04 18:02:31.293478,0.90625,0.278003990650177
8513,693,,,2018-08-04 18:02:32.202495,0.953125,0.1852782517671585
8514,694,,,2018-08-04 18:02:33.072624,0.90625,0.32685235142707825
8515,695,,,2018-08-04 18:02:33.964271,0.90625,0.28779006004333496
8516,696,,,2018-08-04 18:02:34.812843,0.953125,0.24099312722682953
8517,697,,,2018-08-04 18:02:35.834556,0.921875,0.2144295573234558
8518,698,,,2018-08-04 18:02:36.767005,0.921875,0.18974466621875763
8519,699,,,2018-08-04 18:02:37.609552,0.890625,0.3428543508052826
8520,700,0.6629,1.2113438844680786,2018-08-04 18:02:38.481317,0.859375,0.3268531858921051
8521,701,,,2018-08-04 18:03:29.710945,0.875,0.3123045265674591
8522,702,,,2018-08-04 18:03:30.622025,0.890625,0.2836373448371887
8523,703,,,2018-08-04 18:03:31.510472,0.90625,0.3139827847480774
8524,704,,,2018-08-04 18:03:32.375887,0.9375,0.20965713262557983
8525,705,,,2018-08-04 18:03:33.319106,0.90625,0.24191617965698242
8526,706,,,2018-08-04 18:03:34.216138,0.921875,0.17680537700653076
8527,707,,,2018-08-04 18:03:35.056210,0.921875,0.3129236102104187
8528,708,,,2018-08-04 18:03:35.972352,0.921875,0.19871805608272552
8529,709,,,2018-08-04 18:03:36.880974,0.921875,0.22033846378326416
8530,710,,,2018-08-04 18:03:37.746053,0.96875,0.1527860164642334
8531,711,,,2018-08-04 18:03:38.627804,0.90625,0.3004257380962372
8532,712,,,2018-08-04 18:03:39.471435,0.90625,0.3554788827896118
8533,713,,,2018-08-04 18:03:40.332366,0.953125,0.18581409752368927
8534,714,,,2018-08-04 18:03:41.230191,0.9375,0.18119381368160248
8535,715,,,2018-08-04 18:03:42.138057,0.90625,0.2535535395145416
8536,716,,,2018-08-04 18:03:43.011351,0.890625,0.3228857219219208
8537,717,,,2018-08-04 18:03:43.901015,0.859375,0.4066395163536072
8538,718,,,2018-08-04 18:03:44.783237,0.890625,0.2470180094242096
8539,719,,,2018-08-04 18:03:45.677072,0.9375,0.1940435916185379
8540,720,0.6625,1.209619164466858,2018-08-04 18:03:46.589368,0.9375,0.3418617248535156
8541,721,,,2018-08-04 18:04:38.688547,0.90625,0.34500256180763245
8542,722,,,2018-08-04 18:04:39.564003,0.953125,0.21696126461029053
8543,723,,,2018-08-04 18:04:40.539442,0.921875,0.23200181126594543
8544,724,,,2018-08-04 18:04:41.484312,0.9375,0.18536938726902008
8545,725,,,2018-08-04 18:04:42.401630,0.953125,0.15276619791984558
8546,726,,,2018-08-04 18:04:43.372806,0.953125,0.18521513044834137
8547,727,,,2018-08-04 18:04:44.255892,0.890625,0.23068678379058838
8548,728,,,2018-08-04 18:04:45.153246,0.90625,0.24536384642124176
8549,729,,,2018-08-04 18:04:46.004401,0.921875,0.21072717010974884
8550,730,,,2018-08-04 18:04:46.910151,0.9375,0.20092523097991943
8551,731,,,2018-08-04 18:04:47.806238,0.859375,0.34259340167045593
8552,732,,,2018-08-04 18:04:48.733830,0.984375,0.16648361086845398
8553,733,,,2018-08-04 18:04:49.706285,0.953125,0.17172957956790924
8554,734,,,2018-08-04 18:04:50.692934,0.90625,0.3162739872932434
8555,735,,,2018-08-04 18:04:51.640011,1.0,0.09140340983867645
8556,736,,,2018-08-04 18:04:52.591409,0.9375,0.1782778650522232
8557,737,,,2018-08-04 18:04:53.553745,0.859375,0.3843245506286621
8558,738,,,2018-08-04 18:04:54.395625,0.921875,0.22930505871772766
8559,739,,,2018-08-04 18:04:55.316321,0.890625,0.42609351873397827
8560,740,0.6623,1.2207142114639282,2018-08-04 18:04:56.237434,0.953125,0.1553480625152588
8561,741,,,2018-08-04 18:05:47.345254,0.890625,0.2759355306625366
8562,742,,,2018-08-04 18:05:48.335725,0.890625,0.2326662838459015
8563,743,,,2018-08-04 18:05:49.185761,0.890625,0.19311213493347168
8564,744,,,2018-08-04 18:05:50.082194,0.90625,0.25186634063720703
8565,745,,,2018-08-04 18:05:50.962308,0.859375,0.31037646532058716
8566,746,,,2018-08-04 18:05:51.891468,0.890625,0.29098376631736755
8567,747,,,2018-08-04 18:05:52.823508,0.96875,0.15588317811489105
8568,748,,,2018-08-04 18:05:53.688892,0.9375,0.18985271453857422
8569,749,,,2018-08-04 18:05:54.618336,0.90625,0.3202391266822815
8570,750,,,2018-08-04 18:05:55.560330,0.890625,0.3236290216445923
8571,751,,,2018-08-04 18:05:56.452956,0.859375,0.48195189237594604
8572,752,,,2018-08-04 18:05:57.363085,0.921875,0.26704078912734985
8573,753,,,2018-08-04 18:05:58.287018,0.9375,0.28951093554496765
8574,754,,,2018-08-04 18:05:59.127137,0.921875,0.35736024379730225
8575,755,,,2018-08-04 18:06:00.007416,0.84375,0.3146446943283081
8576,756,,,2018-08-04 18:06:00.970273,0.9375,0.16622227430343628
8577,757,,,2018-08-04 18:06:01.880564,0.921875,0.18896377086639404
8578,758,,,2018-08-04 18:06:02.792442,0.875,0.3527102768421173
8579,759,,,2018-08-04 18:06:03.689518,0.890625,0.35276514291763306
8580,760,0.6599,1.2246787548065186,2018-08-04 18:06:04.603499,0.90625,0.30538877844810486
8581,761,,,2018-08-04 18:06:56.014303,0.90625,0.3216724693775177
8582,762,,,2018-08-04 18:06:56.894114,0.875,0.3531509041786194
8583,763,,,2018-08-04 18:06:57.806898,0.9375,0.2168203741312027
8584,764,,,2018-08-04 18:06:58.681110,0.921875,0.2323095202445984
8585,765,,,2018-08-04 18:06:59.457186,0.890625,0.2525498867034912
8586,766,,,2018-08-04 18:07:00.320714,0.921875,0.1995590776205063
8587,767,,,2018-08-04 18:07:01.198669,0.921875,0.21743915975093842
8588,768,,,2018-08-04 18:07:02.072258,0.953125,0.18965807557106018
8589,769,,,2018-08-04 18:07:03.046384,0.96875,0.1474030762910843
8590,770,,,2018-08-04 18:07:03.946241,0.96875,0.15002603828907013
8591,771,,,2018-08-04 18:07:04.870082,0.96875,0.1741747260093689
8592,772,,,2018-08-04 18:07:05.725327,0.96875,0.20834726095199585
8593,773,,,2018-08-04 18:07:06.595176,0.9375,0.19996553659439087
8594,774,,,2018-08-04 18:07:07.515193,0.9375,0.29320070147514343
8595,775,,,2018-08-04 18:07:08.454937,0.9375,0.24534493684768677
8596,776,,,2018-08-04 18:07:09.317183,0.96875,0.19313356280326843
8597,777,,,2018-08-04 18:07:10.226927,0.875,0.34997236728668213
8598,778,,,2018-08-04 18:07:11.106874,0.953125,0.15998336672782898
8599,779,,,2018-08-04 18:07:11.989642,0.953125,0.1956031769514084
8600,780,0.6604,1.2214617729187012,2018-08-04 18:07:12.888629,0.921875,0.20186647772789001
8601,781,,,2018-08-04 18:08:03.044036,0.875,0.5656646490097046
8602,0,,,2018-08-04 18:08:54.060087,0.96875,0.28936123847961426
8603,1,,,2018-08-04 18:08:55.081099,0.9375,0.23294620215892792
8604,2,,,2018-08-04 18:08:56.052795,0.921875,0.22203992307186127
8605,3,,,2018-08-04 18:08:56.972010,0.90625,0.36587029695510864
8606,4,,,2018-08-04 18:08:57.941678,0.953125,0.20621614158153534
8607,5,,,2018-08-04 18:08:58.838911,0.921875,0.18768323957920074
8608,6,,,2018-08-04 18:08:59.720904,0.953125,0.1773269772529602
8609,7,,,2018-08-04 18:09:00.637569,0.984375,0.15461909770965576
8610,8,,,2018-08-04 18:09:01.562304,0.96875,0.17876036465168
8611,9,,,2018-08-04 18:09:02.462861,0.96875,0.08810734003782272
8612,10,,,2018-08-04 18:09:03.402329,0.84375,0.5282857418060303
8613,11,,,2018-08-04 18:09:04.254568,0.953125,0.18284869194030762
8614,12,,,2018-08-04 18:09:05.133399,0.953125,0.21032556891441345
8615,13,,,2018-08-04 18:09:06.040916,0.90625,0.27761998772621155
8616,14,,,2018-08-04 18:09:06.984283,0.96875,0.14560003578662872
8617,15,,,2018-08-04 18:09:07.941610,0.953125,0.13535606861114502
8618,16,,,2018-08-04 18:09:08.869990,0.9375,0.19404461979866028
8619,17,,,2018-08-04 18:09:09.866349,0.96875,0.1472093015909195
8620,18,,,2018-08-04 18:09:10.846783,1.0,0.13655436038970947
8621,19,,,2018-08-04 18:09:11.761923,0.9375,0.19213548302650452
8622,20,0.6646,1.2335768938064575,2018-08-04 18:09:12.683756,0.96875,0.13247457146644592
8623,21,,,2018-08-04 18:10:04.117313,0.921875,0.28946200013160706
8624,22,,,2018-08-04 18:10:04.996690,0.890625,0.2628833055496216
8625,23,,,2018-08-04 18:10:05.899210,0.953125,0.21059870719909668
8626,24,,,2018-08-04 18:10:06.764918,0.921875,0.19271177053451538
8627,25,,,2018-08-04 18:10:07.534529,0.9375,0.12625302374362946
8628,26,,,2018-08-04 18:10:08.424807,0.9375,0.2111174762248993
8629,27,,,2018-08-04 18:10:09.358011,0.921875,0.22152595221996307
8630,28,,,2018-08-04 18:10:10.212784,0.921875,0.18949642777442932
8631,29,,,2018-08-04 18:10:11.119758,0.984375,0.0719500258564949
8632,30,,,2018-08-04 18:10:11.919084,0.96875,0.1473727971315384
8633,31,,,2018-08-04 18:10:12.763820,0.921875,0.2120511382818222
8634,32,,,2018-08-04 18:10:13.636815,0.859375,0.3506924510002136
8635,33,,,2018-08-04 18:10:14.464186,0.921875,0.20890027284622192
8636,34,,,2018-08-04 18:10:15.370936,0.9375,0.18286865949630737
8637,35,,,2018-08-04 18:10:16.299109,0.875,0.33235734701156616
8638,36,,,2018-08-04 18:10:17.162918,0.921875,0.23039336502552032
8639,37,,,2018-08-04 18:10:18.005346,0.984375,0.130898118019104
8640,38,,,2018-08-04 18:10:18.878486,0.921875,0.22041518986225128
8641,39,,,2018-08-04 18:10:19.684467,0.953125,0.18977896869182587
8642,40,0.6646,1.2327635288238525,2018-08-04 18:10:20.521406,0.875,0.38595134019851685
8643,41,,,2018-08-04 18:11:11.728632,0.875,0.3895760476589203
8644,42,,,2018-08-04 18:11:12.578320,0.953125,0.117768794298172
8645,43,,,2018-08-04 18:11:13.464349,0.859375,0.3603006601333618
8646,44,,,2018-08-04 18:11:14.337834,0.921875,0.265266478061676
8647,45,,,2018-08-04 18:11:15.306368,0.953125,0.21493001282215118
8648,46,,,2018-08-04 18:11:16.267556,0.9375,0.21890990436077118
8649,47,,,2018-08-04 18:11:17.146558,0.953125,0.15587648749351501
8650,48,,,2018-08-04 18:11:18.050126,0.984375,0.13321474194526672
8651,49,,,2018-08-04 18:11:18.888211,0.953125,0.1403297632932663
8652,50,,,2018-08-04 18:11:19.754319,0.9375,0.2479974776506424
8653,51,,,2018-08-04 18:11:20.672845,0.96875,0.16124753654003143
8654,52,,,2018-08-04 18:11:21.557745,0.875,0.3562364876270294
8655,53,,,2018-08-04 18:11:22.506080,0.984375,0.13624288141727448
8656,54,,,2018-08-04 18:11:23.439497,0.9375,0.1494966298341751
8657,55,,,2018-08-04 18:11:24.327369,0.921875,0.21880075335502625
8658,56,,,2018-08-04 18:11:25.219626,0.9375,0.21117116510868073
8659,57,,,2018-08-04 18:11:26.051304,0.9375,0.240865096449852
8660,58,,,2018-08-04 18:11:26.970007,0.9375,0.19680657982826233
8661,59,,,2018-08-04 18:11:27.970255,0.953125,0.13988736271858215
8662,60,0.6638,1.2307298183441162,2018-08-04 18:11:28.822366,0.921875,0.2066502571105957
8663,61,,,2018-08-04 18:12:19.355330,0.9375,0.17932043969631195
8664,62,,,2018-08-04 18:12:20.252868,0.953125,0.12799960374832153
8665,63,,,2018-08-04 18:12:21.130182,0.921875,0.2794077396392822
8666,64,,,2018-08-04 18:12:21.972403,0.875,0.277700275182724
8667,65,,,2018-08-04 18:12:22.869842,0.9375,0.18085506558418274
8668,66,,,2018-08-04 18:12:23.780814,0.9375,0.15349391102790833
8669,67,,,2018-08-04 18:12:24.628483,0.921875,0.2460009902715683
8670,68,,,2018-08-04 18:12:25.578786,0.953125,0.13149964809417725
8671,69,,,2018-08-04 18:12:26.478115,0.96875,0.1061263158917427
8672,70,,,2018-08-04 18:12:27.435089,0.953125,0.1581231951713562
8673,71,,,2018-08-04 18:12:28.380828,0.921875,0.22323231399059296
8674,72,,,2018-08-04 18:12:29.179571,0.9375,0.30481383204460144
8675,73,,,2018-08-04 18:12:30.090625,0.90625,0.2126024216413498
8676,74,,,2018-08-04 18:12:30.888537,0.9375,0.14904870092868805
8677,75,,,2018-08-04 18:12:31.786327,0.984375,0.10033266991376877
8678,76,,,2018-08-04 18:12:32.755210,0.921875,0.20495662093162537
8679,77,,,2018-08-04 18:12:33.740774,1.0,0.07561046630144119
8680,78,,,2018-08-04 18:12:34.680530,0.953125,0.1902674287557602
8681,79,,,2018-08-04 18:12:35.555665,0.953125,0.18779581785202026
8682,80,0.6624,1.2296903133392334,2018-08-04 18:12:36.466337,0.90625,0.2585625946521759
8683,81,,,2018-08-04 18:13:27.703179,0.9375,0.18151628971099854
8684,82,,,2018-08-04 18:13:28.621094,0.984375,0.1555263251066208
8685,83,,,2018-08-04 18:13:29.515905,0.96875,0.1867235153913498
8686,84,,,2018-08-04 18:13:30.473362,0.84375,0.311641663312912
8687,85,,,2018-08-04 18:13:31.454917,0.953125,0.2036639153957367
8688,86,,,2018-08-04 18:13:32.420968,0.890625,0.33508503437042236
8689,87,,,2018-08-04 18:13:33.311581,0.96875,0.1290055364370346
8690,88,,,2018-08-04 18:13:34.240538,0.921875,0.1991497278213501
8691,89,,,2018-08-04 18:13:35.154345,0.96875,0.12079937011003494
8692,90,,,2018-08-04 18:13:36.022602,0.9375,0.1793307363986969
8693,91,,,2018-08-04 18:13:36.855363,0.921875,0.17865018546581268
8694,92,,,2018-08-04 18:13:37.702090,0.875,0.39485493302345276
8695,93,,,2018-08-04 18:13:38.625370,0.984375,0.1694827824831009
8696,94,,,2018-08-04 18:13:39.576532,0.953125,0.2210761308670044
8697,95,,,2018-08-04 18:13:40.478545,0.9375,0.19053615629673004
8698,96,,,2018-08-04 18:13:41.282744,0.953125,0.1524820327758789
8699,97,,,2018-08-04 18:13:42.139289,0.921875,0.16354168951511383
8700,98,,,2018-08-04 18:13:43.078538,0.921875,0.18345670402050018
8701,99,,,2018-08-04 18:13:43.983708,0.90625,0.208279550075531
8702,100,0.6635,1.2350914478302002,2018-08-04 18:13:44.804052,0.96875,0.172186017036438
8703,101,,,2018-08-04 18:14:36.967697,0.9375,0.22651395201683044
8704,102,,,2018-08-04 18:14:37.897560,0.984375,0.11230417340993881
8705,103,,,2018-08-04 18:14:38.874487,0.921875,0.2639399766921997
8706,104,,,2018-08-04 18:14:39.769510,0.875,0.35954728722572327
8707,105,,,2018-08-04 18:14:40.659113,0.921875,0.17169234156608582
8708,106,,,2018-08-04 18:14:41.487052,0.9375,0.21077318489551544
8709,107,,,2018-08-04 18:14:42.433250,0.953125,0.19756364822387695
8710,108,,,2018-08-04 18:14:43.372754,0.953125,0.1974021941423416
8711,109,,,2018-08-04 18:14:44.258275,0.96875,0.12486568093299866
8712,110,,,2018-08-04 18:14:45.213598,0.921875,0.18037857115268707
8713,111,,,2018-08-04 18:14:46.127885,0.953125,0.136403888463974
8714,112,,,2018-08-04 18:14:47.070200,0.921875,0.2466275990009308
8715,113,,,2018-08-04 18:14:47.992526,0.96875,0.15400230884552002
8716,114,,,2018-08-04 18:14:48.953491,0.890625,0.39661309123039246
8717,115,,,2018-08-04 18:14:49.927012,0.90625,0.19774340093135834
8718,116,,,2018-08-04 18:14:50.840540,0.96875,0.2409730851650238
8719,117,,,2018-08-04 18:14:51.758282,0.96875,0.1318282037973404
8720,118,,,2018-08-04 18:14:52.693798,0.9375,0.18159005045890808
8721,119,,,2018-08-04 18:14:53.612024,0.921875,0.24375025928020477
8722,120,0.6636,1.233445405960083,2018-08-04 18:14:54.528892,0.953125,0.18451203405857086
8723,121,,,2018-08-04 18:15:45.426921,0.921875,0.27717915177345276
8724,122,,,2018-08-04 18:15:46.357774,0.90625,0.27414262294769287
8725,123,,,2018-08-04 18:15:47.247488,0.921875,0.35456231236457825
8726,124,,,2018-08-04 18:15:48.173506,0.859375,0.30126187205314636
8727,125,,,2018-08-04 18:15:49.009808,0.953125,0.20513811707496643
8728,126,,,2018-08-04 18:15:49.852831,0.890625,0.3109319508075714
8729,127,,,2018-08-04 18:15:50.736855,0.9375,0.253616064786911
8730,128,,,2018-08-04 18:15:51.668122,0.9375,0.2545110285282135
8731,129,,,2018-08-04 18:15:52.556300,0.9375,0.23241285979747772
8732,130,,,2018-08-04 18:15:53.438593,0.984375,0.167655348777771
8733,131,,,2018-08-04 18:15:54.277600,0.921875,0.2540120780467987
8734,132,,,2018-08-04 18:15:55.195855,0.953125,0.16911637783050537
8735,133,,,2018-08-04 18:15:56.107208,0.921875,0.23465083539485931
8736,134,,,2018-08-04 18:15:56.918791,0.9375,0.14924494922161102
8737,135,,,2018-08-04 18:15:57.867706,0.984375,0.12365275621414185
8738,136,,,2018-08-04 18:15:58.862812,0.921875,0.1741737425327301
8739,137,,,2018-08-04 18:15:59.837289,0.9375,0.31089675426483154
8740,138,,,2018-08-04 18:16:00.859656,1.0,0.1243901476264
8741,139,,,2018-08-04 18:16:01.796885,0.953125,0.1838565170764923
8742,140,0.6636,1.2361005544662476,2018-08-04 18:16:02.699010,0.96875,0.10667423158884048
8743,141,,,2018-08-04 18:16:54.167335,0.96875,0.15324459969997406
8744,142,,,2018-08-04 18:16:55.022180,0.90625,0.2692367732524872
8745,143,,,2018-08-04 18:16:55.921673,0.890625,0.299151211977005
8746,144,,,2018-08-04 18:16:56.775640,0.859375,0.31155410408973694
8747,145,,,2018-08-04 18:16:57.676708,0.921875,0.21412983536720276
8748,146,,,2018-08-04 18:16:58.561276,0.96875,0.13589873909950256
8749,147,,,2018-08-04 18:16:59.412272,0.9375,0.19527477025985718
8750,148,,,2018-08-04 18:17:00.284732,0.984375,0.12594008445739746
8751,149,,,2018-08-04 18:17:01.259758,0.953125,0.18540701270103455
8752,150,,,2018-08-04 18:17:02.175558,0.953125,0.24948124587535858
8753,151,,,2018-08-04 18:17:03.149640,0.9375,0.2610927224159241
8754,152,,,2018-08-04 18:17:04.067414,0.890625,0.2660389840602875
8755,153,,,2018-08-04 18:17:04.975833,0.9375,0.18507681787014008
8756,154,,,2018-08-04 18:17:05.914002,0.921875,0.19623568654060364
8757,155,,,2018-08-04 18:17:06.776175,0.890625,0.19451680779457092
8758,156,,,2018-08-04 18:17:07.688984,0.875,0.2606382369995117
8759,157,,,2018-08-04 18:17:08.585121,0.921875,0.2573242485523224
8760,158,,,2018-08-04 18:17:09.508471,0.9375,0.15810684859752655
8761,159,,,2018-08-04 18:17:10.438578,0.90625,0.25179049372673035
8762,160,0.6646,1.241139531135559,2018-08-04 18:17:11.354017,0.953125,0.16132965683937073
8763,161,,,2018-08-04 18:18:02.942457,0.953125,0.21022696793079376
8764,162,,,2018-08-04 18:18:03.849544,0.859375,0.2659313380718231
8765,163,,,2018-08-04 18:18:04.753120,0.90625,0.3027787208557129
8766,164,,,2018-08-04 18:18:05.614975,0.96875,0.16456539928913116
8767,165,,,2018-08-04 18:18:06.484004,0.875,0.24566413462162018
8768,166,,,2018-08-04 18:18:07.372522,0.875,0.30820387601852417
8769,167,,,2018-08-04 18:18:08.290013,0.890625,0.2793586850166321
8770,168,,,2018-08-04 18:18:09.223217,0.9375,0.17953243851661682
8771,169,,,2018-08-04 18:18:10.149970,0.9375,0.22577539086341858
8772,170,,,2018-08-04 18:18:11.084471,0.96875,0.16936007142066956
8773,171,,,2018-08-04 18:18:11.968358,0.953125,0.14940962195396423
8774,172,,,2018-08-04 18:18:12.928020,0.953125,0.21734830737113953
8775,173,,,2018-08-04 18:18:13.876455,0.9375,0.1991180032491684
8776,174,,,2018-08-04 18:18:14.740882,0.9375,0.1711781919002533
8777,175,,,2018-08-04 18:18:15.646447,0.984375,0.11688699573278427
8778,176,,,2018-08-04 18:18:16.566484,0.921875,0.2077886462211609
8779,177,,,2018-08-04 18:18:17.448336,0.953125,0.16322627663612366
8780,178,,,2018-08-04 18:18:18.345505,0.875,0.37671366333961487
8781,179,,,2018-08-04 18:18:19.293762,0.96875,0.1845352053642273
8782,180,0.6646,1.2455010414123535,2018-08-04 18:18:20.230170,0.9375,0.19291706383228302
8783,181,,,2018-08-04 18:19:08.675340,0.9375,0.19917213916778564
8784,182,,,2018-08-04 18:19:09.609688,0.953125,0.15313345193862915
8785,183,,,2018-08-04 18:19:10.482360,0.953125,0.17353826761245728
8786,184,,,2018-08-04 18:19:11.365702,0.90625,0.27388545870780945
8787,185,,,2018-08-04 18:19:12.242613,0.984375,0.17504984140396118
8788,186,,,2018-08-04 18:19:13.124494,0.875,0.2977074384689331
8789,187,,,2018-08-04 18:19:14.017282,0.90625,0.2654578387737274
8790,188,,,2018-08-04 18:19:14.947964,0.9375,0.1591186672449112
8791,189,,,2018-08-04 18:19:15.897127,0.953125,0.14892928302288055
8792,190,,,2018-08-04 18:19:16.794009,0.96875,0.14946019649505615
8793,191,,,2018-08-04 18:19:17.702791,0.921875,0.2254406362771988
8794,192,,,2018-08-04 18:19:18.593738,0.96875,0.1267402470111847
8795,193,,,2018-08-04 18:19:19.518004,0.953125,0.19008225202560425
8796,194,,,2018-08-04 18:19:20.400728,0.9375,0.14696580171585083
8797,195,,,2018-08-04 18:19:21.290180,0.953125,0.14447276294231415
8798,196,,,2018-08-04 18:19:22.261132,0.953125,0.2055741846561432
8799,197,,,2018-08-04 18:19:23.129485,0.9375,0.1726791262626648
8800,198,,,2018-08-04 18:19:24.058890,0.90625,0.2797451615333557
8801,199,,,2018-08-04 18:19:24.990715,0.9375,0.16271398961544037
8802,200,0.6635,1.2499932050704956,2018-08-04 18:19:25.960781,0.921875,0.25723695755004883
8803,201,,,2018-08-04 18:20:19.128830,0.90625,0.26855024695396423
8804,202,,,2018-08-04 18:20:20.067833,0.96875,0.14106154441833496
8805,203,,,2018-08-04 18:20:21.056363,0.9375,0.18911057710647583
8806,204,,,2018-08-04 18:20:21.965253,0.984375,0.11951219290494919
8807,205,,,2018-08-04 18:20:22.856223,0.9375,0.2332853227853775
8808,206,,,2018-08-04 18:20:23.743534,0.90625,0.24310676753520966
8809,207,,,2018-08-04 18:20:24.636604,0.96875,0.20249250531196594
8810,208,,,2018-08-04 18:20:25.637037,0.953125,0.11158796399831772
8811,209,,,2018-08-04 18:20:26.483482,0.984375,0.1288483440876007
8812,210,,,2018-08-04 18:20:27.346570,0.96875,0.10705795884132385
8813,211,,,2018-08-04 18:20:28.215108,0.921875,0.18309050798416138
8814,212,,,2018-08-04 18:20:29.006259,0.9375,0.202697291970253
8815,213,,,2018-08-04 18:20:29.868094,0.921875,0.25737401843070984
8816,214,,,2018-08-04 18:20:30.716511,0.984375,0.1195647269487381
8817,215,,,2018-08-04 18:20:31.607756,0.953125,0.1672871708869934
8818,216,,,2018-08-04 18:20:32.631595,0.96875,0.1759980022907257
8819,217,,,2018-08-04 18:20:33.609119,0.984375,0.13315878808498383
8820,218,,,2018-08-04 18:20:34.449605,0.984375,0.1506764143705368
8821,219,,,2018-08-04 18:20:35.247868,0.921875,0.23169423639774323
8822,220,0.6618,1.250319480895996,2018-08-04 18:20:36.050344,0.921875,0.24139311909675598
8823,221,,,2018-08-04 18:21:25.367403,0.9375,0.21152131259441376
8824,222,,,2018-08-04 18:21:26.317876,0.9375,0.17942899465560913
8825,223,,,2018-08-04 18:21:27.130115,0.84375,0.5418845415115356
8826,224,,,2018-08-04 18:21:28.052536,0.890625,0.2385353446006775
8827,225,,,2018-08-04 18:21:28.957153,0.953125,0.1593971848487854
8828,226,,,2018-08-04 18:21:29.810942,0.96875,0.15218713879585266
8829,227,,,2018-08-04 18:21:30.717187,0.984375,0.13600894808769226
8830,228,,,2018-08-04 18:21:31.611987,0.96875,0.16634458303451538
8831,229,,,2018-08-04 18:21:32.477738,0.9375,0.24624435603618622
8832,230,,,2018-08-04 18:21:33.387868,0.96875,0.1372421830892563
8833,231,,,2018-08-04 18:21:34.300723,0.953125,0.214874729514122
8834,232,,,2018-08-04 18:21:35.147054,0.921875,0.2563282549381256
8835,233,,,2018-08-04 18:21:36.060464,1.0,0.12702368199825287
8836,234,,,2018-08-04 18:21:36.884265,0.875,0.25840550661087036
8837,235,,,2018-08-04 18:21:37.769479,0.9375,0.16929176449775696
8838,236,,,2018-08-04 18:21:38.720618,0.953125,0.14924925565719604
8839,237,,,2018-08-04 18:21:39.660648,0.90625,0.31368255615234375
8840,238,,,2018-08-04 18:21:40.542401,0.9375,0.1678023487329483
8841,239,,,2018-08-04 18:21:41.378297,0.859375,0.38059544563293457
8842,240,0.665,1.2539308071136475,2018-08-04 18:21:42.266751,0.9375,0.16250252723693848
8843,241,,,2018-08-04 18:22:31.171331,0.953125,0.1546069085597992
8844,242,,,2018-08-04 18:22:32.045929,0.953125,0.22746127843856812
8845,243,,,2018-08-04 18:22:32.933545,0.921875,0.25751590728759766
8846,244,,,2018-08-04 18:22:33.827467,0.921875,0.25801119208335876
8847,245,,,2018-08-04 18:22:34.668127,0.921875,0.18750765919685364
8848,246,,,2018-08-04 18:22:35.536875,0.953125,0.18485432863235474
8849,247,,,2018-08-04 18:22:36.382621,0.953125,0.17003390192985535
8850,248,,,2018-08-04 18:22:37.210521,0.9375,0.1694999635219574
8851,249,,,2018-08-04 18:22:38.077393,0.9375,0.17894048988819122
8852,250,,,2018-08-04 18:22:39.008192,0.921875,0.19587577879428864
8853,251,,,2018-08-04 18:22:39.914701,0.984375,0.0844372883439064
8854,252,,,2018-08-04 18:22:40.839231,0.96875,0.11180050671100616
8855,253,,,2018-08-04 18:22:41.697262,0.953125,0.2245919406414032
8856,254,,,2018-08-04 18:22:42.631740,0.875,0.26573359966278076
8857,255,,,2018-08-04 18:22:43.443487,0.96875,0.16762924194335938
8858,256,,,2018-08-04 18:22:44.283182,0.953125,0.17624856531620026
8859,257,,,2018-08-04 18:22:45.133851,0.953125,0.27213194966316223
8860,258,,,2018-08-04 18:22:46.023559,0.953125,0.17353400588035583
8861,259,,,2018-08-04 18:22:46.980357,0.921875,0.21308563649654388
8862,260,0.6627,1.2544434070587158,2018-08-04 18:22:47.904342,0.921875,0.3370700180530548
8863,261,,,2018-08-04 18:23:38.980995,0.9375,0.17790952324867249
8864,262,,,2018-08-04 18:23:39.887587,0.875,0.333591103553772
8865,263,,,2018-08-04 18:23:40.863197,0.96875,0.12519104778766632
8866,264,,,2018-08-04 18:23:41.718751,0.953125,0.2250864952802658
8867,265,,,2018-08-04 18:23:42.583235,0.9375,0.2327299863100052
8868,266,,,2018-08-04 18:23:43.471566,0.90625,0.2156616449356079
8869,267,,,2018-08-04 18:23:44.342573,0.96875,0.18981391191482544
8870,268,,,2018-08-04 18:23:45.236801,0.859375,0.3426593840122223
8871,269,,,2018-08-04 18:23:46.190844,0.953125,0.12568418681621552
8872,270,,,2018-08-04 18:23:47.065448,0.96875,0.13499054312705994
8873,271,,,2018-08-04 18:23:48.003763,0.9375,0.2511123716831207
8874,272,,,2018-08-04 18:23:48.837272,0.921875,0.2123185098171234
8875,273,,,2018-08-04 18:23:49.683776,0.9375,0.2073608785867691
8876,274,,,2018-08-04 18:23:50.562347,0.921875,0.24212044477462769
8877,275,,,2018-08-04 18:23:51.483067,0.9375,0.21806354820728302
8878,276,,,2018-08-04 18:23:52.333821,0.9375,0.17290394008159637
8879,277,,,2018-08-04 18:23:53.226362,0.953125,0.17373424768447876
8880,278,,,2018-08-04 18:23:54.111355,0.96875,0.14980049431324005
8881,279,,,2018-08-04 18:23:54.941730,0.984375,0.10811229795217514
8882,280,0.6625,1.2563507556915283,2018-08-04 18:23:55.832776,1.0,0.09885592013597488
8883,281,,,2018-08-04 18:24:46.903083,0.953125,0.1547737419605255
8884,282,,,2018-08-04 18:24:47.846891,0.90625,0.2405005395412445
8885,283,,,2018-08-04 18:24:48.726693,0.9375,0.20705999433994293
8886,284,,,2018-08-04 18:24:49.613871,0.9375,0.21305909752845764
8887,285,,,2018-08-04 18:24:50.538401,0.890625,0.2345477044582367
8888,286,,,2018-08-04 18:24:51.458592,0.90625,0.2766138017177582
8889,287,,,2018-08-04 18:24:52.415558,0.9375,0.18730351328849792
8890,288,,,2018-08-04 18:24:53.379022,0.9375,0.2428109049797058
8891,289,,,2018-08-04 18:24:54.276486,0.90625,0.28319090604782104
8892,290,,,2018-08-04 18:24:55.227156,0.953125,0.17559459805488586
8893,291,,,2018-08-04 18:24:56.120079,0.96875,0.1388089656829834
8894,292,,,2018-08-04 18:24:57.035029,0.984375,0.14302793145179749
8895,293,,,2018-08-04 18:24:57.933793,0.953125,0.15191178023815155
8896,294,,,2018-08-04 18:24:58.841087,0.9375,0.21181930601596832
8897,295,,,2018-08-04 18:24:59.721990,0.96875,0.1273241639137268
8898,296,,,2018-08-04 18:25:00.645113,0.90625,0.3097837269306183
8899,297,,,2018-08-04 18:25:01.638774,0.9375,0.20305678248405457
8900,298,,,2018-08-04 18:25:02.556620,0.9375,0.17483703792095184
8901,299,,,2018-08-04 18:25:03.479880,0.921875,0.2291429042816162
8902,300,0.6637,1.254103183746338,2018-08-04 18:25:04.445297,0.96875,0.22976413369178772
8903,301,,,2018-08-04 18:25:55.538225,0.96875,0.11561023443937302
8904,302,,,2018-08-04 18:25:56.426777,0.96875,0.14718779921531677
8905,303,,,2018-08-04 18:25:57.361459,0.9375,0.14835651218891144
8906,304,,,2018-08-04 18:25:58.238360,0.921875,0.18773679435253143
8907,305,,,2018-08-04 18:25:59.172195,0.890625,0.22668613493442535
8908,306,,,2018-08-04 18:26:00.020665,0.90625,0.24737471342086792
8909,307,,,2018-08-04 18:26:00.926500,0.921875,0.25384679436683655
8910,308,,,2018-08-04 18:26:01.813226,0.9375,0.2935449481010437
8911,309,,,2018-08-04 18:26:02.659354,1.0,0.125008687376976
8912,310,,,2018-08-04 18:26:03.570232,0.953125,0.11001323908567429
8913,311,,,2018-08-04 18:26:04.431131,0.921875,0.21553297340869904
8914,312,,,2018-08-04 18:26:05.236183,0.96875,0.1476452797651291
8915,313,,,2018-08-04 18:26:06.126224,0.953125,0.12185677886009216
8916,314,,,2018-08-04 18:26:06.985548,0.921875,0.2928607165813446
8917,315,,,2018-08-04 18:26:07.835904,0.875,0.2699008882045746
8918,316,,,2018-08-04 18:26:08.698832,0.90625,0.23217329382896423
8919,317,,,2018-08-04 18:26:09.557502,0.953125,0.1391543596982956
8920,318,,,2018-08-04 18:26:10.376993,0.90625,0.2973872423171997
8921,319,,,2018-08-04 18:26:11.246106,0.984375,0.1339864879846573
8922,320,0.6644,1.2573325634002686,2018-08-04 18:26:12.064683,0.90625,0.26543062925338745
8923,321,,,2018-08-04 18:27:02.959881,0.96875,0.16123399138450623
8924,322,,,2018-08-04 18:27:03.880603,0.96875,0.14132127165794373
8925,323,,,2018-08-04 18:27:04.753543,0.96875,0.1536760926246643
8926,324,,,2018-08-04 18:27:05.637990,0.953125,0.15068502724170685
8927,325,,,2018-08-04 18:27:06.518508,0.9375,0.26927363872528076
8928,326,,,2018-08-04 18:27:07.379755,0.953125,0.22235772013664246
8929,327,,,2018-08-04 18:27:08.268032,0.953125,0.14593417942523956
8930,328,,,2018-08-04 18:27:09.224536,0.90625,0.24145552515983582
8931,329,,,2018-08-04 18:27:10.084059,0.921875,0.20754024386405945
8932,330,,,2018-08-04 18:27:10.962599,0.859375,0.34380000829696655
8933,331,,,2018-08-04 18:27:11.832921,0.9375,0.23521006107330322
8934,332,,,2018-08-04 18:27:12.734341,0.9375,0.24573087692260742
8935,333,,,2018-08-04 18:27:13.614511,0.96875,0.17274868488311768
8936,334,,,2018-08-04 18:27:14.506483,0.953125,0.15033937990665436
8937,335,,,2018-08-04 18:27:15.407423,0.9375,0.24088943004608154
8938,336,,,2018-08-04 18:27:16.338751,0.921875,0.2183569371700287
8939,337,,,2018-08-04 18:27:17.270333,0.9375,0.21867364645004272
8940,338,,,2018-08-04 18:27:18.224443,0.953125,0.14591413736343384
8941,339,,,2018-08-04 18:27:19.062339,0.9375,0.22212597727775574
8942,340,0.6643,1.2589017152786255,2018-08-04 18:27:19.968718,0.921875,0.2623808979988098
8943,341,,,2018-08-04 18:28:10.588846,0.9375,0.22707679867744446
8944,342,,,2018-08-04 18:28:11.502980,0.953125,0.16550089418888092
8945,343,,,2018-08-04 18:28:12.373547,0.921875,0.23767970502376556
8946,344,,,2018-08-04 18:28:13.330028,0.859375,0.3179033100605011
8947,345,,,2018-08-04 18:28:14.307548,0.9375,0.1952080875635147
8948,346,,,2018-08-04 18:28:15.262094,0.921875,0.21032597124576569
8949,347,,,2018-08-04 18:28:16.206193,1.0,0.13391518592834473
8950,348,,,2018-08-04 18:28:17.073257,0.953125,0.1423185169696808
8951,349,,,2018-08-04 18:28:17.926439,0.953125,0.16261562705039978
8952,350,,,2018-08-04 18:28:18.845592,0.96875,0.11623600125312805
8953,351,,,2018-08-04 18:28:19.784198,0.953125,0.14276841282844543
8954,352,,,2018-08-04 18:28:20.684705,0.921875,0.22763068974018097
8955,353,,,2018-08-04 18:28:21.612810,0.9375,0.16111761331558228
8956,354,,,2018-08-04 18:28:22.444710,0.96875,0.13818170130252838
8957,355,,,2018-08-04 18:28:23.346415,0.953125,0.17393670976161957
8958,356,,,2018-08-04 18:28:24.310960,0.9375,0.16125963628292084
8959,357,,,2018-08-04 18:28:25.274925,0.953125,0.14705204963684082
8960,358,,,2018-08-04 18:28:26.139072,0.953125,0.15705080330371857
8961,359,,,2018-08-04 18:28:27.083635,0.90625,0.2534448504447937
8962,360,0.6644,1.2599546909332275,2018-08-04 18:28:27.945276,0.96875,0.18058782815933228
8963,361,,,2018-08-04 18:29:17.794148,0.921875,0.3112976551055908
8964,362,,,2018-08-04 18:29:18.791620,0.9375,0.18746317923069
8965,363,,,2018-08-04 18:29:19.670297,0.953125,0.16605649888515472
8966,364,,,2018-08-04 18:29:20.547194,0.90625,0.30584922432899475
8967,365,,,2018-08-04 18:29:21.357216,0.96875,0.13504154980182648
8968,366,,,2018-08-04 18:29:22.101799,0.890625,0.355080783367157
8969,367,,,2018-08-04 18:29:22.954798,0.953125,0.19581250846385956
8970,368,,,2018-08-04 18:29:23.841055,0.9375,0.19354002177715302
8971,369,,,2018-08-04 18:29:24.727216,0.921875,0.3270466923713684
8972,370,,,2018-08-04 18:29:25.537727,0.9375,0.1498720794916153
8973,371,,,2018-08-04 18:29:26.409577,0.96875,0.22268307209014893
8974,372,,,2018-08-04 18:29:27.265655,0.890625,0.26130202412605286
8975,373,,,2018-08-04 18:29:28.096385,0.9375,0.17900395393371582
8976,374,,,2018-08-04 18:29:28.912669,0.96875,0.14198046922683716
8977,375,,,2018-08-04 18:29:29.799862,0.984375,0.09507256001234055
8978,376,,,2018-08-04 18:29:30.652234,0.953125,0.17978928983211517
8979,377,,,2018-08-04 18:29:31.573135,1.0,0.08885375410318375
8980,378,,,2018-08-04 18:29:32.547306,0.90625,0.2678576707839966
8981,379,,,2018-08-04 18:29:33.452011,0.9375,0.24338166415691376
8982,380,0.6644,1.2608429193496704,2018-08-04 18:29:34.394384,0.90625,0.24254286289215088
8983,381,,,2018-08-04 18:30:24.718530,0.984375,0.10936363786458969
8984,382,,,2018-08-04 18:30:25.655551,0.953125,0.13138166069984436
8985,383,,,2018-08-04 18:30:26.591442,0.90625,0.2629993259906769
8986,384,,,2018-08-04 18:30:27.490716,0.890625,0.3056018650531769
8987,385,,,2018-08-04 18:30:28.432094,0.921875,0.21090860664844513
8988,386,,,2018-08-04 18:30:29.409605,0.921875,0.3444327116012573
8989,387,,,2018-08-04 18:30:30.348197,0.953125,0.1565939337015152
8990,388,,,2018-08-04 18:30:31.229390,0.921875,0.16386353969573975
8991,389,,,2018-08-04 18:30:32.116025,0.875,0.3276982307434082
8992,390,,,2018-08-04 18:30:33.016949,0.9375,0.22489018738269806
8993,391,,,2018-08-04 18:30:33.927237,0.90625,0.20054931938648224
8994,392,,,2018-08-04 18:30:34.757856,0.921875,0.23930150270462036
8995,393,,,2018-08-04 18:30:35.592803,0.953125,0.25069111585617065
8996,394,,,2018-08-04 18:30:36.450229,0.890625,0.319898396730423
8997,395,,,2018-08-04 18:30:37.383000,0.9375,0.14197225868701935
8998,396,,,2018-08-04 18:30:38.363346,0.859375,0.4420560896396637
8999,397,,,2018-08-04 18:30:39.322571,0.9375,0.1962217092514038
9000,398,,,2018-08-04 18:30:40.232018,0.921875,0.2233009785413742
9001,399,,,2018-08-04 18:30:41.090605,0.875,0.29108768701553345
9002,400,0.6647,1.2654216289520264,2018-08-04 18:30:41.944364,0.890625,0.29435545206069946
9003,401,,,2018-08-04 18:31:31.219546,0.9375,0.20652250945568085
9004,402,,,2018-08-04 18:31:32.126194,0.921875,0.22655339539051056
9005,403,,,2018-08-04 18:31:33.034281,0.9375,0.18803651630878448
9006,404,,,2018-08-04 18:31:33.914850,0.96875,0.1651916801929474
9007,405,,,2018-08-04 18:31:34.792668,0.90625,0.2395724356174469
9008,406,,,2018-08-04 18:31:35.579469,0.9375,0.2469194531440735
9009,407,,,2018-08-04 18:31:36.445415,0.90625,0.24338297545909882
9010,408,,,2018-08-04 18:31:37.360016,0.921875,0.19721627235412598
9011,409,,,2018-08-04 18:31:38.297951,0.9375,0.23428170382976532
9012,410,,,2018-08-04 18:31:39.178770,0.890625,0.2986498773097992
9013,411,,,2018-08-04 18:31:40.108889,0.890625,0.2259402573108673
9014,412,,,2018-08-04 18:31:41.006191,0.859375,0.29364126920700073
9015,413,,,2018-08-04 18:31:41.902236,0.9375,0.2284524142742157
9016,414,,,2018-08-04 18:31:42.885145,0.984375,0.12844859063625336
9017,415,,,2018-08-04 18:31:43.800199,0.984375,0.09483151882886887
9018,416,,,2018-08-04 18:31:44.756540,0.984375,0.11593636870384216
9019,417,,,2018-08-04 18:31:45.697523,0.90625,0.2691689133644104
9020,418,,,2018-08-04 18:31:46.623783,0.90625,0.3047991096973419
9021,419,,,2018-08-04 18:31:47.537450,0.953125,0.21250678598880768
9022,420,0.664,1.2676035165786743,2018-08-04 18:31:48.497523,0.90625,0.2596428692340851
9023,421,,,2018-08-04 18:32:39.008342,0.921875,0.1523040533065796
9024,422,,,2018-08-04 18:32:39.866934,0.9375,0.23132362961769104
9025,423,,,2018-08-04 18:32:40.817924,0.96875,0.19767621159553528
9026,424,,,2018-08-04 18:32:41.735512,0.953125,0.15155327320098877
9027,425,,,2018-08-04 18:32:42.578359,0.921875,0.17388510704040527
9028,426,,,2018-08-04 18:32:43.520666,0.859375,0.32068341970443726
9029,427,,,2018-08-04 18:32:44.447133,0.953125,0.11098241060972214
9030,428,,,2018-08-04 18:32:45.426384,0.953125,0.11591645330190659
9031,429,,,2018-08-04 18:32:46.387265,0.9375,0.21006104350090027
9032,430,,,2018-08-04 18:32:47.263320,0.921875,0.2010810375213623
9033,431,,,2018-08-04 18:32:48.122665,0.953125,0.3730340003967285
9034,432,,,2018-08-04 18:32:48.989760,0.9375,0.14457938075065613
9035,433,,,2018-08-04 18:32:49.837980,0.90625,0.23301367461681366
9036,434,,,2018-08-04 18:32:50.704625,0.921875,0.2106287181377411
9037,435,,,2018-08-04 18:32:51.571248,0.953125,0.15920381247997284
9038,436,,,2018-08-04 18:32:52.481000,0.96875,0.17082053422927856
9039,437,,,2018-08-04 18:32:53.343187,0.90625,0.23362186551094055
9040,438,,,2018-08-04 18:32:54.186554,0.953125,0.23897196352481842
9041,439,,,2018-08-04 18:32:55.046664,0.953125,0.18679986894130707
9042,440,0.6646,1.270092248916626,2018-08-04 18:32:55.939192,0.90625,0.23726242780685425
9043,441,,,2018-08-04 18:33:45.360882,0.921875,0.27952924370765686
9044,442,,,2018-08-04 18:33:46.286930,0.9375,0.21421706676483154
9045,443,,,2018-08-04 18:33:47.122253,0.953125,0.18560323119163513
9046,444,,,2018-08-04 18:33:48.004811,0.953125,0.18120668828487396
9047,445,,,2018-08-04 18:33:48.886726,0.953125,0.27443259954452515
9048,446,,,2018-08-04 18:33:49.754654,0.984375,0.1284954845905304
9049,447,,,2018-08-04 18:33:50.648989,0.890625,0.2801726162433624
9050,448,,,2018-08-04 18:33:51.543164,0.9375,0.18181368708610535
9051,449,,,2018-08-04 18:33:52.480172,0.90625,0.2385902851819992
9052,450,,,2018-08-04 18:33:53.343911,0.96875,0.20260916650295258
9053,451,,,2018-08-04 18:33:54.193286,0.90625,0.31729936599731445
9054,452,,,2018-08-04 18:33:55.043166,0.9375,0.2305288165807724
9055,453,,,2018-08-04 18:33:55.932591,0.953125,0.20952938497066498
9056,454,,,2018-08-04 18:33:56.791634,0.96875,0.17171257734298706
9057,455,,,2018-08-04 18:33:57.641182,0.90625,0.29197317361831665
9058,456,,,2018-08-04 18:33:58.596342,0.9375,0.14994756877422333
9059,457,,,2018-08-04 18:33:59.556892,0.96875,0.17353425920009613
9060,458,,,2018-08-04 18:34:00.482845,0.921875,0.22386792302131653
9061,459,,,2018-08-04 18:34:01.361807,0.96875,0.147069051861763
9062,460,0.6629,1.270601511001587,2018-08-04 18:34:02.284443,0.921875,0.17639170587062836
9063,461,,,2018-08-04 18:34:52.986173,0.9375,0.21687355637550354
9064,462,,,2018-08-04 18:34:53.882396,0.96875,0.1229909285902977
9065,463,,,2018-08-04 18:34:54.806012,0.9375,0.15603671967983246
9066,464,,,2018-08-04 18:34:55.691541,0.890625,0.36205822229385376
9067,465,,,2018-08-04 18:34:56.582977,0.96875,0.14959390461444855
9068,466,,,2018-08-04 18:34:57.487065,0.921875,0.22462661564350128
9069,467,,,2018-08-04 18:34:58.379888,0.984375,0.10360682010650635
9070,468,,,2018-08-04 18:34:59.295002,0.9375,0.16172276437282562
9071,469,,,2018-08-04 18:35:00.155410,0.96875,0.17095965147018433
9072,470,,,2018-08-04 18:35:00.982238,0.96875,0.1659335196018219
9073,471,,,2018-08-04 18:35:01.779706,0.9375,0.18853960931301117
9074,472,,,2018-08-04 18:35:02.678343,0.921875,0.24424055218696594
9075,473,,,2018-08-04 18:35:03.551112,0.96875,0.1420605629682541
9076,474,,,2018-08-04 18:35:04.368348,0.96875,0.1235949918627739
9077,475,,,2018-08-04 18:35:05.210857,0.984375,0.15626022219657898
9078,476,,,2018-08-04 18:35:06.118825,0.984375,0.16207754611968994
9079,477,,,2018-08-04 18:35:07.002161,0.9375,0.20633704960346222
9080,478,,,2018-08-04 18:35:07.888423,0.953125,0.1700310856103897
9081,479,,,2018-08-04 18:35:08.799146,0.96875,0.10894442349672318
9082,480,0.6642,1.2735768556594849,2018-08-04 18:35:09.704642,0.96875,0.12262081354856491
9083,481,,,2018-08-04 18:35:59.007714,0.921875,0.2787640392780304
9084,482,,,2018-08-04 18:35:59.929611,0.90625,0.19766567647457123
9085,483,,,2018-08-04 18:36:00.796617,0.953125,0.28571557998657227
9086,484,,,2018-08-04 18:36:01.683111,0.953125,0.24079488217830658
9087,485,,,2018-08-04 18:36:02.558801,0.9375,0.18034684658050537
9088,486,,,2018-08-04 18:36:03.425054,0.96875,0.16627633571624756
9089,487,,,2018-08-04 18:36:04.291991,0.921875,0.2830759584903717
9090,488,,,2018-08-04 18:36:05.180998,0.9375,0.1711447387933731
9091,489,,,2018-08-04 18:36:06.034583,0.984375,0.11559506505727768
9092,490,,,2018-08-04 18:36:06.890251,0.9375,0.16403783857822418
9093,491,,,2018-08-04 18:36:07.783782,0.953125,0.15178288519382477
9094,492,,,2018-08-04 18:36:08.733307,0.9375,0.1880386471748352
9095,493,,,2018-08-04 18:36:09.666790,0.921875,0.24119997024536133
9096,494,,,2018-08-04 18:36:10.524311,0.9375,0.14637917280197144
9097,495,,,2018-08-04 18:36:11.393241,0.859375,0.3963535726070404
9098,496,,,2018-08-04 18:36:12.201704,0.984375,0.1138329952955246
9099,497,,,2018-08-04 18:36:13.061063,0.90625,0.2941422760486603
9100,498,,,2018-08-04 18:36:13.997654,0.953125,0.17650862038135529
9101,499,,,2018-08-04 18:36:14.913763,0.90625,0.24744339287281036
9102,500,0.6649,1.2778749465942383,2018-08-04 18:36:15.807451,0.9375,0.1588449627161026
9103,501,,,2018-08-04 18:37:07.180140,0.984375,0.16981709003448486
9104,502,,,2018-08-04 18:37:08.129177,0.953125,0.15898562967777252
9105,503,,,2018-08-04 18:37:09.062370,0.96875,0.20642483234405518
9106,504,,,2018-08-04 18:37:09.977195,0.921875,0.24574124813079834
9107,505,,,2018-08-04 18:37:10.885441,0.921875,0.24630367755889893
9108,506,,,2018-08-04 18:37:11.793317,0.9375,0.2579185366630554
9109,507,,,2018-08-04 18:37:12.711499,0.984375,0.16201119124889374
9110,508,,,2018-08-04 18:37:13.574535,0.953125,0.1734386533498764
9111,509,,,2018-08-04 18:37:14.463825,0.921875,0.16051481664180756
9112,510,,,2018-08-04 18:37:15.351115,0.953125,0.20647211372852325
9113,511,,,2018-08-04 18:37:16.279172,0.9375,0.18719696998596191
9114,512,,,2018-08-04 18:37:17.158140,0.9375,0.28156939148902893
9115,513,,,2018-08-04 18:37:18.057879,0.921875,0.1705314815044403
9116,514,,,2018-08-04 18:37:18.875434,0.96875,0.20510342717170715
9117,515,,,2018-08-04 18:37:19.781725,0.953125,0.14204734563827515
9118,516,,,2018-08-04 18:37:20.671751,0.953125,0.2190336287021637
9119,517,,,2018-08-04 18:37:21.560031,0.953125,0.2079419195652008
9120,518,,,2018-08-04 18:37:22.532452,0.96875,0.22392553091049194
9121,519,,,2018-08-04 18:37:23.451635,0.96875,0.1654055267572403
9122,520,0.6641,1.2752772569656372,2018-08-04 18:37:24.362074,0.953125,0.17558607459068298
9123,521,,,2018-08-04 18:38:15.624134,0.953125,0.2128266841173172
9124,522,,,2018-08-04 18:38:16.520723,0.984375,0.10699565708637238
9125,523,,,2018-08-04 18:38:17.406128,0.953125,0.18497981131076813
9126,524,,,2018-08-04 18:38:18.348675,0.9375,0.2667441964149475
9127,525,,,2018-08-04 18:38:19.246822,0.984375,0.10893241316080093
9128,526,,,2018-08-04 18:38:20.079725,0.90625,0.3392365276813507
9129,527,,,2018-08-04 18:38:20.933826,0.9375,0.1740131974220276
9130,528,,,2018-08-04 18:38:21.783778,1.0,0.11732257157564163
9131,529,,,2018-08-04 18:38:22.663476,0.96875,0.12374335527420044
9132,530,,,2018-08-04 18:38:23.523949,0.984375,0.1677938848733902
9133,531,,,2018-08-04 18:38:24.363341,0.953125,0.14790283143520355
9134,532,,,2018-08-04 18:38:25.191004,0.90625,0.2158661186695099
9135,533,,,2018-08-04 18:38:26.089384,0.90625,0.24175624549388885
9136,534,,,2018-08-04 18:38:26.919507,0.921875,0.23369063436985016
9137,535,,,2018-08-04 18:38:27.822051,0.96875,0.13516132533550262
9138,536,,,2018-08-04 18:38:28.641799,0.953125,0.21421416103839874
9139,537,,,2018-08-04 18:38:29.513115,1.0,0.07609418779611588
9140,538,,,2018-08-04 18:38:30.402193,0.984375,0.16990187764167786
9141,539,,,2018-08-04 18:38:31.244421,0.921875,0.32659798860549927
9142,540,0.6636,1.2742429971694946,2018-08-04 18:38:32.105275,0.953125,0.19560858607292175
9143,541,,,2018-08-04 18:39:23.152449,0.953125,0.1399015337228775
9144,542,,,2018-08-04 18:39:24.035869,0.9375,0.180486798286438
9145,543,,,2018-08-04 18:39:24.966647,0.96875,0.162675678730011
9146,544,,,2018-08-04 18:39:25.830692,0.96875,0.12225525826215744
9147,545,,,2018-08-04 18:39:26.715899,0.953125,0.22579637169837952
9148,546,,,2018-08-04 18:39:27.621230,0.953125,0.1778150498867035
9149,547,,,2018-08-04 18:39:28.532389,0.921875,0.2603292763233185
9150,548,,,2018-08-04 18:39:29.475111,0.921875,0.2298460304737091
9151,549,,,2018-08-04 18:39:30.344647,0.96875,0.12555371224880219
9152,550,,,2018-08-04 18:39:31.172176,0.90625,0.18118976056575775
9153,551,,,2018-08-04 18:39:32.004637,0.96875,0.17265401780605316
9154,552,,,2018-08-04 18:39:32.929804,0.9375,0.18398526310920715
9155,553,,,2018-08-04 18:39:33.846371,0.984375,0.09847826510667801
9156,554,,,2018-08-04 18:39:34.679365,0.90625,0.2078649401664734
9157,555,,,2018-08-04 18:39:35.542469,0.9375,0.22037272155284882
9158,556,,,2018-08-04 18:39:36.453340,0.96875,0.1276446431875229
9159,557,,,2018-08-04 18:39:37.391181,0.921875,0.25190263986587524
9160,558,,,2018-08-04 18:39:38.299932,0.921875,0.15542440116405487
9161,559,,,2018-08-04 18:39:39.186937,0.953125,0.2023649364709854
9162,560,0.6643,1.2742987871170044,2018-08-04 18:39:40.038329,0.921875,0.17749573290348053
9163,561,,,2018-08-04 18:40:30.570747,0.890625,0.3011731207370758
9164,562,,,2018-08-04 18:40:31.457685,0.96875,0.16225318610668182
9165,563,,,2018-08-04 18:40:32.339029,0.9375,0.22547157108783722
9166,564,,,2018-08-04 18:40:33.246907,0.96875,0.14860883355140686
9167,565,,,2018-08-04 18:40:34.169874,0.953125,0.2174871414899826
9168,566,,,2018-08-04 18:40:35.115402,0.9375,0.25782161951065063
9169,567,,,2018-08-04 18:40:36.082744,0.953125,0.1659126728773117
9170,568,,,2018-08-04 18:40:37.026748,0.921875,0.2118074893951416
9171,569,,,2018-08-04 18:40:37.941834,0.9375,0.1708710491657257
9172,570,,,2018-08-04 18:40:38.916531,0.984375,0.09204667806625366
9173,571,,,2018-08-04 18:40:39.861648,0.953125,0.14008888602256775
9174,572,,,2018-08-04 18:40:40.789587,0.96875,0.17361964285373688
9175,573,,,2018-08-04 18:40:41.651946,0.984375,0.10181034356355667
9176,574,,,2018-08-04 18:40:42.525399,0.921875,0.2235255390405655
9177,575,,,2018-08-04 18:40:43.485503,0.96875,0.13167864084243774
9178,576,,,2018-08-04 18:40:44.344132,0.984375,0.12480641156435013
9179,577,,,2018-08-04 18:40:45.220809,0.9375,0.2120441347360611
9180,578,,,2018-08-04 18:40:46.204088,0.953125,0.13132163882255554
9181,579,,,2018-08-04 18:40:47.138360,0.9375,0.24933071434497833
9182,580,0.6637,1.2804945707321167,2018-08-04 18:40:48.041752,0.953125,0.21015812456607819
9183,581,,,2018-08-04 18:41:37.951085,0.953125,0.1317587047815323
9184,582,,,2018-08-04 18:41:38.895466,0.921875,0.25710585713386536
9185,583,,,2018-08-04 18:41:39.796514,0.9375,0.1779223382472992
9186,584,,,2018-08-04 18:41:40.613281,0.953125,0.1384909301996231
9187,585,,,2018-08-04 18:41:41.540791,0.890625,0.2779550552368164
9188,586,,,2018-08-04 18:41:42.453619,0.9375,0.21996647119522095
9189,587,,,2018-08-04 18:41:43.366945,0.90625,0.22131416201591492
9190,588,,,2018-08-04 18:41:44.248268,0.9375,0.2599053382873535
9191,589,,,2018-08-04 18:41:45.128613,0.953125,0.1725076586008072
9192,590,,,2018-08-04 18:41:45.918314,0.96875,0.09826280176639557
9193,591,,,2018-08-04 18:41:46.773322,0.953125,0.1871408075094223
9194,592,,,2018-08-04 18:41:47.680977,0.96875,0.12411270290613174
9195,593,,,2018-08-04 18:41:48.566320,0.953125,0.14526471495628357
9196,594,,,2018-08-04 18:41:49.415367,0.96875,0.1512921005487442
9197,595,,,2018-08-04 18:41:50.331706,0.96875,0.16632866859436035
9198,596,,,2018-08-04 18:41:51.249029,0.953125,0.20668326318264008
9199,597,,,2018-08-04 18:41:52.122546,0.984375,0.15198878943920135
9200,598,,,2018-08-04 18:41:53.110150,0.953125,0.17312099039554596
9201,599,,,2018-08-04 18:41:54.045784,0.96875,0.14840258657932281
9202,600,0.6643,1.2844748497009277,2018-08-04 18:41:54.986575,0.921875,0.20764325559139252
9203,601,,,2018-08-04 18:42:45.476231,0.921875,0.2380373626947403
9204,602,,,2018-08-04 18:42:46.366887,0.9375,0.19403767585754395
9205,603,,,2018-08-04 18:42:47.153857,0.90625,0.2461651712656021
9206,604,,,2018-08-04 18:42:47.971578,0.9375,0.22931057214736938
9207,605,,,2018-08-04 18:42:48.871857,0.9375,0.2508736848831177
9208,606,,,2018-08-04 18:42:49.803431,0.875,0.2905348539352417
9209,607,,,2018-08-04 18:42:50.709534,0.890625,0.2836625874042511
9210,608,,,2018-08-04 18:42:51.587100,0.953125,0.2011360377073288
9211,609,,,2018-08-04 18:42:52.449266,0.984375,0.12259145826101303
9212,610,,,2018-08-04 18:42:53.307086,0.9375,0.21225637197494507
9213,611,,,2018-08-04 18:42:54.185181,0.96875,0.12359409034252167
9214,612,,,2018-08-04 18:42:54.991083,0.984375,0.10235986113548279
9215,613,,,2018-08-04 18:42:55.886928,0.921875,0.20566092431545258
9216,614,,,2018-08-04 18:42:56.700975,0.921875,0.19497855007648468
9217,615,,,2018-08-04 18:42:57.557464,0.96875,0.09689278900623322
9218,616,,,2018-08-04 18:42:58.411730,0.9375,0.19258779287338257
9219,617,,,2018-08-04 18:42:59.275336,0.953125,0.15864236652851105
9220,618,,,2018-08-04 18:43:00.191403,0.96875,0.10519906878471375
9221,619,,,2018-08-04 18:43:00.994246,0.921875,0.20605209469795227
9222,620,0.6648,1.2879579067230225,2018-08-04 18:43:01.849774,0.96875,0.13033077120780945
9223,621,,,2018-08-04 18:43:50.678902,0.953125,0.129571795463562
9224,622,,,2018-08-04 18:43:51.531704,0.953125,0.18012326955795288
9225,623,,,2018-08-04 18:43:52.413904,0.96875,0.15477129817008972
9226,624,,,2018-08-04 18:43:53.278904,0.921875,0.22595015168190002
9227,625,,,2018-08-04 18:43:54.118775,0.953125,0.2191745936870575
9228,626,,,2018-08-04 18:43:55.056692,0.9375,0.2676062285900116
9229,627,,,2018-08-04 18:43:55.936005,0.9375,0.21019719541072845
9230,628,,,2018-08-04 18:43:56.760716,0.96875,0.13225455582141876
9231,629,,,2018-08-04 18:43:57.658371,0.953125,0.19278238713741302
9232,630,,,2018-08-04 18:43:58.455456,0.921875,0.31775397062301636
9233,631,,,2018-08-04 18:43:59.322454,0.890625,0.24460828304290771
9234,632,,,2018-08-04 18:44:00.147966,0.9375,0.21949289739131927
9235,633,,,2018-08-04 18:44:00.925326,0.921875,0.29237261414527893
9236,634,,,2018-08-04 18:44:01.726641,0.96875,0.1309872269630432
9237,635,,,2018-08-04 18:44:02.618440,0.9375,0.20443657040596008
9238,636,,,2018-08-04 18:44:03.533449,0.953125,0.20701152086257935
9239,637,,,2018-08-04 18:44:04.398880,0.921875,0.18130646646022797
9240,638,,,2018-08-04 18:44:05.304915,0.921875,0.21407069265842438
9241,639,,,2018-08-04 18:44:06.140154,0.9375,0.17289294302463531
9242,640,0.6653,1.2863821983337402,2018-08-04 18:44:07.039391,0.9375,0.14889200031757355
9243,641,,,2018-08-04 18:44:54.569752,0.953125,0.19557002186775208
9244,642,,,2018-08-04 18:44:55.450084,0.953125,0.2466617226600647
9245,643,,,2018-08-04 18:44:56.287560,0.96875,0.14473594725131989
9246,644,,,2018-08-04 18:44:57.134585,0.953125,0.17332006990909576
9247,645,,,2018-08-04 18:44:57.935693,0.96875,0.18247784674167633
9248,646,,,2018-08-04 18:44:58.736737,0.90625,0.3008905351161957
9249,647,,,2018-08-04 18:44:59.571059,0.9375,0.31776121258735657
9250,648,,,2018-08-04 18:45:00.414721,0.984375,0.10204777121543884
9251,649,,,2018-08-04 18:45:01.213196,0.9375,0.21341198682785034
9252,650,,,2018-08-04 18:45:02.033399,0.953125,0.14245323836803436
9253,651,,,2018-08-04 18:45:02.895309,0.953125,0.21819932758808136
9254,652,,,2018-08-04 18:45:03.725504,0.921875,0.21011872589588165
9255,653,,,2018-08-04 18:45:04.497762,0.9375,0.24300919473171234
9256,654,,,2018-08-04 18:45:05.295275,0.9375,0.2112688273191452
9257,655,,,2018-08-04 18:45:06.179058,0.96875,0.10926295816898346
9258,656,,,2018-08-04 18:45:06.996568,0.96875,0.1743369847536087
9259,657,,,2018-08-04 18:45:07.790117,0.953125,0.23387569189071655
9260,658,,,2018-08-04 18:45:08.678050,0.890625,0.20054303109645844
9261,659,,,2018-08-04 18:45:09.499599,0.921875,0.26803505420684814
9262,660,0.6637,1.2846553325653076,2018-08-04 18:45:10.394564,0.84375,0.32795485854148865
9263,661,,,2018-08-04 18:46:00.916696,0.953125,0.16672949492931366
9264,662,,,2018-08-04 18:46:01.792188,0.921875,0.2733965516090393
9265,663,,,2018-08-04 18:46:02.614683,0.890625,0.25340405106544495
9266,664,,,2018-08-04 18:46:03.480727,0.890625,0.42939993739128113
9267,665,,,2018-08-04 18:46:04.320008,0.96875,0.12506793439388275
9268,666,,,2018-08-04 18:46:05.220088,0.9375,0.19250985980033875
9269,667,,,2018-08-04 18:46:06.071461,0.921875,0.21037781238555908
9270,668,,,2018-08-04 18:46:06.919601,0.984375,0.11687512695789337
9271,669,,,2018-08-04 18:46:07.763656,0.96875,0.14221689105033875
9272,670,,,2018-08-04 18:46:08.650822,0.9375,0.1439705640077591
9273,671,,,2018-08-04 18:46:09.598797,0.96875,0.13722246885299683
9274,672,,,2018-08-04 18:46:10.439419,0.90625,0.250923752784729
9275,673,,,2018-08-04 18:46:11.338343,0.921875,0.23597721755504608
9276,674,,,2018-08-04 18:46:12.180289,0.9375,0.20064395666122437
9277,675,,,2018-08-04 18:46:13.064506,0.984375,0.18921120464801788
9278,676,,,2018-08-04 18:46:13.939811,0.953125,0.14252188801765442
9279,677,,,2018-08-04 18:46:14.774760,0.9375,0.19429881870746613
9280,678,,,2018-08-04 18:46:15.655366,0.9375,0.21159838140010834
9281,679,,,2018-08-04 18:46:16.473294,0.953125,0.17388266324996948
9282,680,0.664,1.286902666091919,2018-08-04 18:46:17.319448,0.9375,0.23903563618659973
9283,681,,,2018-08-04 18:47:06.238613,0.90625,0.24490515887737274
9284,682,,,2018-08-04 18:47:07.091804,0.9375,0.23290850222110748
9285,683,,,2018-08-04 18:47:07.960110,0.921875,0.24846318364143372
9286,684,,,2018-08-04 18:47:08.795415,0.953125,0.21012572944164276
9287,685,,,2018-08-04 18:47:09.636652,0.90625,0.25143519043922424
9288,686,,,2018-08-04 18:47:10.494373,0.921875,0.2002958506345749
9289,687,,,2018-08-04 18:47:11.350970,0.984375,0.1593112051486969
9290,688,,,2018-08-04 18:47:12.164859,0.921875,0.14695994555950165
9291,689,,,2018-08-04 18:47:13.127190,0.953125,0.15107795596122742
9292,690,,,2018-08-04 18:47:14.033187,0.96875,0.1685400754213333
9293,691,,,2018-08-04 18:47:14.871365,1.0,0.0905197262763977
9294,692,,,2018-08-04 18:47:15.731414,0.96875,0.16691677272319794
9295,693,,,2018-08-04 18:47:16.576745,0.953125,0.2367602437734604
9296,694,,,2018-08-04 18:47:17.447414,0.96875,0.14104300737380981
9297,695,,,2018-08-04 18:47:18.390101,0.9375,0.16890627145767212
9298,696,,,2018-08-04 18:47:19.273119,0.96875,0.1304904967546463
9299,697,,,2018-08-04 18:47:20.117797,0.96875,0.16590644419193268
9300,698,,,2018-08-04 18:47:20.984495,0.90625,0.2375243604183197
9301,699,,,2018-08-04 18:47:21.829046,0.921875,0.303516685962677
9302,700,0.6647,1.2875831127166748,2018-08-04 18:47:22.625369,0.90625,0.23121055960655212
9303,701,,,2018-08-04 18:48:11.507698,0.984375,0.1428922563791275
9304,702,,,2018-08-04 18:48:12.406400,0.9375,0.21101854741573334
9305,703,,,2018-08-04 18:48:13.332341,0.9375,0.20360812544822693
9306,704,,,2018-08-04 18:48:14.314676,0.9375,0.2670515477657318
9307,705,,,2018-08-04 18:48:15.244214,0.984375,0.13205502927303314
9308,706,,,2018-08-04 18:48:16.125044,0.953125,0.1667308360338211
9309,707,,,2018-08-04 18:48:17.000465,0.953125,0.15950722992420197
9310,708,,,2018-08-04 18:48:17.864276,0.984375,0.12070037424564362
9311,709,,,2018-08-04 18:48:18.690639,0.984375,0.08483325690031052
9312,710,,,2018-08-04 18:48:19.557407,0.9375,0.23277753591537476
9313,711,,,2018-08-04 18:48:20.456170,0.9375,0.17992424964904785
9314,712,,,2018-08-04 18:48:21.413614,0.96875,0.19275756180286407
9315,713,,,2018-08-04 18:48:22.305119,0.921875,0.2748737931251526
9316,714,,,2018-08-04 18:48:23.140295,0.953125,0.15974776446819305
9317,715,,,2018-08-04 18:48:24.074244,0.953125,0.14765964448451996
9318,716,,,2018-08-04 18:48:24.983771,0.953125,0.15898726880550385
9319,717,,,2018-08-04 18:48:25.906568,0.96875,0.12530650198459625
9320,718,,,2018-08-04 18:48:26.760502,0.96875,0.0933595597743988
9321,719,,,2018-08-04 18:48:27.694049,0.9375,0.1828535795211792
9322,720,0.664,1.2933675050735474,2018-08-04 18:48:28.586878,0.953125,0.15857096016407013
9323,721,,,2018-08-04 18:49:19.922693,0.9375,0.2512713372707367
9324,722,,,2018-08-04 18:49:20.792423,0.96875,0.15686684846878052
9325,723,,,2018-08-04 18:49:21.662929,0.96875,0.17440705001354218
9326,724,,,2018-08-04 18:49:22.509441,0.921875,0.21785123646259308
9327,725,,,2018-08-04 18:49:23.349453,0.90625,0.22047004103660583
9328,726,,,2018-08-04 18:49:24.223905,0.875,0.29524746537208557
9329,727,,,2018-08-04 18:49:25.140180,0.984375,0.12905605137348175
9330,728,,,2018-08-04 18:49:26.054140,1.0,0.06662112474441528
9331,729,,,2018-08-04 18:49:26.901416,0.9375,0.20600922405719757
9332,730,,,2018-08-04 18:49:27.727490,0.96875,0.1362287700176239
9333,731,,,2018-08-04 18:49:28.651077,0.921875,0.24602347612380981
9334,732,,,2018-08-04 18:49:29.604959,0.953125,0.15924273431301117
9335,733,,,2018-08-04 18:49:30.560289,0.953125,0.1450762152671814
9336,734,,,2018-08-04 18:49:31.455676,0.96875,0.1695549339056015
9337,735,,,2018-08-04 18:49:32.297623,0.96875,0.13333989679813385
9338,736,,,2018-08-04 18:49:33.146964,0.9375,0.23199260234832764
9339,737,,,2018-08-04 18:49:34.015018,0.953125,0.1611761897802353
9340,738,,,2018-08-04 18:49:34.895241,0.9375,0.1870545595884323
9341,739,,,2018-08-04 18:49:35.787898,0.984375,0.15611420571804047
9342,740,0.6639,1.29445219039917,2018-08-04 18:49:36.648473,0.96875,0.1581011712551117
9343,741,,,2018-08-04 18:50:28.151625,0.953125,0.1312452107667923
9344,742,,,2018-08-04 18:50:28.993336,0.9375,0.149902805685997
9345,743,,,2018-08-04 18:50:29.859356,0.9375,0.2794140875339508
9346,744,,,2018-08-04 18:50:30.759811,0.921875,0.2593483626842499
9347,745,,,2018-08-04 18:50:31.572868,0.921875,0.20894472301006317
9348,746,,,2018-08-04 18:50:32.487207,0.953125,0.19054117798805237
9349,747,,,2018-08-04 18:50:33.415552,0.9375,0.20168527960777283
9350,748,,,2018-08-04 18:50:34.272798,0.9375,0.13749663531780243
9351,749,,,2018-08-04 18:50:35.206100,0.953125,0.1518465280532837
9352,750,,,2018-08-04 18:50:36.117168,0.953125,0.13154712319374084
9353,751,,,2018-08-04 18:50:36.998634,0.921875,0.2148231565952301
9354,752,,,2018-08-04 18:50:37.859068,0.984375,0.12239459156990051
9355,753,,,2018-08-04 18:50:38.725995,0.953125,0.14378099143505096
9356,754,,,2018-08-04 18:50:39.580613,0.921875,0.20597583055496216
9357,755,,,2018-08-04 18:50:40.429335,0.96875,0.10872720927000046
9358,756,,,2018-08-04 18:50:41.243971,0.875,0.36842209100723267
9359,757,,,2018-08-04 18:50:42.136716,0.890625,0.22214138507843018
9360,758,,,2018-08-04 18:50:42.999726,1.0,0.09618914872407913
9361,759,,,2018-08-04 18:50:43.888147,0.9375,0.17319323122501373
9362,760,0.6638,1.297904372215271,2018-08-04 18:50:44.774071,0.953125,0.15421563386917114
9363,761,,,2018-08-04 18:51:34.917296,0.921875,0.23046736419200897
9364,762,,,2018-08-04 18:51:35.842704,0.9375,0.21077822148799896
9365,763,,,2018-08-04 18:51:36.738827,0.953125,0.1562078446149826
9366,764,,,2018-08-04 18:51:37.639408,0.96875,0.1167478933930397
9367,765,,,2018-08-04 18:51:38.558081,0.96875,0.1312277466058731
9368,766,,,2018-08-04 18:51:39.529951,0.953125,0.18485306203365326
9369,767,,,2018-08-04 18:51:40.425904,0.90625,0.27950114011764526
9370,768,,,2018-08-04 18:51:41.284233,0.953125,0.21835266053676605
9371,769,,,2018-08-04 18:51:42.122803,0.90625,0.32291582226753235
9372,770,,,2018-08-04 18:51:42.956659,0.921875,0.19200767576694489
9373,771,,,2018-08-04 18:51:43.894819,0.9375,0.21015171706676483
9374,772,,,2018-08-04 18:51:44.852712,0.96875,0.10638421028852463
9375,773,,,2018-08-04 18:51:45.724196,0.9375,0.21480423212051392
9376,774,,,2018-08-04 18:51:46.509251,0.96875,0.1752455234527588
9377,775,,,2018-08-04 18:51:47.377107,0.953125,0.18293461203575134
9378,776,,,2018-08-04 18:51:48.215046,0.921875,0.1876012533903122
9379,777,,,2018-08-04 18:51:49.120575,0.953125,0.15846754610538483
9380,778,,,2018-08-04 18:51:50.005334,0.96875,0.13116471469402313
9381,779,,,2018-08-04 18:51:50.843981,0.921875,0.24740922451019287
9382,780,0.6638,1.3013330698013306,2018-08-04 18:51:51.715631,0.96875,0.1398305743932724
9383,781,,,2018-08-04 18:52:42.563657,0.875,0.2727540135383606
9384,0,,,2018-08-04 18:53:34.114331,0.984375,0.1512884646654129
9385,1,,,2018-08-04 18:53:35.125638,0.875,0.2992338240146637
9386,2,,,2018-08-04 18:53:35.963568,0.953125,0.15869994461536407
9387,3,,,2018-08-04 18:53:36.839791,0.9375,0.2066507637500763
9388,4,,,2018-08-04 18:53:37.776859,0.96875,0.20467664301395416
9389,5,,,2018-08-04 18:53:38.677836,0.953125,0.11748410761356354
9390,6,,,2018-08-04 18:53:39.607861,0.921875,0.21426640450954437
9391,7,,,2018-08-04 18:53:40.625470,0.984375,0.10697143524885178
9392,8,,,2018-08-04 18:53:41.489109,0.9375,0.18837931752204895
9393,9,,,2018-08-04 18:53:42.424533,0.96875,0.1654089391231537
9394,10,,,2018-08-04 18:53:43.324830,0.90625,0.21064145863056183
9395,11,,,2018-08-04 18:53:44.176741,0.921875,0.18637776374816895
9396,12,,,2018-08-04 18:53:45.054650,0.96875,0.13110102713108063
9397,13,,,2018-08-04 18:53:46.024786,0.984375,0.16780582070350647
9398,14,,,2018-08-04 18:53:46.928317,0.9375,0.22153614461421967
9399,15,,,2018-08-04 18:53:47.854491,0.96875,0.13125169277191162
9400,16,,,2018-08-04 18:53:48.730147,0.953125,0.1540190875530243
9401,17,,,2018-08-04 18:53:49.585917,0.984375,0.13104385137557983
9402,18,,,2018-08-04 18:53:50.477819,0.90625,0.29091376066207886
9403,19,,,2018-08-04 18:53:51.362896,0.953125,0.09573846310377121
9404,20,0.6627,1.2982628345489502,2018-08-04 18:53:52.273453,0.984375,0.1699485331773758
9405,21,,,2018-08-04 18:54:41.538072,0.984375,0.16815689206123352
9406,22,,,2018-08-04 18:54:42.450871,0.9375,0.18970663845539093
9407,23,,,2018-08-04 18:54:43.365454,0.921875,0.3091922104358673
9408,24,,,2018-08-04 18:54:44.223510,0.9375,0.2213682383298874
9409,25,,,2018-08-04 18:54:45.003677,1.0,0.10500727593898773
9410,26,,,2018-08-04 18:54:45.927062,0.9375,0.14136984944343567
9411,27,,,2018-08-04 18:54:46.760138,0.9375,0.22096577286720276
9412,28,,,2018-08-04 18:54:47.678828,0.9375,0.22550685703754425
9413,29,,,2018-08-04 18:54:48.561596,0.96875,0.12971872091293335
9414,30,,,2018-08-04 18:54:49.397839,0.921875,0.3048365116119385
9415,31,,,2018-08-04 18:54:50.246596,0.953125,0.13517868518829346
9416,32,,,2018-08-04 18:54:51.141444,0.90625,0.24100525677204132
9417,33,,,2018-08-04 18:54:52.027086,0.9375,0.20445120334625244
9418,34,,,2018-08-04 18:54:52.986096,0.90625,0.2150784283876419
9419,35,,,2018-08-04 18:54:53.898808,0.984375,0.10328450798988342
9420,36,,,2018-08-04 18:54:54.810722,0.9375,0.14724597334861755
9421,37,,,2018-08-04 18:54:55.740413,0.953125,0.15628255903720856
9422,38,,,2018-08-04 18:54:56.625083,0.984375,0.14339208602905273
9423,39,,,2018-08-04 18:54:57.552380,0.9375,0.1956324726343155
9424,40,0.6635,1.2984685897827148,2018-08-04 18:54:58.479682,0.953125,0.11980225145816803
9425,41,,,2018-08-04 18:55:49.157805,0.96875,0.13830554485321045
9426,42,,,2018-08-04 18:55:50.090210,0.984375,0.11334636807441711
9427,43,,,2018-08-04 18:55:50.987229,0.984375,0.09579157829284668
9428,44,,,2018-08-04 18:55:51.812901,0.953125,0.16553962230682373
9429,45,,,2018-08-04 18:55:52.724641,0.96875,0.15398269891738892
9430,46,,,2018-08-04 18:55:53.549469,0.921875,0.20999737083911896
9431,47,,,2018-08-04 18:55:54.410595,0.953125,0.16643600165843964
9432,48,,,2018-08-04 18:55:55.248969,0.96875,0.16035041213035583
9433,49,,,2018-08-04 18:55:56.126770,0.984375,0.12098053097724915
9434,50,,,2018-08-04 18:55:56.953192,0.90625,0.22003792226314545
9435,51,,,2018-08-04 18:55:57.759144,0.96875,0.15729549527168274
9436,52,,,2018-08-04 18:55:58.593605,1.0,0.07185454666614532
9437,53,,,2018-08-04 18:55:59.477962,0.953125,0.2754906415939331
9438,54,,,2018-08-04 18:56:00.403212,0.96875,0.12588950991630554
9439,55,,,2018-08-04 18:56:01.206544,0.953125,0.13652317225933075
9440,56,,,2018-08-04 18:56:02.031707,0.953125,0.12994028627872467
9441,57,,,2018-08-04 18:56:02.952756,0.96875,0.11701112985610962
9442,58,,,2018-08-04 18:56:03.923750,0.921875,0.22597113251686096
9443,59,,,2018-08-04 18:56:04.856469,0.9375,0.14412067830562592
9444,60,0.6632,1.3015546798706055,2018-08-04 18:56:05.748145,0.921875,0.19788452982902527
9445,61,,,2018-08-04 18:56:56.595492,0.9375,0.20780757069587708
9446,62,,,2018-08-04 18:56:57.548294,0.984375,0.12990276515483856
9447,63,,,2018-08-04 18:56:58.447006,0.9375,0.23933133482933044
9448,64,,,2018-08-04 18:56:59.400815,0.90625,0.20822817087173462
9449,65,,,2018-08-04 18:57:00.361273,0.90625,0.2423461526632309
9450,66,,,2018-08-04 18:57:01.210638,0.96875,0.1828547567129135
9451,67,,,2018-08-04 18:57:02.079278,1.0,0.12187355011701584
9452,68,,,2018-08-04 18:57:02.978676,0.953125,0.18496832251548767
9453,69,,,2018-08-04 18:57:03.910287,0.921875,0.21432532370090485
9454,70,,,2018-08-04 18:57:04.817425,0.953125,0.17346839606761932
9455,71,,,2018-08-04 18:57:05.753901,0.9375,0.20389750599861145
9456,72,,,2018-08-04 18:57:06.636350,0.953125,0.20293468236923218
9457,73,,,2018-08-04 18:57:07.479193,0.9375,0.1918737143278122
9458,74,,,2018-08-04 18:57:08.399974,0.953125,0.14943985641002655
9459,75,,,2018-08-04 18:57:09.272814,0.984375,0.11384115368127823
9460,76,,,2018-08-04 18:57:10.145360,0.96875,0.1120094358921051
9461,77,,,2018-08-04 18:57:11.080911,0.984375,0.18019023537635803
9462,78,,,2018-08-04 18:57:11.998431,0.96875,0.10852998495101929
9463,79,,,2018-08-04 18:57:12.884770,0.96875,0.20768843591213226
9464,80,0.6631,1.3019957542419434,2018-08-04 18:57:13.751287,0.984375,0.11619730293750763
9465,81,,,2018-08-04 18:58:05.766293,0.984375,0.11903771013021469
9466,82,,,2018-08-04 18:58:06.665514,0.921875,0.28613120317459106
9467,83,,,2018-08-04 18:58:07.564945,0.9375,0.20612463355064392
9468,84,,,2018-08-04 18:58:08.479099,0.921875,0.2261027842760086
9469,85,,,2018-08-04 18:58:09.354357,0.890625,0.302894651889801
9470,86,,,2018-08-04 18:58:10.217778,0.953125,0.13454842567443848
9471,87,,,2018-08-04 18:58:11.069496,0.96875,0.10745599865913391
9472,88,,,2018-08-04 18:58:11.902082,0.9375,0.16646718978881836
9473,89,,,2018-08-04 18:58:12.794811,0.921875,0.17822521924972534
9474,90,,,2018-08-04 18:58:13.792880,0.9375,0.16781079769134521
9475,91,,,2018-08-04 18:58:14.780846,0.96875,0.15413185954093933
9476,92,,,2018-08-04 18:58:15.698921,0.984375,0.11907958984375
9477,93,,,2018-08-04 18:58:16.592665,0.96875,0.13263510167598724
9478,94,,,2018-08-04 18:58:17.467037,0.921875,0.22380584478378296
9479,95,,,2018-08-04 18:58:18.375282,0.96875,0.1989055871963501
9480,96,,,2018-08-04 18:58:19.234919,0.921875,0.2242974042892456
9481,97,,,2018-08-04 18:58:20.122324,0.9375,0.18911021947860718
9482,98,,,2018-08-04 18:58:21.038144,0.9375,0.1616167575120926
9483,99,,,2018-08-04 18:58:21.887138,0.96875,0.14213894307613373
9484,100,0.6633,1.3022124767303467,2018-08-04 18:58:22.800096,0.984375,0.12163328379392624
9485,101,,,2018-08-04 18:59:14.491521,0.96875,0.15608806908130646
9486,102,,,2018-08-04 18:59:15.468770,0.953125,0.20362484455108643
9487,103,,,2018-08-04 18:59:16.330475,0.921875,0.27334651350975037
9488,104,,,2018-08-04 18:59:17.212470,0.984375,0.11534948647022247
9489,105,,,2018-08-04 18:59:18.031457,1.0,0.05636971816420555
9490,106,,,2018-08-04 18:59:18.893302,0.96875,0.15572799742221832
9491,107,,,2018-08-04 18:59:19.801734,0.9375,0.18467965722084045
9492,108,,,2018-08-04 18:59:20.751125,0.9375,0.20749133825302124
9493,109,,,2018-08-04 18:59:21.591922,0.90625,0.23002716898918152
9494,110,,,2018-08-04 18:59:22.541798,0.921875,0.2491808980703354
9495,111,,,2018-08-04 18:59:23.455031,0.953125,0.1546633094549179
9496,112,,,2018-08-04 18:59:24.327901,0.953125,0.13760672509670258
9497,113,,,2018-08-04 18:59:25.267636,0.90625,0.2887232005596161
9498,114,,,2018-08-04 18:59:26.213179,0.9375,0.1453886777162552
9499,115,,,2018-08-04 18:59:27.063586,0.921875,0.18972745537757874
9500,116,,,2018-08-04 18:59:27.917847,0.90625,0.3751544654369354
9501,117,,,2018-08-04 18:59:28.836454,0.9375,0.16582047939300537
9502,118,,,2018-08-04 18:59:29.664282,0.96875,0.1753675490617752
9503,119,,,2018-08-04 18:59:30.638997,0.953125,0.13097627460956573
9504,120,0.6635,1.3018467426300049,2018-08-04 18:59:31.582164,0.96875,0.12716269493103027
9505,121,,,2018-08-04 19:00:22.668459,0.921875,0.2622596323490143
9506,122,,,2018-08-04 19:00:23.610407,0.953125,0.1770065426826477
9507,123,,,2018-08-04 19:00:24.536296,0.9375,0.2057729959487915
9508,124,,,2018-08-04 19:00:25.410654,0.96875,0.13441742956638336
9509,125,,,2018-08-04 19:00:26.252133,0.953125,0.1666642278432846
9510,126,,,2018-08-04 19:00:27.129737,0.984375,0.12064217031002045
9511,127,,,2018-08-04 19:00:28.048487,0.90625,0.29076361656188965
9512,128,,,2018-08-04 19:00:28.970506,0.96875,0.1229197308421135
9513,129,,,2018-08-04 19:00:29.886470,0.890625,0.28190645575523376
9514,130,,,2018-08-04 19:00:30.799594,0.96875,0.09823335707187653
9515,131,,,2018-08-04 19:00:31.628283,0.9375,0.1991344690322876
9516,132,,,2018-08-04 19:00:32.520604,0.921875,0.22250191867351532
9517,133,,,2018-08-04 19:00:33.401044,0.96875,0.10045129060745239
9518,134,,,2018-08-04 19:00:34.349570,0.953125,0.18787327408790588
9519,135,,,2018-08-04 19:00:35.271993,0.9375,0.18912208080291748
9520,136,,,2018-08-04 19:00:36.141591,0.96875,0.10611473023891449
9521,137,,,2018-08-04 19:00:37.057320,0.9375,0.1779206544160843
9522,138,,,2018-08-04 19:00:37.955963,0.953125,0.11743031442165375
9523,139,,,2018-08-04 19:00:38.847337,0.96875,0.17228731513023376
9524,140,0.6632,1.3024932146072388,2018-08-04 19:00:39.751070,0.9375,0.15960019826889038
9525,141,,,2018-08-04 19:01:28.013555,0.921875,0.22758127748966217
9526,142,,,2018-08-04 19:01:28.881025,0.921875,0.15627822279930115
9527,143,,,2018-08-04 19:01:29.764654,0.9375,0.21101276576519012
9528,144,,,2018-08-04 19:01:30.603198,0.921875,0.19156770408153534
9529,145,,,2018-08-04 19:01:31.458599,0.9375,0.2839696407318115
9530,146,,,2018-08-04 19:01:32.293939,0.984375,0.10934571176767349
9531,147,,,2018-08-04 19:01:33.079703,1.0,0.07272589951753616
9532,148,,,2018-08-04 19:01:33.971791,0.953125,0.1718309372663498
9533,149,,,2018-08-04 19:01:34.900252,0.984375,0.08054203540086746
9534,150,,,2018-08-04 19:01:35.717541,0.890625,0.32013362646102905
9535,151,,,2018-08-04 19:01:36.515034,0.9375,0.18561415374279022
9536,152,,,2018-08-04 19:01:37.390409,0.953125,0.20169228315353394
9537,153,,,2018-08-04 19:01:38.257263,0.90625,0.2188722789287567
9538,154,,,2018-08-04 19:01:39.109850,0.90625,0.18298600614070892
9539,155,,,2018-08-04 19:01:39.941881,0.9375,0.2078983187675476
9540,156,,,2018-08-04 19:01:40.880942,0.953125,0.127765491604805
9541,157,,,2018-08-04 19:01:41.805491,0.953125,0.11059552431106567
9542,158,,,2018-08-04 19:01:42.699323,0.9375,0.22463682293891907
9543,159,,,2018-08-04 19:01:43.709724,0.96875,0.13508117198944092
9544,160,0.6637,1.3021618127822876,2018-08-04 19:01:44.637573,0.953125,0.14152537286281586
9545,161,,,2018-08-04 19:02:34.509200,0.953125,0.15845882892608643
9546,162,,,2018-08-04 19:02:35.445382,0.921875,0.272696852684021
9547,163,,,2018-08-04 19:02:36.306760,0.96875,0.1377057284116745
9548,164,,,2018-08-04 19:02:37.203278,0.953125,0.11424479633569717
9549,165,,,2018-08-04 19:02:38.102872,0.984375,0.08305485546588898
9550,166,,,2018-08-04 19:02:38.896591,0.953125,0.1710924506187439
9551,167,,,2018-08-04 19:02:39.760335,0.96875,0.1193750873208046
9552,168,,,2018-08-04 19:02:40.669984,0.96875,0.13352204859256744
9553,169,,,2018-08-04 19:02:41.489900,0.90625,0.3060469329357147
9554,170,,,2018-08-04 19:02:42.337752,0.953125,0.22719308733940125
9555,171,,,2018-08-04 19:02:43.189380,0.9375,0.12179259210824966
9556,172,,,2018-08-04 19:02:44.001318,0.953125,0.16350768506526947
9557,173,,,2018-08-04 19:02:44.869241,0.984375,0.15237689018249512
9558,174,,,2018-08-04 19:02:45.756746,0.9375,0.20169569551944733
9559,175,,,2018-08-04 19:02:46.583144,0.953125,0.1864679604768753
9560,176,,,2018-08-04 19:02:47.473821,1.0,0.09025153517723083
9561,177,,,2018-08-04 19:02:48.404389,1.0,0.11098236590623856
9562,178,,,2018-08-04 19:02:49.278786,0.953125,0.18068014085292816
9563,179,,,2018-08-04 19:02:50.164896,0.953125,0.1366209238767624
9564,180,0.6652,1.3027573823928833,2018-08-04 19:02:51.065770,0.953125,0.14736001193523407
9565,181,,,2018-08-04 19:03:40.528918,0.953125,0.1592889130115509
9566,182,,,2018-08-04 19:03:41.435077,0.9375,0.1408223956823349
9567,183,,,2018-08-04 19:03:42.315729,0.9375,0.1879909336566925
9568,184,,,2018-08-04 19:03:43.273425,0.953125,0.18567229807376862
9569,185,,,2018-08-04 19:03:44.224114,0.96875,0.19735455513000488
9570,186,,,2018-08-04 19:03:45.100534,0.953125,0.1270667463541031
9571,187,,,2018-08-04 19:03:46.016852,0.90625,0.23598262667655945
9572,188,,,2018-08-04 19:03:46.881320,0.9375,0.26380008459091187
9573,189,,,2018-08-04 19:03:47.748686,0.9375,0.1650599241256714
9574,190,,,2018-08-04 19:03:48.622688,0.90625,0.2531565725803375
9575,191,,,2018-08-04 19:03:49.521431,0.984375,0.10746349394321442
9576,192,,,2018-08-04 19:03:50.391999,0.90625,0.23499587178230286
9577,193,,,2018-08-04 19:03:51.274843,0.96875,0.11627835035324097
9578,194,,,2018-08-04 19:03:52.122783,0.984375,0.1479979306459427
9579,195,,,2018-08-04 19:03:53.074640,0.96875,0.19049982726573944
9580,196,,,2018-08-04 19:03:54.032424,0.96875,0.17550304532051086
9581,197,,,2018-08-04 19:03:54.893875,0.9375,0.19733808934688568
9582,198,,,2018-08-04 19:03:55.782566,0.96875,0.12514622509479523
9583,199,,,2018-08-04 19:03:56.679982,0.953125,0.14347611367702484
9584,200,0.665,1.3036612272262573,2018-08-04 19:03:57.546110,0.9375,0.1928171068429947
9585,201,,,2018-08-04 19:04:47.483033,1.0,0.10264486074447632
9586,202,,,2018-08-04 19:04:48.367932,0.953125,0.20387153327465057
9587,203,,,2018-08-04 19:04:49.246857,0.9375,0.19503475725650787
9588,204,,,2018-08-04 19:04:50.120156,0.953125,0.15264661610126495
9589,205,,,2018-08-04 19:04:51.022368,0.96875,0.20456068217754364
9590,206,,,2018-08-04 19:04:51.802030,0.96875,0.1474284678697586
9591,207,,,2018-08-04 19:04:52.605128,0.875,0.3277845084667206
9592,208,,,2018-08-04 19:04:53.530542,0.96875,0.16583320498466492
9593,209,,,2018-08-04 19:04:54.400860,1.0,0.10363057255744934
9594,210,,,2018-08-04 19:04:55.247755,1.0,0.10554178059101105
9595,211,,,2018-08-04 19:04:56.166344,0.953125,0.15147748589515686
9596,212,,,2018-08-04 19:04:57.058071,0.953125,0.23913952708244324
9597,213,,,2018-08-04 19:04:58.021166,0.984375,0.11503957957029343
9598,214,,,2018-08-04 19:04:58.904982,0.96875,0.14886441826820374
9599,215,,,2018-08-04 19:04:59.768862,0.96875,0.16012059152126312
9600,216,,,2018-08-04 19:05:00.660730,0.9375,0.19081252813339233
9601,217,,,2018-08-04 19:05:01.551433,0.921875,0.33724796772003174
9602,218,,,2018-08-04 19:05:02.445300,0.96875,0.09856772422790527
9603,219,,,2018-08-04 19:05:03.362092,0.9375,0.17528797686100006
9604,220,0.666,1.3039275407791138,2018-08-04 19:05:04.240737,0.9375,0.2033926248550415
9605,221,,,2018-08-04 19:05:54.682766,0.953125,0.247028186917305
9606,222,,,2018-08-04 19:05:55.544804,0.953125,0.12165341526269913
9607,223,,,2018-08-04 19:05:56.461892,0.984375,0.140130877494812
9608,224,,,2018-08-04 19:05:57.384274,0.90625,0.21505607664585114
9609,225,,,2018-08-04 19:05:58.300443,0.96875,0.09707314521074295
9610,226,,,2018-08-04 19:05:59.216539,0.96875,0.11091270297765732
9611,227,,,2018-08-04 19:06:00.069959,0.984375,0.12973377108573914
9612,228,,,2018-08-04 19:06:00.934449,0.953125,0.20010846853256226
9613,229,,,2018-08-04 19:06:01.840912,0.984375,0.1495070457458496
9614,230,,,2018-08-04 19:06:02.780197,0.921875,0.24344609677791595
9615,231,,,2018-08-04 19:06:03.713400,0.921875,0.24054545164108276
9616,232,,,2018-08-04 19:06:04.562540,0.953125,0.17722097039222717
9617,233,,,2018-08-04 19:06:05.419586,0.90625,0.2472359836101532
9618,234,,,2018-08-04 19:06:06.278916,1.0,0.08181436359882355
9619,235,,,2018-08-04 19:06:07.149484,0.9375,0.18666960299015045
9620,236,,,2018-08-04 19:06:08.105997,0.953125,0.1827787458896637
9621,237,,,2018-08-04 19:06:08.990219,0.96875,0.11641831696033478
9622,238,,,2018-08-04 19:06:09.914698,0.96875,0.11890405416488647
9623,239,,,2018-08-04 19:06:10.827690,0.953125,0.18638825416564941
9624,240,0.6656,1.3047195672988892,2018-08-04 19:06:11.635035,0.921875,0.22298674285411835
9625,241,,,2018-08-04 19:07:03.418024,0.96875,0.16036994755268097
9626,242,,,2018-08-04 19:07:04.387485,0.9375,0.14767223596572876
9627,243,,,2018-08-04 19:07:05.411041,0.953125,0.226085364818573
9628,244,,,2018-08-04 19:07:06.387999,0.953125,0.1433180272579193
9629,245,,,2018-08-04 19:07:07.280002,0.890625,0.25804558396339417
9630,246,,,2018-08-04 19:07:08.153377,0.953125,0.18429504334926605
9631,247,,,2018-08-04 19:07:08.991078,0.96875,0.15838328003883362
9632,248,,,2018-08-04 19:07:09.891911,0.96875,0.12747710943222046
9633,249,,,2018-08-04 19:07:10.768989,0.984375,0.10583188384771347
9634,250,,,2018-08-04 19:07:11.650638,0.921875,0.2493600994348526
9635,251,,,2018-08-04 19:07:12.457992,0.9375,0.15764641761779785
9636,252,,,2018-08-04 19:07:13.377807,0.96875,0.1388593465089798
9637,253,,,2018-08-04 19:07:14.271390,0.9375,0.19155150651931763
9638,254,,,2018-08-04 19:07:15.208193,0.9375,0.20370106399059296
9639,255,,,2018-08-04 19:07:16.157215,0.984375,0.09092866629362106
9640,256,,,2018-08-04 19:07:17.038304,0.9375,0.23559582233428955
9641,257,,,2018-08-04 19:07:17.930611,0.96875,0.2479064017534256
9642,258,,,2018-08-04 19:07:18.768802,0.96875,0.16237705945968628
9643,259,,,2018-08-04 19:07:19.700426,0.984375,0.10650242865085602
9644,260,0.6644,1.3049019575119019,2018-08-04 19:07:20.694724,0.984375,0.11930987983942032
9645,261,,,2018-08-04 19:08:12.856000,0.953125,0.2077687382698059
9646,262,,,2018-08-04 19:08:13.820759,0.953125,0.15525788068771362
9647,263,,,2018-08-04 19:08:14.791241,0.9375,0.2243800312280655
9648,264,,,2018-08-04 19:08:15.706241,0.953125,0.14324752986431122
9649,265,,,2018-08-04 19:08:16.567209,0.984375,0.10270074009895325
9650,266,,,2018-08-04 19:08:17.429691,0.9375,0.18354150652885437
9651,267,,,2018-08-04 19:08:18.368933,0.9375,0.20753391087055206
9652,268,,,2018-08-04 19:08:19.249796,0.953125,0.17373205721378326
9653,269,,,2018-08-04 19:08:20.175380,0.984375,0.08644649386405945
9654,270,,,2018-08-04 19:08:21.112021,0.953125,0.1016201451420784
9655,271,,,2018-08-04 19:08:21.926762,0.9375,0.2937668263912201
9656,272,,,2018-08-04 19:08:22.864992,0.90625,0.2507134974002838
9657,273,,,2018-08-04 19:08:23.811307,0.9375,0.14259551465511322
9658,274,,,2018-08-04 19:08:24.742152,0.96875,0.09605544805526733
9659,275,,,2018-08-04 19:08:25.656963,0.96875,0.18531586229801178
9660,276,,,2018-08-04 19:08:26.569964,0.96875,0.1992783546447754
9661,277,,,2018-08-04 19:08:27.452657,0.953125,0.12042231112718582
9662,278,,,2018-08-04 19:08:28.375267,0.953125,0.1974940150976181
9663,279,,,2018-08-04 19:08:29.273886,0.921875,0.219153493642807
9664,280,0.665,1.3052562475204468,2018-08-04 19:08:30.168518,0.9375,0.2567424476146698
9665,281,,,2018-08-04 19:09:22.723219,0.953125,0.136967733502388
9666,282,,,2018-08-04 19:09:23.656303,0.90625,0.3202306032180786
9667,283,,,2018-08-04 19:09:24.561236,0.96875,0.17113275825977325
9668,284,,,2018-08-04 19:09:25.455095,0.9375,0.1849571019411087
9669,285,,,2018-08-04 19:09:26.343700,0.984375,0.1432882398366928
9670,286,,,2018-08-04 19:09:27.178020,0.90625,0.23441727459430695
9671,287,,,2018-08-04 19:09:28.102346,0.953125,0.13144421577453613
9672,288,,,2018-08-04 19:09:29.034903,1.0,0.08469002693891525
9673,289,,,2018-08-04 19:09:29.912430,0.953125,0.23217596113681793
9674,290,,,2018-08-04 19:09:30.770503,0.921875,0.2767532467842102
9675,291,,,2018-08-04 19:09:31.692263,0.953125,0.19101572036743164
9676,292,,,2018-08-04 19:09:32.560891,0.953125,0.21682068705558777
9677,293,,,2018-08-04 19:09:33.456473,0.953125,0.13926848769187927
9678,294,,,2018-08-04 19:09:34.323288,0.96875,0.10298305749893188
9679,295,,,2018-08-04 19:09:35.146742,0.921875,0.22727514803409576
9680,296,,,2018-08-04 19:09:36.051427,0.953125,0.19010691344738007
9681,297,,,2018-08-04 19:09:36.804671,0.96875,0.11084256321191788
9682,298,,,2018-08-04 19:09:37.728248,0.984375,0.14358894526958466
9683,299,,,2018-08-04 19:09:38.645052,0.953125,0.14355948567390442
9684,300,0.6657,1.3055781126022339,2018-08-04 19:09:39.551984,0.96875,0.1085294857621193
9685,301,,,2018-08-04 19:10:28.349382,0.921875,0.314857542514801
9686,302,,,2018-08-04 19:10:29.239621,0.9375,0.19645479321479797
9687,303,,,2018-08-04 19:10:30.123929,0.96875,0.11055625230073929
9688,304,,,2018-08-04 19:10:30.998514,0.96875,0.15784406661987305
9689,305,,,2018-08-04 19:10:31.937408,0.96875,0.15390580892562866
9690,306,,,2018-08-04 19:10:32.877877,0.96875,0.10078515857458115
9691,307,,,2018-08-04 19:10:33.762272,0.921875,0.16365832090377808
9692,308,,,2018-08-04 19:10:34.600522,0.96875,0.2396947592496872
9693,309,,,2018-08-04 19:10:35.460500,0.953125,0.16071781516075134
9694,310,,,2018-08-04 19:10:36.348750,0.953125,0.11567936092615128
9695,311,,,2018-08-04 19:10:37.196703,0.984375,0.09927813708782196
9696,312,,,2018-08-04 19:10:38.079240,0.953125,0.18862442672252655
9697,313,,,2018-08-04 19:10:38.985735,0.984375,0.10730890184640884
9698,314,,,2018-08-04 19:10:39.859387,0.90625,0.20833292603492737
9699,315,,,2018-08-04 19:10:40.775199,0.953125,0.12775246798992157
9700,316,,,2018-08-04 19:10:41.673238,0.953125,0.1515367329120636
9701,317,,,2018-08-04 19:10:42.546898,0.96875,0.20639151334762573
9702,318,,,2018-08-04 19:10:43.458935,0.984375,0.12522518634796143
9703,319,,,2018-08-04 19:10:44.296014,0.90625,0.4148203432559967
9704,320,0.6659,1.3063818216323853,2018-08-04 19:10:45.151615,1.0,0.08996734023094177
9705,321,,,2018-08-04 19:11:34.191837,0.953125,0.1686726212501526
9706,322,,,2018-08-04 19:11:35.159158,0.9375,0.1977161020040512
9707,323,,,2018-08-04 19:11:36.090511,0.984375,0.12230892479419708
9708,324,,,2018-08-04 19:11:36.974772,0.953125,0.16774696111679077
9709,325,,,2018-08-04 19:11:37.874959,0.96875,0.19331805408000946
9710,326,,,2018-08-04 19:11:38.819691,0.96875,0.14275561273097992
9711,327,,,2018-08-04 19:11:39.720403,1.0,0.1047607883810997
9712,328,,,2018-08-04 19:11:40.642330,0.90625,0.24414019286632538
9713,329,,,2018-08-04 19:11:41.494495,0.96875,0.13889345526695251
9714,330,,,2018-08-04 19:11:42.418306,0.953125,0.1419481784105301
9715,331,,,2018-08-04 19:11:43.315202,0.984375,0.14672867953777313
9716,332,,,2018-08-04 19:11:44.251577,0.90625,0.22978608310222626
9717,333,,,2018-08-04 19:11:45.137573,0.9375,0.1747661679983139
9718,334,,,2018-08-04 19:11:45.992328,0.984375,0.10623133182525635
9719,335,,,2018-08-04 19:11:46.915535,0.96875,0.12338662147521973
9720,336,,,2018-08-04 19:11:47.862576,0.984375,0.08171755075454712
9721,337,,,2018-08-04 19:11:48.783915,0.984375,0.08559680730104446
9722,338,,,2018-08-04 19:11:49.782020,0.953125,0.14843934774398804
9723,339,,,2018-08-04 19:11:50.711510,0.953125,0.14719824492931366
9724,340,0.6662,1.3066521883010864,2018-08-04 19:11:51.638693,0.90625,0.3096331059932709
9725,341,,,2018-08-04 19:12:41.727772,0.921875,0.21091480553150177
9726,342,,,2018-08-04 19:12:42.717277,0.953125,0.1306520700454712
9727,343,,,2018-08-04 19:12:43.613537,0.984375,0.08745410293340683
9728,344,,,2018-08-04 19:12:44.467691,0.953125,0.1313701570034027
9729,345,,,2018-08-04 19:12:45.374994,0.953125,0.13158248364925385
9730,346,,,2018-08-04 19:12:46.318221,0.953125,0.17443035542964935
9731,347,,,2018-08-04 19:12:47.158389,0.984375,0.12092572450637817
9732,348,,,2018-08-04 19:12:48.072234,0.96875,0.15658089518547058
9733,349,,,2018-08-04 19:12:48.914152,0.96875,0.11258666962385178
9734,350,,,2018-08-04 19:12:49.769783,0.9375,0.17703482508659363
9735,351,,,2018-08-04 19:12:50.595828,0.96875,0.16424351930618286
9736,352,,,2018-08-04 19:12:51.473554,0.890625,0.4265739917755127
9737,353,,,2018-08-04 19:12:52.361677,0.921875,0.2010161131620407
9738,354,,,2018-08-04 19:12:53.290691,0.96875,0.1662570834159851
9739,355,,,2018-08-04 19:12:54.133848,0.984375,0.07978515326976776
9740,356,,,2018-08-04 19:12:55.011794,0.9375,0.15071240067481995
9741,357,,,2018-08-04 19:12:55.951596,0.96875,0.18237221240997314
9742,358,,,2018-08-04 19:12:56.856210,0.96875,0.12996715307235718
9743,359,,,2018-08-04 19:12:57.767222,0.921875,0.19556695222854614
9744,360,0.6658,1.3075132369995117,2018-08-04 19:12:58.685408,0.90625,0.27342095971107483
9745,361,,,2018-08-04 19:13:48.937055,0.96875,0.17379531264305115
9746,362,,,2018-08-04 19:13:49.858174,0.953125,0.1700708121061325
9747,363,,,2018-08-04 19:13:50.779886,0.984375,0.07827633619308472
9748,364,,,2018-08-04 19:13:51.679862,0.9375,0.24954451620578766
9749,365,,,2018-08-04 19:13:52.519718,0.921875,0.2895873785018921
9750,366,,,2018-08-04 19:13:53.426190,0.953125,0.15752631425857544
9751,367,,,2018-08-04 19:13:54.294721,0.921875,0.24838976562023163
9752,368,,,2018-08-04 19:13:55.169641,0.9375,0.23400656878948212
9753,369,,,2018-08-04 19:13:56.114835,0.9375,0.19086407124996185
9754,370,,,2018-08-04 19:13:56.938102,0.953125,0.14320077002048492
9755,371,,,2018-08-04 19:13:57.865633,0.96875,0.14363467693328857
9756,372,,,2018-08-04 19:13:58.852588,0.984375,0.12799222767353058
9757,373,,,2018-08-04 19:13:59.784113,0.890625,0.26578855514526367
9758,374,,,2018-08-04 19:14:00.679913,0.921875,0.3612581491470337
9759,375,,,2018-08-04 19:14:01.575682,0.921875,0.15064498782157898
9760,376,,,2018-08-04 19:14:02.560023,0.9375,0.1589062660932541
9761,377,,,2018-08-04 19:14:03.433266,0.953125,0.1596001386642456
9762,378,,,2018-08-04 19:14:04.249616,0.953125,0.197794571518898
9763,379,,,2018-08-04 19:14:05.117718,0.953125,0.136339008808136
9764,380,0.6659,1.3077446222305298,2018-08-04 19:14:06.048448,1.0,0.0595245398581028
9765,381,,,2018-08-04 19:14:56.035166,0.96875,0.19976213574409485
9766,382,,,2018-08-04 19:14:56.933844,1.0,0.08759451657533646
9767,383,,,2018-08-04 19:14:57.820551,0.953125,0.1659029871225357
9768,384,,,2018-08-04 19:14:58.703051,0.953125,0.09042274206876755
9769,385,,,2018-08-04 19:14:59.592969,0.953125,0.16707748174667358
9770,386,,,2018-08-04 19:15:00.414808,0.953125,0.12102657556533813
9771,387,,,2018-08-04 19:15:01.266014,0.984375,0.1274266093969345
9772,388,,,2018-08-04 19:15:02.140944,0.921875,0.24330395460128784
9773,389,,,2018-08-04 19:15:03.082981,0.953125,0.1697026491165161
9774,390,,,2018-08-04 19:15:04.042094,0.921875,0.2620333433151245
9775,391,,,2018-08-04 19:15:04.990849,0.953125,0.11988651007413864
9776,392,,,2018-08-04 19:15:05.869415,1.0,0.08298645168542862
9777,393,,,2018-08-04 19:15:06.813335,0.953125,0.25201255083084106
9778,394,,,2018-08-04 19:15:07.741881,0.90625,0.327676385641098
9779,395,,,2018-08-04 19:15:08.716001,0.90625,0.299148827791214
9780,396,,,2018-08-04 19:15:09.662030,0.984375,0.12221132963895798
9781,397,,,2018-08-04 19:15:10.595208,0.90625,0.20601540803909302
9782,398,,,2018-08-04 19:15:11.475435,0.9375,0.13515393435955048
9783,399,,,2018-08-04 19:15:12.300648,0.921875,0.17755790054798126
9784,400,0.6663,1.3079129457473755,2018-08-04 19:15:13.178011,0.9375,0.22332319617271423
9785,401,,,2018-08-04 19:16:03.305290,0.890625,0.2818608283996582
9786,402,,,2018-08-04 19:16:04.231195,1.0,0.10081741958856583
9787,403,,,2018-08-04 19:16:05.162290,0.984375,0.07140488177537918
9788,404,,,2018-08-04 19:16:06.017840,0.984375,0.14655308425426483
9789,405,,,2018-08-04 19:16:06.875862,0.953125,0.14288204908370972
9790,406,,,2018-08-04 19:16:07.762771,0.953125,0.11992969363927841
9791,407,,,2018-08-04 19:16:08.643655,0.9375,0.1543169766664505
9792,408,,,2018-08-04 19:16:09.665036,0.953125,0.12253077328205109
9793,409,,,2018-08-04 19:16:10.687860,0.90625,0.19102032482624054
9794,410,,,2018-08-04 19:16:11.604372,0.96875,0.13258954882621765
9795,411,,,2018-08-04 19:16:12.539922,0.90625,0.2101816087961197
9796,412,,,2018-08-04 19:16:13.491512,0.9375,0.21824875473976135
9797,413,,,2018-08-04 19:16:14.408108,0.96875,0.13002729415893555
9798,414,,,2018-08-04 19:16:15.292751,1.0,0.09431499987840652
9799,415,,,2018-08-04 19:16:16.138072,0.96875,0.12667271494865417
9800,416,,,2018-08-04 19:16:17.015747,0.953125,0.12769804894924164
9801,417,,,2018-08-04 19:16:17.881479,0.9375,0.2875465154647827
9802,418,,,2018-08-04 19:16:18.834394,0.96875,0.1519608199596405
9803,419,,,2018-08-04 19:16:19.814421,0.96875,0.09390339255332947
9804,420,0.6653,1.3084615468978882,2018-08-04 19:16:20.777222,0.96875,0.11610088497400284
9805,421,,,2018-08-04 19:17:11.353146,0.890625,0.2597171366214752
9806,422,,,2018-08-04 19:17:12.210158,0.9375,0.175228551030159
9807,423,,,2018-08-04 19:17:13.144296,0.921875,0.2520052492618561
9808,424,,,2018-08-04 19:17:14.089587,0.953125,0.1883539855480194
9809,425,,,2018-08-04 19:17:14.989362,0.953125,0.1400049477815628
9810,426,,,2018-08-04 19:17:15.937286,0.96875,0.20348377525806427
9811,427,,,2018-08-04 19:17:16.883362,0.984375,0.10971981287002563
9812,428,,,2018-08-04 19:17:17.781031,0.984375,0.1467026323080063
9813,429,,,2018-08-04 19:17:18.663953,0.953125,0.16542087495326996
9814,430,,,2018-08-04 19:17:19.567759,0.90625,0.218657448887825
9815,431,,,2018-08-04 19:17:20.502679,0.96875,0.1844608187675476
9816,432,,,2018-08-04 19:17:21.443092,0.953125,0.16668052971363068
9817,433,,,2018-08-04 19:17:22.348184,0.953125,0.136317640542984
9818,434,,,2018-08-04 19:17:23.269236,0.96875,0.15505437552928925
9819,435,,,2018-08-04 19:17:24.174031,0.953125,0.19721734523773193
9820,436,,,2018-08-04 19:17:25.013226,0.953125,0.135950967669487
9821,437,,,2018-08-04 19:17:25.927957,0.921875,0.19426782429218292
9822,438,,,2018-08-04 19:17:26.777259,0.96875,0.12576331198215485
9823,439,,,2018-08-04 19:17:27.690002,0.96875,0.10999871045351028
9824,440,0.6651,1.3087708950042725,2018-08-04 19:17:28.661645,0.9375,0.17122521996498108
9825,441,,,2018-08-04 19:18:20.194001,0.984375,0.07236755639314651
9826,442,,,2018-08-04 19:18:21.090290,0.953125,0.14709581434726715
9827,443,,,2018-08-04 19:18:21.948252,0.9375,0.2068062275648117
9828,444,,,2018-08-04 19:18:22.790975,0.984375,0.09223128110170364
9829,445,,,2018-08-04 19:18:23.760343,0.9375,0.17364610731601715
9830,446,,,2018-08-04 19:18:24.701071,0.9375,0.16045016050338745
9831,447,,,2018-08-04 19:18:25.711394,0.9375,0.27475038170814514
9832,448,,,2018-08-04 19:18:26.654385,0.953125,0.20029936730861664
9833,449,,,2018-08-04 19:18:27.535957,0.953125,0.12006770074367523
9834,450,,,2018-08-04 19:18:28.393431,0.921875,0.2131935954093933
9835,451,,,2018-08-04 19:18:29.266707,0.984375,0.11602183431386948
9836,452,,,2018-08-04 19:18:30.181308,0.9375,0.14827781915664673
9837,453,,,2018-08-04 19:18:31.098482,0.90625,0.20291543006896973
9838,454,,,2018-08-04 19:18:31.967476,0.984375,0.11181408911943436
9839,455,,,2018-08-04 19:18:32.859019,0.953125,0.23780116438865662
9840,456,,,2018-08-04 19:18:33.749605,0.9375,0.18010590970516205
9841,457,,,2018-08-04 19:18:34.626402,0.921875,0.17541658878326416
9842,458,,,2018-08-04 19:18:35.575145,0.984375,0.09372752904891968
9843,459,,,2018-08-04 19:18:36.485142,0.953125,0.1874767541885376
9844,460,0.6649,1.3094409704208374,2018-08-04 19:18:37.421050,0.90625,0.22426758706569672
9845,461,,,2018-08-04 19:19:28.553021,0.859375,0.40144699811935425
9846,462,,,2018-08-04 19:19:29.528889,0.953125,0.16290152072906494
9847,463,,,2018-08-04 19:19:30.449878,0.90625,0.30242782831192017
9848,464,,,2018-08-04 19:19:31.358963,0.96875,0.136055588722229
9849,465,,,2018-08-04 19:19:32.267865,0.984375,0.1321786344051361
9850,466,,,2018-08-04 19:19:33.197519,0.9375,0.23847731947898865
9851,467,,,2018-08-04 19:19:34.086410,0.984375,0.10637019574642181
9852,468,,,2018-08-04 19:19:34.937371,0.96875,0.12594079971313477
9853,469,,,2018-08-04 19:19:35.943816,0.890625,0.22652000188827515
9854,470,,,2018-08-04 19:19:36.879277,0.953125,0.16962717473506927
9855,471,,,2018-08-04 19:19:37.756517,0.9375,0.18408425152301788
9856,472,,,2018-08-04 19:19:38.599640,0.953125,0.12332084774971008
9857,473,,,2018-08-04 19:19:39.495899,0.953125,0.16583776473999023
9858,474,,,2018-08-04 19:19:40.391167,0.96875,0.16655956208705902
9859,475,,,2018-08-04 19:19:41.350837,0.984375,0.07740247249603271
9860,476,,,2018-08-04 19:19:42.290060,0.96875,0.17163781821727753
9861,477,,,2018-08-04 19:19:43.191174,0.9375,0.19645288586616516
9862,478,,,2018-08-04 19:19:44.095105,0.9375,0.17775526642799377
9863,479,,,2018-08-04 19:19:44.984176,0.96875,0.12177187949419022
9864,480,0.6651,1.3103739023208618,2018-08-04 19:19:45.931367,0.9375,0.14806349575519562
9865,481,,,2018-08-04 19:20:37.556237,0.90625,0.1513035148382187
9866,482,,,2018-08-04 19:20:38.516281,0.984375,0.13058850169181824
9867,483,,,2018-08-04 19:20:39.482223,0.984375,0.10812254250049591
9868,484,,,2018-08-04 19:20:40.397826,0.90625,0.27100664377212524
9869,485,,,2018-08-04 19:20:41.329803,0.984375,0.1772148609161377
9870,486,,,2018-08-04 19:20:42.260264,0.9375,0.2003067582845688
9871,487,,,2018-08-04 19:20:43.141946,0.984375,0.0897710844874382
9872,488,,,2018-08-04 19:20:44.007183,0.90625,0.21838532388210297
9873,489,,,2018-08-04 19:20:44.922104,0.90625,0.2517438232898712
9874,490,,,2018-08-04 19:20:45.828389,0.96875,0.15377523005008698
9875,491,,,2018-08-04 19:20:46.734838,0.9375,0.1605839729309082
9876,492,,,2018-08-04 19:20:47.668213,0.96875,0.13852383196353912
9877,493,,,2018-08-04 19:20:48.561860,0.9375,0.1545395702123642
9878,494,,,2018-08-04 19:20:49.482634,0.984375,0.1262982040643692
9879,495,,,2018-08-04 19:20:50.396749,0.9375,0.2219906598329544
9880,496,,,2018-08-04 19:20:51.336708,0.9375,0.20716029405593872
9881,497,,,2018-08-04 19:20:52.254741,0.90625,0.2637716829776764
9882,498,,,2018-08-04 19:20:53.127735,0.96875,0.20833194255828857
9883,499,,,2018-08-04 19:20:54.096472,0.953125,0.16535232961177826
9884,500,0.666,1.3108999729156494,2018-08-04 19:20:55.085210,0.9375,0.17340388894081116
9885,501,,,2018-08-04 19:21:45.812201,0.953125,0.13760127127170563
9886,502,,,2018-08-04 19:21:46.803071,0.921875,0.17655247449874878
9887,503,,,2018-08-04 19:21:47.813958,0.953125,0.17454464733600616
9888,504,,,2018-08-04 19:21:48.787301,0.953125,0.12835943698883057
9889,505,,,2018-08-04 19:21:49.664973,0.96875,0.18602566421031952
9890,506,,,2018-08-04 19:21:50.628029,0.96875,0.19777198135852814
9891,507,,,2018-08-04 19:21:51.521990,0.953125,0.24080422520637512
9892,508,,,2018-08-04 19:21:52.455905,0.96875,0.16239765286445618
9893,509,,,2018-08-04 19:21:53.423241,0.921875,0.27903640270233154
9894,510,,,2018-08-04 19:21:54.357871,0.953125,0.13670893013477325
9895,511,,,2018-08-04 19:21:55.401217,0.953125,0.09766637533903122
9896,512,,,2018-08-04 19:21:56.348902,0.953125,0.15510426461696625
9897,513,,,2018-08-04 19:21:57.298092,0.90625,0.27509379386901855
9898,514,,,2018-08-04 19:21:58.052662,0.890625,0.2798229157924652
9899,515,,,2018-08-04 19:21:59.003447,0.9375,0.2624181807041168
9900,516,,,2018-08-04 19:22:00.019831,0.96875,0.11912544816732407
9901,517,,,2018-08-04 19:22:00.980599,0.953125,0.29014208912849426
9902,518,,,2018-08-04 19:22:01.931130,0.90625,0.2401728332042694
9903,519,,,2018-08-04 19:22:02.832581,0.96875,0.15540039539337158
9904,520,0.6654,1.3109917640686035,2018-08-04 19:22:03.750745,0.921875,0.18772394955158234
9905,521,,,2018-08-04 19:22:54.272989,0.890625,0.24597233533859253
9906,522,,,2018-08-04 19:22:55.129899,0.96875,0.08734336495399475
9907,523,,,2018-08-04 19:22:56.033561,0.9375,0.19694679975509644
9908,524,,,2018-08-04 19:22:57.002398,0.953125,0.1831756979227066
9909,525,,,2018-08-04 19:22:57.955254,0.953125,0.20640124380588531
9910,526,,,2018-08-04 19:22:58.829004,0.984375,0.12946106493473053
9911,527,,,2018-08-04 19:22:59.811322,0.9375,0.20057913661003113
9912,528,,,2018-08-04 19:23:00.728517,0.984375,0.10772156715393066
9913,529,,,2018-08-04 19:23:01.659346,0.953125,0.12960143387317657
9914,530,,,2018-08-04 19:23:02.597914,0.953125,0.20312285423278809
9915,531,,,2018-08-04 19:23:03.532365,1.0,0.111904576420784
9916,532,,,2018-08-04 19:23:04.393001,0.96875,0.13768339157104492
9917,533,,,2018-08-04 19:23:05.267195,0.984375,0.10722947865724564
9918,534,,,2018-08-04 19:23:06.142371,0.9375,0.2228562980890274
9919,535,,,2018-08-04 19:23:07.053887,0.921875,0.2657686471939087
9920,536,,,2018-08-04 19:23:07.943123,0.953125,0.18985523283481598
9921,537,,,2018-08-04 19:23:08.845454,0.984375,0.11989448219537735
9922,538,,,2018-08-04 19:23:09.826379,0.953125,0.20402789115905762
9923,539,,,2018-08-04 19:23:10.792420,0.953125,0.11283600330352783
9924,540,0.6654,1.310928463935852,2018-08-04 19:23:11.668941,0.9375,0.2452777624130249
9925,541,,,2018-08-04 19:24:03.983568,0.953125,0.1851937472820282
9926,542,,,2018-08-04 19:24:04.977780,0.953125,0.1503722369670868
9927,543,,,2018-08-04 19:24:06.026517,0.953125,0.20058317482471466
9928,544,,,2018-08-04 19:24:07.006758,0.9375,0.2956606447696686
9929,545,,,2018-08-04 19:24:07.876128,0.953125,0.16513210535049438
9930,546,,,2018-08-04 19:24:08.763001,0.953125,0.1535235047340393
9931,547,,,2018-08-04 19:24:09.700975,0.921875,0.16931746900081635
9932,548,,,2018-08-04 19:24:10.607773,0.96875,0.11508163809776306
9933,549,,,2018-08-04 19:24:11.543705,0.96875,0.1342451125383377
9934,550,,,2018-08-04 19:24:12.471205,0.9375,0.2311398983001709
9935,551,,,2018-08-04 19:24:13.389709,0.921875,0.20524442195892334
9936,552,,,2018-08-04 19:24:14.304012,0.9375,0.173356831073761
9937,553,,,2018-08-04 19:24:15.217571,0.96875,0.15501463413238525
9938,554,,,2018-08-04 19:24:16.107928,0.984375,0.08452647179365158
9939,555,,,2018-08-04 19:24:16.937201,0.9375,0.15603487193584442
9940,556,,,2018-08-04 19:24:17.808352,0.953125,0.16562214493751526
9941,557,,,2018-08-04 19:24:18.727556,0.921875,0.3478793799877167
9942,558,,,2018-08-04 19:24:19.604991,0.921875,0.30657052993774414
9943,559,,,2018-08-04 19:24:20.528234,0.9375,0.21369798481464386
9944,560,0.665,1.3117588758468628,2018-08-04 19:24:21.512662,0.90625,0.22514225542545319
9945,561,,,2018-08-04 19:25:12.463107,0.921875,0.19131754338741302
9946,562,,,2018-08-04 19:25:13.408003,0.9375,0.2583825886249542
9947,563,,,2018-08-04 19:25:14.410106,0.859375,0.33791494369506836
9948,564,,,2018-08-04 19:25:15.358243,0.9375,0.15788191556930542
9949,565,,,2018-08-04 19:25:16.393980,0.953125,0.17611004412174225
9950,566,,,2018-08-04 19:25:17.325357,0.953125,0.18160468339920044
9951,567,,,2018-08-04 19:25:18.159132,0.96875,0.13574175536632538
9952,568,,,2018-08-04 19:25:19.108231,0.921875,0.22237077355384827
9953,569,,,2018-08-04 19:25:20.082268,0.9375,0.18349556624889374
9954,570,,,2018-08-04 19:25:21.020398,0.890625,0.37926775217056274
9955,571,,,2018-08-04 19:25:21.974410,0.96875,0.13751333951950073
9956,572,,,2018-08-04 19:25:22.855105,0.90625,0.20526666939258575
9957,573,,,2018-08-04 19:25:23.740762,0.9375,0.1466532051563263
9958,574,,,2018-08-04 19:25:24.626427,0.921875,0.21748508512973785
9959,575,,,2018-08-04 19:25:25.548398,0.953125,0.17271921038627625
9960,576,,,2018-08-04 19:25:26.484990,0.953125,0.19416463375091553
9961,577,,,2018-08-04 19:25:27.426085,0.96875,0.10372854769229889
9962,578,,,2018-08-04 19:25:28.343738,0.96875,0.1537099927663803
9963,579,,,2018-08-04 19:25:29.297306,0.921875,0.1841413676738739
9964,580,0.6651,1.3132375478744507,2018-08-04 19:25:30.192906,0.96875,0.11716338992118835
9965,581,,,2018-08-04 19:26:20.725398,0.953125,0.15567509829998016
9966,582,,,2018-08-04 19:26:21.631624,0.953125,0.17991460859775543
9967,583,,,2018-08-04 19:26:22.604637,0.96875,0.14359977841377258
9968,584,,,2018-08-04 19:26:23.497132,0.90625,0.2596668004989624
9969,585,,,2018-08-04 19:26:24.461556,0.875,0.24132250249385834
9970,586,,,2018-08-04 19:26:25.389370,0.96875,0.11232874542474747
9971,587,,,2018-08-04 19:26:26.387417,0.96875,0.1483231633901596
9972,588,,,2018-08-04 19:26:27.337703,0.90625,0.216867595911026
9973,589,,,2018-08-04 19:26:28.181710,0.96875,0.09124390780925751
9974,590,,,2018-08-04 19:26:29.109068,0.984375,0.0824647918343544
9975,591,,,2018-08-04 19:26:30.033760,0.96875,0.11400812864303589
9976,592,,,2018-08-04 19:26:30.930114,0.9375,0.2652473449707031
9977,593,,,2018-08-04 19:26:31.837643,0.96875,0.12622389197349548
9978,594,,,2018-08-04 19:26:32.678180,0.96875,0.18776558339595795
9979,595,,,2018-08-04 19:26:33.579777,0.96875,0.15412861108779907
9980,596,,,2018-08-04 19:26:34.515999,0.90625,0.23236475884914398
9981,597,,,2018-08-04 19:26:35.536435,0.96875,0.16867882013320923
9982,598,,,2018-08-04 19:26:36.464719,0.96875,0.16868974268436432
9983,599,,,2018-08-04 19:26:37.425644,1.0,0.07148464024066925
9984,600,0.665,1.313822865486145,2018-08-04 19:26:38.261419,0.953125,0.11083031445741653
9985,601,,,2018-08-04 19:27:28.738411,0.984375,0.10868094116449356
9986,602,,,2018-08-04 19:27:29.712646,0.953125,0.10684478282928467
9987,603,,,2018-08-04 19:27:30.608081,0.953125,0.18698905408382416
9988,604,,,2018-08-04 19:27:31.506340,0.96875,0.10183951258659363
9989,605,,,2018-08-04 19:27:32.442162,0.96875,0.1574314534664154
9990,606,,,2018-08-04 19:27:33.404242,0.9375,0.16220027208328247
9991,607,,,2018-08-04 19:27:34.287860,0.921875,0.21489281952381134
9992,608,,,2018-08-04 19:27:35.211883,0.953125,0.2256043255329132
9993,609,,,2018-08-04 19:27:36.118714,0.9375,0.15854814648628235
9994,610,,,2018-08-04 19:27:37.007230,0.953125,0.15341535210609436
9995,611,,,2018-08-04 19:27:37.854609,0.921875,0.19123564660549164
9996,612,,,2018-08-04 19:27:38.709547,0.96875,0.1414249837398529
9997,613,,,2018-08-04 19:27:39.671032,0.953125,0.19669707119464874
9998,614,,,2018-08-04 19:27:40.592797,0.859375,0.535067081451416
9999,615,,,2018-08-04 19:27:41.486291,0.984375,0.10467185825109482
10000,616,,,2018-08-04 19:27:42.412069,0.90625,0.2586860954761505
10001,617,,,2018-08-04 19:27:43.305317,0.953125,0.1418975442647934
10002,618,,,2018-08-04 19:27:44.260158,0.96875,0.12033841758966446
10003,619,,,2018-08-04 19:27:45.249437,0.9375,0.2372000813484192
10004,620,0.6651,1.313668966293335,2018-08-04 19:27:46.131876,0.953125,0.13071753084659576
10005,621,,,2018-08-04 19:28:37.611073,0.96875,0.11195386201143265
10006,622,,,2018-08-04 19:28:38.555117,0.96875,0.1233283281326294
10007,623,,,2018-08-04 19:28:39.577160,0.96875,0.15930014848709106
10008,624,,,2018-08-04 19:28:40.442777,0.921875,0.24733252823352814
10009,625,,,2018-08-04 19:28:41.454133,0.984375,0.13605636358261108
10010,626,,,2018-08-04 19:28:42.396213,0.9375,0.13764211535453796
10011,627,,,2018-08-04 19:28:43.292511,0.953125,0.18334953486919403
10012,628,,,2018-08-04 19:28:44.214183,0.9375,0.17951098084449768
10013,629,,,2018-08-04 19:28:45.164462,0.953125,0.17657822370529175
10014,630,,,2018-08-04 19:28:46.122353,0.96875,0.18564467132091522
10015,631,,,2018-08-04 19:28:46.977832,0.96875,0.1271071881055832
10016,632,,,2018-08-04 19:28:47.858745,0.953125,0.11788702011108398
10017,633,,,2018-08-04 19:28:48.770783,0.953125,0.1651844084262848
10018,634,,,2018-08-04 19:28:49.691540,0.984375,0.11066366732120514
10019,635,,,2018-08-04 19:28:50.595754,0.96875,0.2376987189054489
10020,636,,,2018-08-04 19:28:51.501650,0.921875,0.23794153332710266
10021,637,,,2018-08-04 19:28:52.408751,0.921875,0.20681464672088623
10022,638,,,2018-08-04 19:28:53.318631,0.921875,0.2393427938222885
10023,639,,,2018-08-04 19:28:54.284529,0.9375,0.20493271946907043
10024,640,0.665,1.3146533966064453,2018-08-04 19:28:55.185295,0.96875,0.12951844930648804
10025,641,,,2018-08-04 19:29:46.855474,0.90625,0.22494590282440186
10026,642,,,2018-08-04 19:29:47.826807,0.96875,0.09335631877183914
10027,643,,,2018-08-04 19:29:48.764282,1.0,0.1206575408577919
10028,644,,,2018-08-04 19:29:49.795813,0.9375,0.14623406529426575
10029,645,,,2018-08-04 19:29:50.834269,1.0,0.07661177963018417
10030,646,,,2018-08-04 19:29:51.741024,0.953125,0.15679480135440826
10031,647,,,2018-08-04 19:29:52.708627,0.96875,0.0897422656416893
10032,648,,,2018-08-04 19:29:53.644730,0.9375,0.1530795693397522
10033,649,,,2018-08-04 19:29:54.525537,0.96875,0.11210529506206512
10034,650,,,2018-08-04 19:29:55.365178,0.96875,0.1111702173948288
10035,651,,,2018-08-04 19:29:56.341262,0.921875,0.18966443836688995
10036,652,,,2018-08-04 19:29:57.222033,0.890625,0.27297767996788025
10037,653,,,2018-08-04 19:29:57.969301,0.984375,0.15721765160560608
10038,654,,,2018-08-04 19:29:58.884572,0.984375,0.09459671378135681
10039,655,,,2018-08-04 19:29:59.844498,1.0,0.12182462960481644
10040,656,,,2018-08-04 19:30:00.721981,0.953125,0.15163342654705048
10041,657,,,2018-08-04 19:30:01.657992,0.96875,0.176252081990242
10042,658,,,2018-08-04 19:30:02.534124,0.984375,0.09032545983791351
10043,659,,,2018-08-04 19:30:03.374942,0.890625,0.21314597129821777
10044,660,0.6647,1.315089464187622,2018-08-04 19:30:04.308567,0.953125,0.15721406042575836
10045,661,,,2018-08-04 19:30:56.972658,0.96875,0.22403265535831451
10046,662,,,2018-08-04 19:30:57.917430,0.9375,0.2519181966781616
10047,663,,,2018-08-04 19:30:58.844465,0.953125,0.08649533987045288
10048,664,,,2018-08-04 19:30:59.856875,0.921875,0.2661599814891815
10049,665,,,2018-08-04 19:31:00.893877,0.953125,0.15240004658699036
10050,666,,,2018-08-04 19:31:01.876415,0.953125,0.19220949709415436
10051,667,,,2018-08-04 19:31:02.797693,0.96875,0.14931045472621918
10052,668,,,2018-08-04 19:31:03.770992,0.953125,0.2078375369310379
10053,669,,,2018-08-04 19:31:04.753525,0.9375,0.1710883378982544
10054,670,,,2018-08-04 19:31:05.647246,0.9375,0.1815396100282669
10055,671,,,2018-08-04 19:31:06.577733,0.9375,0.1931079477071762
10056,672,,,2018-08-04 19:31:07.455021,0.953125,0.13963139057159424
10057,673,,,2018-08-04 19:31:08.288966,0.953125,0.17173410952091217
10058,674,,,2018-08-04 19:31:09.304414,0.953125,0.15129594504833221
10059,675,,,2018-08-04 19:31:10.247272,0.96875,0.14189507067203522
10060,676,,,2018-08-04 19:31:11.233588,0.953125,0.14864513278007507
10061,677,,,2018-08-04 19:31:12.239328,0.96875,0.15554378926753998
10062,678,,,2018-08-04 19:31:13.089358,0.96875,0.1472974717617035
10063,679,,,2018-08-04 19:31:13.982647,0.921875,0.24429811537265778
10064,680,0.6645,1.3157390356063843,2018-08-04 19:31:14.850394,0.953125,0.15728077292442322
10065,681,,,2018-08-04 19:32:05.969114,0.984375,0.10409864038228989
10066,682,,,2018-08-04 19:32:06.946993,0.984375,0.12943287193775177
10067,683,,,2018-08-04 19:32:07.924292,0.96875,0.13948313891887665
10068,684,,,2018-08-04 19:32:08.903277,0.96875,0.10412697494029999
10069,685,,,2018-08-04 19:32:09.872280,0.984375,0.08668079227209091
10070,686,,,2018-08-04 19:32:10.808711,0.921875,0.1794026494026184
10071,687,,,2018-08-04 19:32:11.838581,0.90625,0.32399114966392517
10072,688,,,2018-08-04 19:32:12.840319,0.984375,0.08213270455598831
10073,689,,,2018-08-04 19:32:13.908680,0.9375,0.17634250223636627
10074,690,,,2018-08-04 19:32:14.930044,0.921875,0.19776730239391327
10075,691,,,2018-08-04 19:32:15.873123,0.9375,0.15339066088199615
10076,692,,,2018-08-04 19:32:16.843467,0.890625,0.19943933188915253
10077,693,,,2018-08-04 19:32:17.741176,0.9375,0.21825389564037323
10078,694,,,2018-08-04 19:32:18.672377,0.96875,0.12126094847917557
10079,695,,,2018-08-04 19:32:19.599623,0.875,0.23067493736743927
10080,696,,,2018-08-04 19:32:20.561171,0.953125,0.22695903480052948
10081,697,,,2018-08-04 19:32:21.408397,0.921875,0.2726778984069824
10082,698,,,2018-08-04 19:32:22.281517,0.890625,0.17436906695365906
10083,699,,,2018-08-04 19:32:23.184987,0.953125,0.17219650745391846
10084,700,0.6651,1.3163304328918457,2018-08-04 19:32:24.097041,0.9375,0.11858003586530685
10085,701,,,2018-08-04 19:33:13.809827,0.984375,0.1673000603914261
10086,702,,,2018-08-04 19:33:14.654233,0.96875,0.12738433480262756
10087,703,,,2018-08-04 19:33:15.538600,0.9375,0.1462797075510025
10088,704,,,2018-08-04 19:33:16.439802,0.96875,0.12955966591835022
10089,705,,,2018-08-04 19:33:17.323086,0.953125,0.2093782126903534
10090,706,,,2018-08-04 19:33:18.252814,0.9375,0.25430893898010254
10091,707,,,2018-08-04 19:33:19.267755,0.953125,0.15521426498889923
10092,708,,,2018-08-04 19:33:20.238369,0.90625,0.28634119033813477
10093,709,,,2018-08-04 19:33:21.325898,0.96875,0.20986035466194153
10094,710,,,2018-08-04 19:33:22.304476,0.984375,0.1442769169807434
10095,711,,,2018-08-04 19:33:23.227094,0.953125,0.1409931778907776
10096,712,,,2018-08-04 19:33:24.186805,0.921875,0.24902813136577606
10097,713,,,2018-08-04 19:33:25.097864,0.921875,0.2349957525730133
10098,714,,,2018-08-04 19:33:26.072287,0.984375,0.1147616058588028
10099,715,,,2018-08-04 19:33:27.065780,0.953125,0.14440056681632996
10100,716,,,2018-08-04 19:33:27.931621,0.953125,0.1859392672777176
10101,717,,,2018-08-04 19:33:28.837244,0.9375,0.14608295261859894
10102,718,,,2018-08-04 19:33:29.694247,1.0,0.1030791699886322
10103,719,,,2018-08-04 19:33:30.596814,0.953125,0.20857630670070648
10104,720,0.6656,1.3164024353027344,2018-08-04 19:33:31.525224,0.96875,0.18525119125843048
10105,721,,,2018-08-04 19:34:23.739164,0.953125,0.14748741686344147
10106,722,,,2018-08-04 19:34:24.677512,0.96875,0.09712378680706024
10107,723,,,2018-08-04 19:34:25.471299,0.96875,0.15235190093517303
10108,724,,,2018-08-04 19:34:26.349772,0.9375,0.194352924823761
10109,725,,,2018-08-04 19:34:27.362173,0.953125,0.13166296482086182
10110,726,,,2018-08-04 19:34:28.298664,0.953125,0.18742677569389343
10111,727,,,2018-08-04 19:34:29.277435,0.984375,0.10051044821739197
10112,728,,,2018-08-04 19:34:30.285691,0.984375,0.15440331399440765
10113,729,,,2018-08-04 19:34:31.291706,0.953125,0.1792699247598648
10114,730,,,2018-08-04 19:34:32.259257,1.0,0.09645412862300873
10115,731,,,2018-08-04 19:34:33.222758,0.984375,0.1230887621641159
10116,732,,,2018-08-04 19:34:34.161177,0.953125,0.20750366151332855
10117,733,,,2018-08-04 19:34:35.081075,0.953125,0.1338978260755539
10118,734,,,2018-08-04 19:34:36.026836,0.921875,0.17501437664031982
10119,735,,,2018-08-04 19:34:36.957120,0.9375,0.17229324579238892
10120,736,,,2018-08-04 19:34:37.940841,0.96875,0.1808779388666153
10121,737,,,2018-08-04 19:34:38.894212,1.0,0.10651670396327972
10122,738,,,2018-08-04 19:34:39.846131,0.921875,0.18733803927898407
10123,739,,,2018-08-04 19:34:40.766095,0.953125,0.2105872631072998
10124,740,0.6649,1.3163769245147705,2018-08-04 19:34:41.683202,0.9375,0.2356940656900406
10125,741,,,2018-08-04 19:35:32.550066,0.96875,0.09843304008245468
10126,742,,,2018-08-04 19:35:33.442076,0.9375,0.20899927616119385
10127,743,,,2018-08-04 19:35:34.308063,0.953125,0.1788792759180069
10128,744,,,2018-08-04 19:35:35.176866,0.90625,0.19220049679279327
10129,745,,,2018-08-04 19:35:36.049483,0.984375,0.08221527189016342
10130,746,,,2018-08-04 19:35:36.906572,0.96875,0.12560856342315674
10131,747,,,2018-08-04 19:35:37.850243,0.953125,0.11777930706739426
10132,748,,,2018-08-04 19:35:38.771421,0.96875,0.19471922516822815
10133,749,,,2018-08-04 19:35:39.730549,0.921875,0.20176690816879272
10134,750,,,2018-08-04 19:35:40.695312,0.953125,0.18531255424022675
10135,751,,,2018-08-04 19:35:41.599655,0.9375,0.18424978852272034
10136,752,,,2018-08-04 19:35:42.571851,0.921875,0.2990342974662781
10137,753,,,2018-08-04 19:35:43.577305,0.953125,0.11895835399627686
10138,754,,,2018-08-04 19:35:44.615528,0.96875,0.13076677918434143
10139,755,,,2018-08-04 19:35:45.592665,0.96875,0.1566157341003418
10140,756,,,2018-08-04 19:35:46.585824,0.96875,0.1197100356221199
10141,757,,,2018-08-04 19:35:47.544729,0.921875,0.20181164145469666
10142,758,,,2018-08-04 19:35:48.532626,0.953125,0.2238953709602356
10143,759,,,2018-08-04 19:35:49.536372,0.953125,0.15924184024333954
10144,760,0.665,1.3167248964309692,2018-08-04 19:35:50.472280,0.9375,0.17613106966018677
10145,761,,,2018-08-04 19:36:42.497563,0.9375,0.14072801172733307
10146,762,,,2018-08-04 19:36:43.435423,0.953125,0.1456785649061203
10147,763,,,2018-08-04 19:36:44.310032,0.9375,0.19441503286361694
10148,764,,,2018-08-04 19:36:45.217323,0.96875,0.10747309774160385
10149,765,,,2018-08-04 19:36:46.121328,0.96875,0.15285898745059967
10150,766,,,2018-08-04 19:36:46.997667,0.984375,0.07840915024280548
10151,767,,,2018-08-04 19:36:47.953035,1.0,0.10452109575271606
10152,768,,,2018-08-04 19:36:48.937824,1.0,0.09317915886640549
10153,769,,,2018-08-04 19:36:49.953620,0.90625,0.23260878026485443
10154,770,,,2018-08-04 19:36:50.829527,0.96875,0.12729522585868835
10155,771,,,2018-08-04 19:36:51.816421,0.953125,0.10819768160581589
10156,772,,,2018-08-04 19:36:52.747349,0.96875,0.17396026849746704
10157,773,,,2018-08-04 19:36:53.611125,0.9375,0.2390022724866867
10158,774,,,2018-08-04 19:36:54.495569,0.96875,0.1519203633069992
10159,775,,,2018-08-04 19:36:55.412172,0.890625,0.2105068415403366
10160,776,,,2018-08-04 19:36:56.313972,0.984375,0.08292227983474731
10161,777,,,2018-08-04 19:36:57.192698,0.953125,0.2573392987251282
10162,778,,,2018-08-04 19:36:58.060675,0.921875,0.1962771713733673
10163,779,,,2018-08-04 19:36:58.920156,0.9375,0.23185773193836212
10164,780,0.665,1.3170766830444336,2018-08-04 19:36:59.931074,0.90625,0.19381511211395264
10165,781,,,2018-08-04 19:37:50.147171,0.875,0.4188325107097626
10166,0,,,2018-08-04 19:38:41.127602,0.9375,0.18464414775371552
10167,1,,,2018-08-04 19:38:42.065558,0.96875,0.15835067629814148
10168,2,,,2018-08-04 19:38:43.021979,0.96875,0.182403564453125
10169,3,,,2018-08-04 19:38:43.819313,0.921875,0.2206578552722931
10170,4,,,2018-08-04 19:38:44.752641,0.921875,0.14667078852653503
10171,5,,,2018-08-04 19:38:45.661216,0.953125,0.17561879754066467
10172,6,,,2018-08-04 19:38:46.616535,0.9375,0.18290191888809204
10173,7,,,2018-08-04 19:38:47.522486,0.96875,0.10292723029851913
10174,8,,,2018-08-04 19:38:48.394287,0.984375,0.10651643574237823
10175,9,,,2018-08-04 19:38:49.293594,1.0,0.07408248633146286
10176,10,,,2018-08-04 19:38:50.208986,0.9375,0.17749357223510742
10177,11,,,2018-08-04 19:38:51.130951,0.9375,0.23792481422424316
10178,12,,,2018-08-04 19:38:52.073464,0.953125,0.17656278610229492
10179,13,,,2018-08-04 19:38:52.982379,0.921875,0.28671008348464966
10180,14,,,2018-08-04 19:38:53.908373,0.984375,0.08005007356405258
10181,15,,,2018-08-04 19:38:54.905937,0.953125,0.1593438982963562
10182,16,,,2018-08-04 19:38:55.864534,0.875,0.23794865608215332
10183,17,,,2018-08-04 19:38:56.747855,0.90625,0.22037938237190247
10184,18,,,2018-08-04 19:38:57.664136,1.0,0.07103414088487625
10185,19,,,2018-08-04 19:38:58.588691,0.984375,0.1383964866399765
10186,20,0.6654,1.3178433179855347,2018-08-04 19:38:59.531878,0.96875,0.10910481959581375
10187,21,,,2018-08-04 19:39:51.102331,0.953125,0.13327407836914062
10188,22,,,2018-08-04 19:39:52.032993,0.921875,0.20237156748771667
10189,23,,,2018-08-04 19:39:52.967462,0.953125,0.16120187938213348
10190,24,,,2018-08-04 19:39:53.848198,0.9375,0.21351522207260132
10191,25,,,2018-08-04 19:39:54.793639,0.953125,0.12118544429540634
10192,26,,,2018-08-04 19:39:55.654515,0.890625,0.30790412425994873
10193,27,,,2018-08-04 19:39:56.559124,0.9375,0.2086488902568817
10194,28,,,2018-08-04 19:39:57.559566,0.921875,0.2137879878282547
10195,29,,,2018-08-04 19:39:58.504509,0.9375,0.2315765917301178
10196,30,,,2018-08-04 19:39:59.424421,0.921875,0.1472010463476181
10197,31,,,2018-08-04 19:40:00.384230,0.953125,0.19404353201389313
10198,32,,,2018-08-04 19:40:01.326893,0.9375,0.17545394599437714
10199,33,,,2018-08-04 19:40:02.238849,0.9375,0.18286193907260895
10200,34,,,2018-08-04 19:40:03.119214,0.984375,0.08910156041383743
10201,35,,,2018-08-04 19:40:04.045263,0.984375,0.1565520316362381
10202,36,,,2018-08-04 19:40:05.006275,0.984375,0.08439014106988907
10203,37,,,2018-08-04 19:40:05.917460,0.953125,0.20560745894908905
10204,38,,,2018-08-04 19:40:06.868604,0.96875,0.17929436266422272
10205,39,,,2018-08-04 19:40:07.806992,0.953125,0.13734939694404602
10206,40,0.6656,1.318345069885254,2018-08-04 19:40:08.653232,0.9375,0.12768952548503876
10207,41,,,2018-08-04 19:40:59.506438,0.953125,0.19480353593826294
10208,42,,,2018-08-04 19:41:00.411847,0.96875,0.19690346717834473
10209,43,,,2018-08-04 19:41:01.445080,0.96875,0.1311863213777542
10210,44,,,2018-08-04 19:41:02.350523,0.96875,0.12164432555437088
10211,45,,,2018-08-04 19:41:03.252415,0.953125,0.15871629118919373
10212,46,,,2018-08-04 19:41:04.078411,0.96875,0.15203113853931427
10213,47,,,2018-08-04 19:41:04.923977,0.984375,0.10955341160297394
10214,48,,,2018-08-04 19:41:05.736965,0.953125,0.12919127941131592
10215,49,,,2018-08-04 19:41:06.623208,0.96875,0.1277957260608673
10216,50,,,2018-08-04 19:41:07.492979,0.9375,0.22281646728515625
10217,51,,,2018-08-04 19:41:08.444038,0.953125,0.09854084998369217
10218,52,,,2018-08-04 19:41:09.480406,0.9375,0.17714843153953552
10219,53,,,2018-08-04 19:41:10.368004,0.96875,0.12677545845508575
10220,54,,,2018-08-04 19:41:11.306020,0.953125,0.13197624683380127
10221,55,,,2018-08-04 19:41:12.208561,0.984375,0.13667696714401245
10222,56,,,2018-08-04 19:41:13.035182,1.0,0.09457779675722122
10223,57,,,2018-08-04 19:41:13.873099,0.890625,0.24827682971954346
10224,58,,,2018-08-04 19:41:14.811946,0.9375,0.18849539756774902
10225,59,,,2018-08-04 19:41:15.686671,0.984375,0.11864669620990753
10226,60,0.665,1.3198347091674805,2018-08-04 19:41:16.607295,1.0,0.10275439918041229
10227,61,,,2018-08-04 19:42:09.386758,0.9375,0.2236832082271576
10228,62,,,2018-08-04 19:42:10.355038,0.953125,0.13010868430137634
10229,63,,,2018-08-04 19:42:11.318433,0.953125,0.1508907526731491
10230,64,,,2018-08-04 19:42:12.266706,1.0,0.05732192099094391
10231,65,,,2018-08-04 19:42:13.161160,0.953125,0.17527051270008087
10232,66,,,2018-08-04 19:42:14.035749,0.953125,0.12305131554603577
10233,67,,,2018-08-04 19:42:14.857555,0.96875,0.15138888359069824
10234,68,,,2018-08-04 19:42:15.721051,0.984375,0.10824842751026154
10235,69,,,2018-08-04 19:42:16.612029,0.9375,0.21042971312999725
10236,70,,,2018-08-04 19:42:17.638849,0.953125,0.14742106199264526
10237,71,,,2018-08-04 19:42:18.575134,0.921875,0.15574826300144196
10238,72,,,2018-08-04 19:42:19.541010,0.890625,0.25658339262008667
10239,73,,,2018-08-04 19:42:20.527642,0.90625,0.17462874948978424
10240,74,,,2018-08-04 19:42:21.433498,0.953125,0.21361036598682404
10241,75,,,2018-08-04 19:42:22.381642,0.96875,0.12422286719083786
10242,76,,,2018-08-04 19:42:23.345782,0.9375,0.20298397541046143
10243,77,,,2018-08-04 19:42:24.354697,0.96875,0.07959011942148209
10244,78,,,2018-08-04 19:42:25.402323,0.984375,0.10248547792434692
10245,79,,,2018-08-04 19:42:26.335144,0.9375,0.18738020956516266
10246,80,0.6651,1.3202354907989502,2018-08-04 19:42:27.299529,0.96875,0.11968729645013809
10247,81,,,2018-08-04 19:43:20.191434,0.984375,0.11991150677204132
10248,82,,,2018-08-04 19:43:21.178115,0.96875,0.150118887424469
10249,83,,,2018-08-04 19:43:22.077321,0.890625,0.22400590777397156
10250,84,,,2018-08-04 19:43:22.968282,0.953125,0.14202989637851715
10251,85,,,2018-08-04 19:43:23.864321,0.890625,0.22281621396541595
10252,86,,,2018-08-04 19:43:24.806283,0.9375,0.11402702331542969
10253,87,,,2018-08-04 19:43:25.715365,0.96875,0.1403878629207611
10254,88,,,2018-08-04 19:43:26.493936,0.984375,0.06188301742076874
10255,89,,,2018-08-04 19:43:27.378139,0.96875,0.13619957864284515
10256,90,,,2018-08-04 19:43:28.305059,0.953125,0.1792275756597519
10257,91,,,2018-08-04 19:43:29.177431,0.890625,0.3048069179058075
10258,92,,,2018-08-04 19:43:30.076730,0.953125,0.19636572897434235
10259,93,,,2018-08-04 19:43:31.022960,0.96875,0.1482696384191513
10260,94,,,2018-08-04 19:43:31.999636,0.953125,0.15524905920028687
10261,95,,,2018-08-04 19:43:32.967571,0.921875,0.23660586774349213
10262,96,,,2018-08-04 19:43:33.895252,0.96875,0.15855324268341064
10263,97,,,2018-08-04 19:43:34.793964,0.984375,0.07325688004493713
10264,98,,,2018-08-04 19:43:35.683319,0.96875,0.15302658081054688
10265,99,,,2018-08-04 19:43:36.587202,0.953125,0.18591393530368805
10266,100,0.6654,1.3206756114959717,2018-08-04 19:43:37.514566,0.9375,0.17096267640590668
10267,101,,,2018-08-04 19:44:27.230390,0.9375,0.18661482632160187
10268,102,,,2018-08-04 19:44:28.081186,0.953125,0.17515988647937775
10269,103,,,2018-08-04 19:44:28.927096,0.96875,0.12677645683288574
10270,104,,,2018-08-04 19:44:29.857611,0.953125,0.1387740671634674
10271,105,,,2018-08-04 19:44:30.755501,0.9375,0.1144058033823967
10272,106,,,2018-08-04 19:44:31.652932,0.953125,0.16639772057533264
10273,107,,,2018-08-04 19:44:32.561501,0.953125,0.19505411386489868
10274,108,,,2018-08-04 19:44:33.410051,0.96875,0.1617509126663208
10275,109,,,2018-08-04 19:44:34.221570,0.921875,0.21922680735588074
10276,110,,,2018-08-04 19:44:35.199847,0.984375,0.11086832731962204
10277,111,,,2018-08-04 19:44:36.074483,0.96875,0.19529111683368683
10278,112,,,2018-08-04 19:44:36.998262,0.953125,0.15415826439857483
10279,113,,,2018-08-04 19:44:37.939292,0.9375,0.275796502828598
10280,114,,,2018-08-04 19:44:38.837767,0.984375,0.10760758072137833
10281,115,,,2018-08-04 19:44:39.740209,0.953125,0.14890770614147186
10282,116,,,2018-08-04 19:44:40.614178,0.9375,0.18830107152462006
10283,117,,,2018-08-04 19:44:41.481936,0.953125,0.1433035135269165
10284,118,,,2018-08-04 19:44:42.377154,0.984375,0.10577792674303055
10285,119,,,2018-08-04 19:44:43.334497,0.984375,0.10682237148284912
10286,120,0.6657,1.3207448720932007,2018-08-04 19:44:44.250832,0.9375,0.27059727907180786
10287,121,,,2018-08-04 19:45:35.872167,0.96875,0.10640579462051392
10288,122,,,2018-08-04 19:45:36.830418,1.0,0.09384069591760635
10289,123,,,2018-08-04 19:45:37.784820,0.96875,0.10992059856653214
10290,124,,,2018-08-04 19:45:38.690559,0.96875,0.11300686746835709
10291,125,,,2018-08-04 19:45:39.542432,0.984375,0.1189173012971878
10292,126,,,2018-08-04 19:45:40.502239,0.9375,0.224623441696167
10293,127,,,2018-08-04 19:45:41.396951,0.984375,0.1384609043598175
10294,128,,,2018-08-04 19:45:42.277646,0.96875,0.11555098742246628
10295,129,,,2018-08-04 19:45:43.192564,0.96875,0.12004434317350388
10296,130,,,2018-08-04 19:45:44.061859,0.984375,0.11355004459619522
10297,131,,,2018-08-04 19:45:45.100688,0.921875,0.203230082988739
10298,132,,,2018-08-04 19:45:46.046030,0.953125,0.17286288738250732
10299,133,,,2018-08-04 19:45:47.020346,0.890625,0.3654541075229645
10300,134,,,2018-08-04 19:45:48.038669,0.9375,0.206983283162117
10301,135,,,2018-08-04 19:45:48.983355,0.953125,0.26435035467147827
10302,136,,,2018-08-04 19:45:49.956129,0.9375,0.1899668276309967
10303,137,,,2018-08-04 19:45:50.899338,0.921875,0.23768579959869385
10304,138,,,2018-08-04 19:45:51.801769,0.96875,0.11434248834848404
10305,139,,,2018-08-04 19:45:52.838938,0.96875,0.13139832019805908
10306,140,0.6657,1.3212388753890991,2018-08-04 19:45:53.796834,0.9375,0.15948769450187683
10307,141,,,2018-08-04 19:46:45.911869,1.0,0.10728088021278381
10308,142,,,2018-08-04 19:46:46.855606,0.984375,0.0966450423002243
10309,143,,,2018-08-04 19:46:47.740364,0.96875,0.15682944655418396
10310,144,,,2018-08-04 19:46:48.638931,0.984375,0.07344438880681992
10311,145,,,2018-08-04 19:46:49.574498,0.96875,0.13989175856113434
10312,146,,,2018-08-04 19:46:50.427089,0.953125,0.19815707206726074
10313,147,,,2018-08-04 19:46:51.335224,0.890625,0.2549733519554138
10314,148,,,2018-08-04 19:46:52.299609,0.96875,0.14502716064453125
10315,149,,,2018-08-04 19:46:53.155420,0.96875,0.08884534984827042
10316,150,,,2018-08-04 19:46:54.103827,0.921875,0.17118296027183533
10317,151,,,2018-08-04 19:46:54.928041,0.9375,0.14938434958457947
10318,152,,,2018-08-04 19:46:55.851785,0.890625,0.230062797665596
10319,153,,,2018-08-04 19:46:56.828949,0.96875,0.13044047355651855
10320,154,,,2018-08-04 19:46:57.760299,0.96875,0.15774385631084442
10321,155,,,2018-08-04 19:46:58.650596,0.953125,0.2812153697013855
10322,156,,,2018-08-04 19:46:59.521471,0.96875,0.13843557238578796
10323,157,,,2018-08-04 19:47:00.457411,0.984375,0.14585210382938385
10324,158,,,2018-08-04 19:47:01.385614,0.984375,0.13485249876976013
10325,159,,,2018-08-04 19:47:02.238722,0.953125,0.17545530200004578
10326,160,0.6657,1.3226218223571777,2018-08-04 19:47:03.182785,0.953125,0.1409842073917389
10327,161,,,2018-08-04 19:47:54.873573,0.953125,0.15682710707187653
10328,162,,,2018-08-04 19:47:55.841497,0.953125,0.2190932035446167
10329,163,,,2018-08-04 19:47:56.831072,0.921875,0.2314201444387436
10330,164,,,2018-08-04 19:47:57.840590,0.9375,0.13546165823936462
10331,165,,,2018-08-04 19:47:58.688997,0.96875,0.1113906055688858
10332,166,,,2018-08-04 19:47:59.566566,1.0,0.08765728771686554
10333,167,,,2018-08-04 19:48:00.524431,0.921875,0.22916202247142792
10334,168,,,2018-08-04 19:48:01.505080,0.96875,0.1399417519569397
10335,169,,,2018-08-04 19:48:02.462091,0.953125,0.18991431593894958
10336,170,,,2018-08-04 19:48:03.427727,0.96875,0.0987984910607338
10337,171,,,2018-08-04 19:48:04.353833,0.875,0.364241361618042
10338,172,,,2018-08-04 19:48:05.265147,0.90625,0.23115174472332
10339,173,,,2018-08-04 19:48:06.134917,0.96875,0.11365320533514023
10340,174,,,2018-08-04 19:48:07.015460,0.984375,0.12161578238010406
10341,175,,,2018-08-04 19:48:07.937283,0.890625,0.24382232129573822
10342,176,,,2018-08-04 19:48:08.802502,0.984375,0.08600898832082748
10343,177,,,2018-08-04 19:48:09.697766,1.0,0.05991588532924652
10344,178,,,2018-08-04 19:48:10.586141,0.9375,0.2081371396780014
10345,179,,,2018-08-04 19:48:11.495828,0.984375,0.09446635097265244
10346,180,0.6654,1.3232980966567993,2018-08-04 19:48:12.449463,0.96875,0.1731690615415573
10347,181,,,2018-08-04 19:49:04.137683,0.96875,0.14356383681297302
10348,182,,,2018-08-04 19:49:05.035131,0.984375,0.08207746595144272
10349,183,,,2018-08-04 19:49:05.933788,0.984375,0.17212039232254028
10350,184,,,2018-08-04 19:49:06.879094,0.984375,0.13681454956531525
10351,185,,,2018-08-04 19:49:07.772240,0.9375,0.19011032581329346
10352,186,,,2018-08-04 19:49:08.618298,0.9375,0.1263291984796524
10353,187,,,2018-08-04 19:49:09.536333,0.9375,0.24740071594715118
10354,188,,,2018-08-04 19:49:10.468884,0.953125,0.11773692816495895
10355,189,,,2018-08-04 19:49:11.349577,0.9375,0.1717022806406021
10356,190,,,2018-08-04 19:49:12.170761,0.96875,0.16483516991138458
10357,191,,,2018-08-04 19:49:13.095108,0.953125,0.1286570429801941
10358,192,,,2018-08-04 19:49:14.028431,0.9375,0.21261148154735565
10359,193,,,2018-08-04 19:49:14.837067,0.9375,0.26070043444633484
10360,194,,,2018-08-04 19:49:15.732575,0.953125,0.13695724308490753
10361,195,,,2018-08-04 19:49:16.761442,1.0,0.08348498493432999
10362,196,,,2018-08-04 19:49:17.657614,0.921875,0.2998669147491455
10363,197,,,2018-08-04 19:49:18.541646,0.921875,0.26127389073371887
10364,198,,,2018-08-04 19:49:19.409422,0.953125,0.20673370361328125
10365,199,,,2018-08-04 19:49:20.289301,0.921875,0.24724236130714417
10366,200,0.6663,1.3234237432479858,2018-08-04 19:49:21.146094,0.9375,0.15309388935565948
10367,201,,,2018-08-04 19:50:13.742896,0.984375,0.13906118273735046
10368,202,,,2018-08-04 19:50:14.647082,0.953125,0.23689384758472443
10369,203,,,2018-08-04 19:50:15.542512,1.0,0.09899140149354935
10370,204,,,2018-08-04 19:50:16.412590,0.921875,0.2047324776649475
10371,205,,,2018-08-04 19:50:17.393269,1.0,0.08138059824705124
10372,206,,,2018-08-04 19:50:18.299123,0.953125,0.15358418226242065
10373,207,,,2018-08-04 19:50:19.191546,0.96875,0.15316864848136902
10374,208,,,2018-08-04 19:50:20.099658,0.890625,0.3083742558956146
10375,209,,,2018-08-04 19:50:20.983360,1.0,0.07274138182401657
10376,210,,,2018-08-04 19:50:21.913880,0.984375,0.09778453409671783
10377,211,,,2018-08-04 19:50:22.812178,0.96875,0.2277333289384842
10378,212,,,2018-08-04 19:50:23.738741,0.9375,0.15459170937538147
10379,213,,,2018-08-04 19:50:24.603634,0.921875,0.23423068225383759
10380,214,,,2018-08-04 19:50:25.448041,0.96875,0.1477942168712616
10381,215,,,2018-08-04 19:50:26.360571,0.9375,0.2117147445678711
10382,216,,,2018-08-04 19:50:27.327627,0.953125,0.17624954879283905
10383,217,,,2018-08-04 19:50:28.320814,0.984375,0.13013696670532227
10384,218,,,2018-08-04 19:50:29.196235,1.0,0.09305379539728165
10385,219,,,2018-08-04 19:50:30.082142,0.9375,0.14608532190322876
10386,220,0.6657,1.3235979080200195,2018-08-04 19:50:30.931394,0.96875,0.21288979053497314
10387,221,,,2018-08-04 19:51:22.964155,0.984375,0.12483618408441544
10388,222,,,2018-08-04 19:51:23.914202,0.96875,0.13188514113426208
10389,223,,,2018-08-04 19:51:24.809809,0.96875,0.12527622282505035
10390,224,,,2018-08-04 19:51:25.771655,1.0,0.10260477662086487
10391,225,,,2018-08-04 19:51:26.760518,0.953125,0.15921048820018768
10392,226,,,2018-08-04 19:51:27.757888,0.953125,0.1843881607055664
10393,227,,,2018-08-04 19:51:28.720117,0.96875,0.11578436195850372
10394,228,,,2018-08-04 19:51:29.638322,0.984375,0.09047329425811768
10395,229,,,2018-08-04 19:51:30.612035,0.90625,0.2787225842475891
10396,230,,,2018-08-04 19:51:31.449488,0.984375,0.14995795488357544
10397,231,,,2018-08-04 19:51:32.420360,0.921875,0.15352025628089905
10398,232,,,2018-08-04 19:51:33.353143,0.953125,0.1765621304512024
10399,233,,,2018-08-04 19:51:34.268389,0.9375,0.14333856105804443
10400,234,,,2018-08-04 19:51:35.152715,0.9375,0.1546407788991928
10401,235,,,2018-08-04 19:51:35.975500,0.9375,0.15401680767536163
10402,236,,,2018-08-04 19:51:36.790155,0.921875,0.18411687016487122
10403,237,,,2018-08-04 19:51:37.853987,0.953125,0.21081526577472687
10404,238,,,2018-08-04 19:51:38.835427,0.953125,0.12247888743877411
10405,239,,,2018-08-04 19:51:39.812740,0.96875,0.1411081701517105
10406,240,0.6653,1.3239355087280273,2018-08-04 19:51:40.694385,0.953125,0.17269715666770935
10407,241,,,2018-08-04 19:52:33.380304,0.9375,0.147817000746727
10408,242,,,2018-08-04 19:52:34.305452,0.984375,0.14469866454601288
10409,243,,,2018-08-04 19:52:35.316817,0.921875,0.25661423802375793
10410,244,,,2018-08-04 19:52:36.280135,0.953125,0.2973286807537079
10411,245,,,2018-08-04 19:52:37.197793,0.953125,0.17493517696857452
10412,246,,,2018-08-04 19:52:38.062610,0.953125,0.11744767427444458
10413,247,,,2018-08-04 19:52:38.911511,0.96875,0.11388973891735077
10414,248,,,2018-08-04 19:52:39.843296,0.875,0.3694763481616974
10415,249,,,2018-08-04 19:52:40.728391,0.9375,0.12973086535930634
10416,250,,,2018-08-04 19:52:41.602433,1.0,0.12050586938858032
10417,251,,,2018-08-04 19:52:42.512802,0.9375,0.16495761275291443
10418,252,,,2018-08-04 19:52:43.432947,0.890625,0.27620410919189453
10419,253,,,2018-08-04 19:52:44.359642,0.984375,0.08544797450304031
10420,254,,,2018-08-04 19:52:45.253278,0.96875,0.10902033001184464
10421,255,,,2018-08-04 19:52:46.193758,0.96875,0.13507598638534546
10422,256,,,2018-08-04 19:52:47.011570,0.953125,0.1419093906879425
10423,257,,,2018-08-04 19:52:47.912251,0.953125,0.18203091621398926
10424,258,,,2018-08-04 19:52:48.954057,0.953125,0.15413030982017517
10425,259,,,2018-08-04 19:52:49.867459,0.96875,0.07804343104362488
10426,260,0.6658,1.324635624885559,2018-08-04 19:52:50.785299,0.96875,0.2702111601829529
10427,261,,,2018-08-04 19:53:43.302587,0.9375,0.2300495058298111
10428,262,,,2018-08-04 19:53:44.324593,0.953125,0.1381128877401352
10429,263,,,2018-08-04 19:53:45.262370,0.96875,0.1424100399017334
10430,264,,,2018-08-04 19:53:46.244819,0.984375,0.10785849392414093
10431,265,,,2018-08-04 19:53:47.252030,0.9375,0.1923157423734665
10432,266,,,2018-08-04 19:53:48.257829,0.953125,0.15946994721889496
10433,267,,,2018-08-04 19:53:49.202724,0.953125,0.16639356315135956
10434,268,,,2018-08-04 19:53:50.178370,0.953125,0.16124556958675385
10435,269,,,2018-08-04 19:53:51.130118,0.9375,0.13059073686599731
10436,270,,,2018-08-04 19:53:52.031154,0.953125,0.2282818853855133
10437,271,,,2018-08-04 19:53:53.010498,0.984375,0.0925518199801445
10438,272,,,2018-08-04 19:53:53.867899,0.96875,0.13729022443294525
10439,273,,,2018-08-04 19:53:54.784086,0.890625,0.523295521736145
10440,274,,,2018-08-04 19:53:55.679582,0.921875,0.17904771864414215
10441,275,,,2018-08-04 19:53:56.615235,0.984375,0.10764814168214798
10442,276,,,2018-08-04 19:53:57.621322,0.984375,0.12265314906835556
10443,277,,,2018-08-04 19:53:58.637903,0.9375,0.18973927199840546
10444,278,,,2018-08-04 19:53:59.539423,0.96875,0.08303774148225784
10445,279,,,2018-08-04 19:54:00.491946,0.96875,0.12538710236549377
10446,280,0.6655,1.3242071866989136,2018-08-04 19:54:01.460168,0.984375,0.15816354751586914
10447,281,,,2018-08-04 19:54:52.838242,0.953125,0.1757744699716568
10448,282,,,2018-08-04 19:54:53.807761,0.96875,0.10914751142263412
10449,283,,,2018-08-04 19:54:54.711811,0.984375,0.114036925137043
10450,284,,,2018-08-04 19:54:55.712076,0.984375,0.08488378673791885
10451,285,,,2018-08-04 19:54:56.645566,0.96875,0.17623035609722137
10452,286,,,2018-08-04 19:54:57.567205,0.9375,0.13223184645175934
10453,287,,,2018-08-04 19:54:58.476187,0.953125,0.18730279803276062
10454,288,,,2018-08-04 19:54:59.367298,0.96875,0.10786771029233932
10455,289,,,2018-08-04 19:55:00.350350,0.96875,0.1821199208498001
10456,290,,,2018-08-04 19:55:01.322116,0.890625,0.24780799448490143
10457,291,,,2018-08-04 19:55:02.334585,0.984375,0.08621356636285782
10458,292,,,2018-08-04 19:55:03.299829,0.953125,0.14346472918987274
10459,293,,,2018-08-04 19:55:04.194271,0.984375,0.10298310965299606
10460,294,,,2018-08-04 19:55:05.062721,0.984375,0.09743508696556091
10461,295,,,2018-08-04 19:55:05.955614,0.921875,0.17637899518013
10462,296,,,2018-08-04 19:55:06.901007,0.875,0.2372959852218628
10463,297,,,2018-08-04 19:55:07.736585,0.9375,0.13218949735164642
10464,298,,,2018-08-04 19:55:08.597512,1.0,0.09464627504348755
10465,299,,,2018-08-04 19:55:09.463696,0.921875,0.2245316505432129
10466,300,0.666,1.323958158493042,2018-08-04 19:55:10.289886,0.9375,0.15373265743255615
10467,301,,,2018-08-04 19:56:00.356219,1.0,0.10562777519226074
10468,302,,,2018-08-04 19:56:01.377462,0.921875,0.19582268595695496
10469,303,,,2018-08-04 19:56:02.296075,0.96875,0.17015136778354645
10470,304,,,2018-08-04 19:56:03.285056,0.921875,0.2044631689786911
10471,305,,,2018-08-04 19:56:04.218843,0.9375,0.23611412942409515
10472,306,,,2018-08-04 19:56:05.185097,0.96875,0.1356218159198761
10473,307,,,2018-08-04 19:56:06.149192,0.984375,0.07270696759223938
10474,308,,,2018-08-04 19:56:07.110799,0.984375,0.0844041034579277
10475,309,,,2018-08-04 19:56:08.041244,0.921875,0.2437572330236435
10476,310,,,2018-08-04 19:56:08.975015,0.9375,0.27395203709602356
10477,311,,,2018-08-04 19:56:09.832324,0.953125,0.1697639375925064
10478,312,,,2018-08-04 19:56:10.701953,0.9375,0.2743806838989258
10479,313,,,2018-08-04 19:56:11.592593,0.96875,0.15766917169094086
10480,314,,,2018-08-04 19:56:12.455838,0.953125,0.13955043256282806
10481,315,,,2018-08-04 19:56:13.366171,0.96875,0.1337931603193283
10482,316,,,2018-08-04 19:56:14.304548,0.953125,0.1729108691215515
10483,317,,,2018-08-04 19:56:15.224859,0.921875,0.18280909955501556
10484,318,,,2018-08-04 19:56:16.104438,0.9375,0.226200670003891
10485,319,,,2018-08-04 19:56:16.931001,1.0,0.11353421211242676
10486,320,0.6661,1.3245182037353516,2018-08-04 19:56:17.914274,0.96875,0.09530054032802582
10487,321,,,2018-08-04 19:57:11.374633,0.96875,0.14765070378780365
10488,322,,,2018-08-04 19:57:12.408274,0.953125,0.15676479041576385
10489,323,,,2018-08-04 19:57:13.320586,0.984375,0.16881954669952393
10490,324,,,2018-08-04 19:57:14.277678,0.953125,0.1511496901512146
10491,325,,,2018-08-04 19:57:15.196708,0.953125,0.17611244320869446
10492,326,,,2018-08-04 19:57:16.147328,1.0,0.08957453072071075
10493,327,,,2018-08-04 19:57:17.173899,0.96875,0.12027652561664581
10494,328,,,2018-08-04 19:57:18.118570,0.921875,0.22314222157001495
10495,329,,,2018-08-04 19:57:19.083819,0.921875,0.14470446109771729
10496,330,,,2018-08-04 19:57:19.970874,0.96875,0.1310426890850067
10497,331,,,2018-08-04 19:57:20.986718,0.984375,0.12369277328252792
10498,332,,,2018-08-04 19:57:21.933965,0.9375,0.10820715874433517
10499,333,,,2018-08-04 19:57:22.805710,0.921875,0.2879140377044678
10500,334,,,2018-08-04 19:57:23.751217,0.921875,0.27301040291786194
10501,335,,,2018-08-04 19:57:24.581944,0.953125,0.19361062347888947
10502,336,,,2018-08-04 19:57:25.461193,0.9375,0.28449341654777527
10503,337,,,2018-08-04 19:57:26.489785,0.953125,0.1486300826072693
10504,338,,,2018-08-04 19:57:27.509308,0.890625,0.334740549325943
10505,339,,,2018-08-04 19:57:28.568598,0.953125,0.18001335859298706
10506,340,0.6653,1.32448148727417,2018-08-04 19:57:29.535110,0.9375,0.26545509696006775
10507,341,,,2018-08-04 19:58:20.717034,1.0,0.10966653376817703
10508,342,,,2018-08-04 19:58:21.658458,0.96875,0.19121286273002625
10509,343,,,2018-08-04 19:58:22.480943,0.96875,0.12706953287124634
10510,344,,,2018-08-04 19:58:23.345025,0.953125,0.12706971168518066
10511,345,,,2018-08-04 19:58:24.303708,0.9375,0.17032301425933838
10512,346,,,2018-08-04 19:58:25.246593,0.875,0.33301520347595215
10513,347,,,2018-08-04 19:58:26.164428,0.953125,0.12389222532510757
10514,348,,,2018-08-04 19:58:27.064856,0.921875,0.19582922756671906
10515,349,,,2018-08-04 19:58:27.911286,0.90625,0.23797966539859772
10516,350,,,2018-08-04 19:58:28.826127,1.0,0.11378580331802368
10517,351,,,2018-08-04 19:58:29.642439,0.9375,0.16232433915138245
10518,352,,,2018-08-04 19:58:30.456746,0.96875,0.14713582396507263
10519,353,,,2018-08-04 19:58:31.325946,0.984375,0.12732626497745514
10520,354,,,2018-08-04 19:58:32.234076,0.90625,0.24508729577064514
10521,355,,,2018-08-04 19:58:33.208669,0.953125,0.1611480414867401
10522,356,,,2018-08-04 19:58:34.145035,0.984375,0.17954391241073608
10523,357,,,2018-08-04 19:58:34.999984,0.953125,0.1589731127023697
10524,358,,,2018-08-04 19:58:35.889369,0.96875,0.12940463423728943
10525,359,,,2018-08-04 19:58:36.958832,0.953125,0.1599271595478058
10526,360,0.6663,1.325852394104004,2018-08-04 19:58:37.911310,0.953125,0.16800618171691895
10527,361,,,2018-08-04 19:59:27.860621,0.9375,0.13549348711967468
10528,362,,,2018-08-04 19:59:28.875248,0.953125,0.21874800324440002
10529,363,,,2018-08-04 19:59:29.840699,0.96875,0.10678551346063614
10530,364,,,2018-08-04 19:59:30.787684,0.953125,0.13719871640205383
10531,365,,,2018-08-04 19:59:31.748395,0.984375,0.1190209910273552
10532,366,,,2018-08-04 19:59:32.648951,0.953125,0.13110509514808655
10533,367,,,2018-08-04 19:59:33.556955,0.984375,0.14775478839874268
10534,368,,,2018-08-04 19:59:34.370770,0.96875,0.1765158474445343
10535,369,,,2018-08-04 19:59:35.255598,0.984375,0.08697060495615005
10536,370,,,2018-08-04 19:59:36.144284,0.90625,0.3009580373764038
10537,371,,,2018-08-04 19:59:37.032719,0.953125,0.14271040260791779
10538,372,,,2018-08-04 19:59:37.975692,0.9375,0.1380234658718109
10539,373,,,2018-08-04 19:59:38.911769,0.984375,0.14761880040168762
10540,374,,,2018-08-04 19:59:39.839464,0.921875,0.1864868700504303
10541,375,,,2018-08-04 19:59:40.845949,1.0,0.06107150763273239
10542,376,,,2018-08-04 19:59:41.782204,0.921875,0.16573597490787506
10543,377,,,2018-08-04 19:59:42.674613,0.96875,0.10811040550470352
10544,378,,,2018-08-04 19:59:43.551279,0.96875,0.10339828580617905
10545,379,,,2018-08-04 19:59:44.465967,0.984375,0.08535619080066681
10546,380,0.6662,1.3267570734024048,2018-08-04 19:59:45.432787,0.90625,0.18339046835899353
10547,381,,,2018-08-04 20:00:36.049822,0.953125,0.16776302456855774
10548,382,,,2018-08-04 20:00:37.004374,1.0,0.077081099152565
10549,383,,,2018-08-04 20:00:37.927407,0.984375,0.12590791285037994
10550,384,,,2018-08-04 20:00:38.880923,0.953125,0.14510250091552734
10551,385,,,2018-08-04 20:00:39.788430,0.96875,0.11243841797113419
10552,386,,,2018-08-04 20:00:40.651367,0.9375,0.12756092846393585
10553,387,,,2018-08-04 20:00:41.496123,0.953125,0.19310341775417328
10554,388,,,2018-08-04 20:00:42.399146,0.9375,0.17631937563419342
10555,389,,,2018-08-04 20:00:43.336242,0.953125,0.12011273950338364
10556,390,,,2018-08-04 20:00:44.221911,0.984375,0.08141373097896576
10557,391,,,2018-08-04 20:00:45.153527,0.953125,0.11866799741983414
10558,392,,,2018-08-04 20:00:46.118682,0.953125,0.15977700054645538
10559,393,,,2018-08-04 20:00:47.066638,0.9375,0.2479773461818695
10560,394,,,2018-08-04 20:00:48.060110,0.953125,0.2235131561756134
10561,395,,,2018-08-04 20:00:49.010779,0.953125,0.17513824999332428
10562,396,,,2018-08-04 20:00:49.923299,0.96875,0.19183117151260376
10563,397,,,2018-08-04 20:00:50.919397,0.9375,0.13807831704616547
10564,398,,,2018-08-04 20:00:51.878872,0.953125,0.18581578135490417
10565,399,,,2018-08-04 20:00:52.849068,0.890625,0.26858314871788025
10566,400,0.6661,1.3276079893112183,2018-08-04 20:00:53.764613,0.96875,0.1676626354455948
10567,401,,,2018-08-04 20:01:43.394611,0.96875,0.12806643545627594
10568,402,,,2018-08-04 20:01:44.349657,0.921875,0.2360749989748001
10569,403,,,2018-08-04 20:01:45.260417,0.9375,0.18099607527256012
10570,404,,,2018-08-04 20:01:46.228556,0.96875,0.1472259759902954
10571,405,,,2018-08-04 20:01:47.205598,0.96875,0.09966044872999191
10572,406,,,2018-08-04 20:01:48.144011,0.984375,0.1312231421470642
10573,407,,,2018-08-04 20:01:48.967025,1.0,0.08429166674613953
10574,408,,,2018-08-04 20:01:49.854080,0.953125,0.13564415276050568
10575,409,,,2018-08-04 20:01:50.797580,0.96875,0.15296675264835358
10576,410,,,2018-08-04 20:01:51.831562,0.9375,0.22214674949645996
10577,411,,,2018-08-04 20:01:52.730328,0.9375,0.22117318212985992
10578,412,,,2018-08-04 20:01:53.627206,0.9375,0.15565276145935059
10579,413,,,2018-08-04 20:01:54.421675,0.9375,0.16265219449996948
10580,414,,,2018-08-04 20:01:55.311257,0.9375,0.19932347536087036
10581,415,,,2018-08-04 20:01:56.222024,0.9375,0.19453750550746918
10582,416,,,2018-08-04 20:01:57.150321,0.984375,0.1373833417892456
10583,417,,,2018-08-04 20:01:58.123221,0.953125,0.0974084809422493
10584,418,,,2018-08-04 20:01:59.096369,0.96875,0.13239088654518127
10585,419,,,2018-08-04 20:02:00.022065,0.9375,0.23400017619132996
10586,420,0.6655,1.3280686140060425,2018-08-04 20:02:00.938195,0.96875,0.15846335887908936
10587,421,,,2018-08-04 20:02:51.637189,0.9375,0.17866268754005432
10588,422,,,2018-08-04 20:02:52.601369,0.953125,0.15032298862934113
10589,423,,,2018-08-04 20:02:53.485408,0.953125,0.12829464673995972
10590,424,,,2018-08-04 20:02:54.435319,0.953125,0.18107566237449646
10591,425,,,2018-08-04 20:02:55.448444,0.96875,0.10355301946401596
10592,426,,,2018-08-04 20:02:56.445188,0.96875,0.0959332212805748
10593,427,,,2018-08-04 20:02:57.334186,0.953125,0.18317990005016327
10594,428,,,2018-08-04 20:02:58.225334,0.953125,0.16895543038845062
10595,429,,,2018-08-04 20:02:59.182839,0.96875,0.15849334001541138
10596,430,,,2018-08-04 20:03:00.037204,0.953125,0.16046284139156342
10597,431,,,2018-08-04 20:03:01.067890,0.9375,0.17640842497348785
10598,432,,,2018-08-04 20:03:01.912903,0.96875,0.13615652918815613
10599,433,,,2018-08-04 20:03:02.822819,0.9375,0.20843949913978577
10600,434,,,2018-08-04 20:03:03.702347,0.90625,0.17395760118961334
10601,435,,,2018-08-04 20:03:04.544957,0.890625,0.2488410472869873
10602,436,,,2018-08-04 20:03:05.436981,0.9375,0.3832937479019165
10603,437,,,2018-08-04 20:03:06.350097,0.96875,0.17436300218105316
10604,438,,,2018-08-04 20:03:07.353636,0.90625,0.27490630745887756
10605,439,,,2018-08-04 20:03:08.219074,0.9375,0.1513093113899231
10606,440,0.6662,1.3285530805587769,2018-08-04 20:03:09.199863,0.984375,0.10777262598276138
10607,441,,,2018-08-04 20:04:00.654754,0.96875,0.10752160102128983
10608,442,,,2018-08-04 20:04:01.638535,0.9375,0.12131091207265854
10609,443,,,2018-08-04 20:04:02.644214,0.890625,0.2587968409061432
10610,444,,,2018-08-04 20:04:03.610438,0.96875,0.1167495995759964
10611,445,,,2018-08-04 20:04:04.536744,0.953125,0.13204458355903625
10612,446,,,2018-08-04 20:04:05.474195,1.0,0.07850512862205505
10613,447,,,2018-08-04 20:04:06.432257,0.96875,0.1304854452610016
10614,448,,,2018-08-04 20:04:07.393377,0.890625,0.2927900552749634
10615,449,,,2018-08-04 20:04:08.370494,0.96875,0.14980514347553253
10616,450,,,2018-08-04 20:04:09.297968,0.984375,0.09369894862174988
10617,451,,,2018-08-04 20:04:10.214494,0.9375,0.2160116583108902
10618,452,,,2018-08-04 20:04:11.122827,0.96875,0.13923248648643494
10619,453,,,2018-08-04 20:04:12.046740,0.921875,0.21676307916641235
10620,454,,,2018-08-04 20:04:12.978130,0.953125,0.1682184785604477
10621,455,,,2018-08-04 20:04:13.915451,0.96875,0.1523812860250473
10622,456,,,2018-08-04 20:04:14.734108,0.921875,0.15718811750411987
10623,457,,,2018-08-04 20:04:15.607954,0.953125,0.24101018905639648
10624,458,,,2018-08-04 20:04:16.421836,0.953125,0.16009141504764557
10625,459,,,2018-08-04 20:04:17.239012,0.984375,0.11294239014387131
10626,460,0.6661,1.3289034366607666,2018-08-04 20:04:18.145940,0.953125,0.2386045902967453
10627,461,,,2018-08-04 20:05:10.499262,0.9375,0.2191597819328308
10628,462,,,2018-08-04 20:05:11.445966,0.953125,0.20589642226696014
10629,463,,,2018-08-04 20:05:12.350496,0.984375,0.1217021569609642
10630,464,,,2018-08-04 20:05:13.273861,0.875,0.2668910622596741
10631,465,,,2018-08-04 20:05:14.168789,0.953125,0.23070797324180603
10632,466,,,2018-08-04 20:05:15.100911,0.921875,0.2069299817085266
10633,467,,,2018-08-04 20:05:15.988506,0.96875,0.095916248857975
10634,468,,,2018-08-04 20:05:16.880743,0.984375,0.10978427529335022
10635,469,,,2018-08-04 20:05:17.820820,0.953125,0.16021151840686798
10636,470,,,2018-08-04 20:05:18.732611,0.9375,0.14023029804229736
10637,471,,,2018-08-04 20:05:19.618763,0.96875,0.11386978626251221
10638,472,,,2018-08-04 20:05:20.521815,0.921875,0.33760279417037964
10639,473,,,2018-08-04 20:05:21.384817,0.890625,0.30189746618270874
10640,474,,,2018-08-04 20:05:22.242224,0.953125,0.16656774282455444
10641,475,,,2018-08-04 20:05:23.122697,0.9375,0.1594887375831604
10642,476,,,2018-08-04 20:05:24.003637,0.96875,0.14251981675624847
10643,477,,,2018-08-04 20:05:24.858188,0.953125,0.12644027173519135
10644,478,,,2018-08-04 20:05:25.792926,0.890625,0.3117188513278961
10645,479,,,2018-08-04 20:05:26.769737,0.921875,0.1966789960861206
10646,480,0.6657,1.3290126323699951,2018-08-04 20:05:27.765725,0.9375,0.14796775579452515
10647,481,,,2018-08-04 20:06:16.930565,0.953125,0.2090315818786621
10648,482,,,2018-08-04 20:06:17.795144,0.921875,0.17523403465747833
10649,483,,,2018-08-04 20:06:18.654171,0.890625,0.2849186360836029
10650,484,,,2018-08-04 20:06:19.532195,1.0,0.10100290924310684
10651,485,,,2018-08-04 20:06:20.412878,0.890625,0.24958595633506775
10652,486,,,2018-08-04 20:06:21.318085,0.984375,0.16444681584835052
10653,487,,,2018-08-04 20:06:22.183690,0.9375,0.16569902002811432
10654,488,,,2018-08-04 20:06:23.074573,0.984375,0.09411517530679703
10655,489,,,2018-08-04 20:06:24.019188,0.953125,0.15012763440608978
10656,490,,,2018-08-04 20:06:24.981099,0.984375,0.08796503394842148
10657,491,,,2018-08-04 20:06:25.918433,0.921875,0.18473632633686066
10658,492,,,2018-08-04 20:06:26.846172,0.984375,0.11011557281017303
10659,493,,,2018-08-04 20:06:27.735230,0.9375,0.15696482360363007
10660,494,,,2018-08-04 20:06:28.596611,0.9375,0.2494095265865326
10661,495,,,2018-08-04 20:06:29.496757,0.921875,0.19265587627887726
10662,496,,,2018-08-04 20:06:30.308348,0.953125,0.13509632647037506
10663,497,,,2018-08-04 20:06:31.199099,0.96875,0.12218659371137619
10664,498,,,2018-08-04 20:06:32.128287,0.96875,0.13261091709136963
10665,499,,,2018-08-04 20:06:32.979591,0.953125,0.16309410333633423
10666,500,0.666,1.3292756080627441,2018-08-04 20:06:33.809457,0.921875,0.1690640151500702
10667,501,,,2018-08-04 20:07:23.332384,0.921875,0.27084121108055115
10668,502,,,2018-08-04 20:07:24.266659,0.921875,0.2732015550136566
10669,503,,,2018-08-04 20:07:25.249202,0.96875,0.12503540515899658
10670,504,,,2018-08-04 20:07:26.182642,0.859375,0.3669019937515259
10671,505,,,2018-08-04 20:07:27.145422,0.984375,0.07830129563808441
10672,506,,,2018-08-04 20:07:28.115196,0.96875,0.15492933988571167
10673,507,,,2018-08-04 20:07:29.056865,0.984375,0.1209288090467453
10674,508,,,2018-08-04 20:07:29.960803,0.9375,0.3114084303379059
10675,509,,,2018-08-04 20:07:30.837173,0.921875,0.19071044027805328
10676,510,,,2018-08-04 20:07:31.765730,0.953125,0.19439251720905304
10677,511,,,2018-08-04 20:07:32.641657,0.984375,0.1275945007801056
10678,512,,,2018-08-04 20:07:33.503452,0.96875,0.1382155418395996
10679,513,,,2018-08-04 20:07:34.383478,0.9375,0.16970908641815186
10680,514,,,2018-08-04 20:07:35.260347,0.984375,0.0688897967338562
10681,515,,,2018-08-04 20:07:36.175777,0.90625,0.3114447593688965
10682,516,,,2018-08-04 20:07:37.047460,0.890625,0.342664510011673
10683,517,,,2018-08-04 20:07:37.936141,0.90625,0.29840508103370667
10684,518,,,2018-08-04 20:07:38.848740,0.96875,0.17292161285877228
10685,519,,,2018-08-04 20:07:39.773814,0.921875,0.23968064785003662
10686,520,0.6657,1.3295888900756836,2018-08-04 20:07:40.699592,0.984375,0.09876967966556549
10687,521,,,2018-08-04 20:08:31.542403,0.9375,0.16797785460948944
10688,522,,,2018-08-04 20:08:32.451739,0.984375,0.10779034346342087
10689,523,,,2018-08-04 20:08:33.313768,0.984375,0.20566892623901367
10690,524,,,2018-08-04 20:08:34.226920,0.96875,0.13230395317077637
10691,525,,,2018-08-04 20:08:35.193487,0.984375,0.07544225454330444
10692,526,,,2018-08-04 20:08:36.165307,0.96875,0.14311392605304718
10693,527,,,2018-08-04 20:08:37.149171,0.953125,0.2587023973464966
10694,528,,,2018-08-04 20:08:38.107771,0.953125,0.10558303445577621
10695,529,,,2018-08-04 20:08:38.936893,0.96875,0.11302703619003296
10696,530,,,2018-08-04 20:08:39.761783,0.96875,0.14342768490314484
10697,531,,,2018-08-04 20:08:40.626306,0.96875,0.14448164403438568
10698,532,,,2018-08-04 20:08:41.448009,0.953125,0.18525299429893494
10699,533,,,2018-08-04 20:08:42.398564,0.90625,0.2820258140563965
10700,534,,,2018-08-04 20:08:43.269269,0.84375,0.34265872836112976
10701,535,,,2018-08-04 20:08:44.122030,1.0,0.10739408433437347
10702,536,,,2018-08-04 20:08:45.051572,0.96875,0.13979168236255646
10703,537,,,2018-08-04 20:08:45.911104,0.953125,0.21655909717082977
10704,538,,,2018-08-04 20:08:46.789617,0.953125,0.19625411927700043
10705,539,,,2018-08-04 20:08:47.752852,0.921875,0.31772810220718384
10706,540,0.6656,1.3297312259674072,2018-08-04 20:08:48.686131,0.953125,0.13424468040466309
10707,541,,,2018-08-04 20:09:36.831815,0.984375,0.1002718135714531
10708,542,,,2018-08-04 20:09:37.681869,0.96875,0.1715986430644989
10709,543,,,2018-08-04 20:09:38.492901,0.890625,0.21910260617733002
10710,544,,,2018-08-04 20:09:39.386118,0.953125,0.1571953445672989
10711,545,,,2018-08-04 20:09:40.249055,0.953125,0.12470156699419022
10712,546,,,2018-08-04 20:09:41.217271,0.96875,0.15218669176101685
10713,547,,,2018-08-04 20:09:42.122841,0.984375,0.13615457713603973
10714,548,,,2018-08-04 20:09:43.014762,0.921875,0.23579151928424835
10715,549,,,2018-08-04 20:09:43.869096,1.0,0.10877920687198639
10716,550,,,2018-08-04 20:09:44.805031,0.984375,0.10571035742759705
10717,551,,,2018-08-04 20:09:45.658147,0.9375,0.2407502681016922
10718,552,,,2018-08-04 20:09:46.552930,0.984375,0.10269584506750107
10719,553,,,2018-08-04 20:09:47.477873,0.953125,0.1570582389831543
10720,554,,,2018-08-04 20:09:48.384673,0.96875,0.13110794126987457
10721,555,,,2018-08-04 20:09:49.220197,0.921875,0.15966486930847168
10722,556,,,2018-08-04 20:09:50.067497,0.96875,0.18710307776927948
10723,557,,,2018-08-04 20:09:50.967591,0.953125,0.12728238105773926
10724,558,,,2018-08-04 20:09:51.919377,0.953125,0.12430963665246964
10725,559,,,2018-08-04 20:09:52.817965,0.96875,0.15560151636600494
10726,560,0.6663,1.330080509185791,2018-08-04 20:09:53.770312,0.96875,0.11674653738737106
10727,561,,,2018-08-04 20:10:43.214894,0.984375,0.0903891995549202
10728,562,,,2018-08-04 20:10:44.193939,0.9375,0.24830316007137299
10729,563,,,2018-08-04 20:10:45.018046,0.953125,0.13925880193710327
10730,564,,,2018-08-04 20:10:45.840857,0.953125,0.23759806156158447
10731,565,,,2018-08-04 20:10:46.685963,0.96875,0.10975997895002365
10732,566,,,2018-08-04 20:10:47.568787,0.9375,0.12379217147827148
10733,567,,,2018-08-04 20:10:48.439227,0.90625,0.2653404772281647
10734,568,,,2018-08-04 20:10:49.260267,0.984375,0.08919078856706619
10735,569,,,2018-08-04 20:10:50.156474,0.953125,0.15004855394363403
10736,570,,,2018-08-04 20:10:50.973796,0.96875,0.22582751512527466
10737,571,,,2018-08-04 20:10:51.851796,0.921875,0.24793300032615662
10738,572,,,2018-08-04 20:10:52.718020,0.953125,0.15351200103759766
10739,573,,,2018-08-04 20:10:53.599641,0.96875,0.13729576766490936
10740,574,,,2018-08-04 20:10:54.482745,0.9375,0.20868059992790222
10741,575,,,2018-08-04 20:10:55.317224,1.0,0.057642463594675064
10742,576,,,2018-08-04 20:10:56.187249,1.0,0.06493173539638519
10743,577,,,2018-08-04 20:10:57.040203,0.953125,0.12050476670265198
10744,578,,,2018-08-04 20:10:57.958285,0.953125,0.15678904950618744
10745,579,,,2018-08-04 20:10:58.849359,0.984375,0.14388014376163483
10746,580,0.6661,1.3301334381103516,2018-08-04 20:10:59.784842,0.890625,0.2608645260334015
10747,581,,,2018-08-04 20:11:49.502648,0.984375,0.12033133208751678
10748,582,,,2018-08-04 20:11:50.404905,0.953125,0.13634862005710602
10749,583,,,2018-08-04 20:11:51.311799,0.984375,0.15195854008197784
10750,584,,,2018-08-04 20:11:52.266451,0.953125,0.14784185588359833
10751,585,,,2018-08-04 20:11:53.179511,0.953125,0.16380351781845093
10752,586,,,2018-08-04 20:11:54.152393,0.953125,0.13175533711910248
10753,587,,,2018-08-04 20:11:55.111828,1.0,0.08221912384033203
10754,588,,,2018-08-04 20:11:56.043473,0.953125,0.19926844537258148
10755,589,,,2018-08-04 20:11:56.874226,0.984375,0.09879786521196365
10756,590,,,2018-08-04 20:11:57.797463,0.953125,0.15517045557498932
10757,591,,,2018-08-04 20:11:58.683982,0.9375,0.16797977685928345
10758,592,,,2018-08-04 20:11:59.535991,0.953125,0.16380858421325684
10759,593,,,2018-08-04 20:12:00.368198,0.9375,0.16720229387283325
10760,594,,,2018-08-04 20:12:01.219240,0.9375,0.15765273571014404
10761,595,,,2018-08-04 20:12:02.024503,0.96875,0.1643272489309311
10762,596,,,2018-08-04 20:12:02.944067,0.984375,0.11326310783624649
10763,597,,,2018-08-04 20:12:03.732212,0.96875,0.11334678530693054
10764,598,,,2018-08-04 20:12:04.655898,0.984375,0.0713794156908989
10765,599,,,2018-08-04 20:12:05.585510,1.0,0.08888278156518936
10766,600,0.6661,1.3307528495788574,2018-08-04 20:12:06.408275,0.984375,0.10042832046747208
10767,601,,,2018-08-04 20:12:54.896876,0.9375,0.21746619045734406
10768,602,,,2018-08-04 20:12:55.736687,0.9375,0.19009482860565186
10769,603,,,2018-08-04 20:12:56.580218,0.953125,0.20652437210083008
10770,604,,,2018-08-04 20:12:57.422815,0.921875,0.15687057375907898
10771,605,,,2018-08-04 20:12:58.283037,0.953125,0.12885455787181854
10772,606,,,2018-08-04 20:12:59.094835,0.953125,0.21688197553157806
10773,607,,,2018-08-04 20:12:59.935412,0.9375,0.19665157794952393
10774,608,,,2018-08-04 20:13:00.749310,0.9375,0.22732435166835785
10775,609,,,2018-08-04 20:13:01.581291,0.875,0.3345382511615753
10776,610,,,2018-08-04 20:13:02.399223,0.90625,0.2656461000442505
10777,611,,,2018-08-04 20:13:03.287638,0.921875,0.18529579043388367
10778,612,,,2018-08-04 20:13:04.158898,0.96875,0.1487870067358017
10779,613,,,2018-08-04 20:13:05.026191,0.953125,0.10896126925945282
10780,614,,,2018-08-04 20:13:05.848567,0.953125,0.15225008130073547
10781,615,,,2018-08-04 20:13:06.736354,0.921875,0.2243616282939911
10782,616,,,2018-08-04 20:13:07.542179,0.96875,0.11865831166505814
10783,617,,,2018-08-04 20:13:08.348282,0.890625,0.30394282937049866
10784,618,,,2018-08-04 20:13:09.143999,0.9375,0.15889139473438263
10785,619,,,2018-08-04 20:13:09.987827,0.9375,0.19755582511425018
10786,620,0.6653,1.3307257890701294,2018-08-04 20:13:10.838364,0.9375,0.15973611176013947
10787,621,,,2018-08-04 20:14:01.420763,1.0,0.061891935765743256
10788,622,,,2018-08-04 20:14:02.346341,0.984375,0.08968117088079453
10789,623,,,2018-08-04 20:14:03.274648,0.921875,0.2752910256385803
10790,624,,,2018-08-04 20:14:04.256612,0.90625,0.18283231556415558
10791,625,,,2018-08-04 20:14:04.990593,0.953125,0.23325680196285248
10792,626,,,2018-08-04 20:14:05.792091,0.96875,0.1266811639070511
10793,627,,,2018-08-04 20:14:06.680533,0.9375,0.22968733310699463
10794,628,,,2018-08-04 20:14:07.533956,0.984375,0.13461828231811523
10795,629,,,2018-08-04 20:14:08.350108,0.9375,0.1611773818731308
10796,630,,,2018-08-04 20:14:09.215838,0.921875,0.2567107081413269
10797,631,,,2018-08-04 20:14:10.076927,0.953125,0.17119519412517548
10798,632,,,2018-08-04 20:14:11.061806,0.96875,0.09144284576177597
10799,633,,,2018-08-04 20:14:11.958054,0.953125,0.12007559835910797
10800,634,,,2018-08-04 20:14:12.881777,0.9375,0.1350112408399582
10801,635,,,2018-08-04 20:14:13.831479,0.953125,0.15504935383796692
10802,636,,,2018-08-04 20:14:14.689564,0.9375,0.22666630148887634
10803,637,,,2018-08-04 20:14:15.594449,0.890625,0.2725217342376709
10804,638,,,2018-08-04 20:14:16.420393,0.953125,0.16345420479774475
10805,639,,,2018-08-04 20:14:17.431770,0.96875,0.12376996874809265
10806,640,0.6662,1.3310834169387817,2018-08-04 20:14:18.370649,0.9375,0.20805685222148895
10807,641,,,2018-08-04 20:15:07.777839,0.984375,0.1060747355222702
10808,642,,,2018-08-04 20:15:08.612727,0.9375,0.19652332365512848
10809,643,,,2018-08-04 20:15:09.472254,0.984375,0.1134924590587616
10810,644,,,2018-08-04 20:15:10.358914,0.984375,0.119761161506176
10811,645,,,2018-08-04 20:15:11.232735,0.9375,0.18948796391487122
10812,646,,,2018-08-04 20:15:12.212552,0.953125,0.16070599853992462
10813,647,,,2018-08-04 20:15:13.132951,0.9375,0.18714380264282227
10814,648,,,2018-08-04 20:15:14.013420,0.953125,0.1476566642522812
10815,649,,,2018-08-04 20:15:14.938228,0.96875,0.10206221044063568
10816,650,,,2018-08-04 20:15:15.732409,0.96875,0.1144833192229271
10817,651,,,2018-08-04 20:15:16.576599,0.96875,0.21376201510429382
10818,652,,,2018-08-04 20:15:17.472906,0.9375,0.16219070553779602
10819,653,,,2018-08-04 20:15:18.323860,0.953125,0.17358192801475525
10820,654,,,2018-08-04 20:15:19.170217,0.953125,0.1831079125404358
10821,655,,,2018-08-04 20:15:20.050400,0.875,0.29318103194236755
10822,656,,,2018-08-04 20:15:20.895710,0.9375,0.22116170823574066
10823,657,,,2018-08-04 20:15:21.769053,0.90625,0.2430661916732788
10824,658,,,2018-08-04 20:15:22.564880,0.953125,0.17941279709339142
10825,659,,,2018-08-04 20:15:23.394324,0.96875,0.11017575860023499
10826,660,0.666,1.3317290544509888,2018-08-04 20:15:24.262075,0.96875,0.19361209869384766
10827,661,,,2018-08-04 20:16:11.060869,0.953125,0.11732586473226547
10828,662,,,2018-08-04 20:16:11.888631,0.984375,0.1086253672838211
10829,663,,,2018-08-04 20:16:12.728502,0.921875,0.1734185516834259
10830,664,,,2018-08-04 20:16:13.544675,0.90625,0.29482993483543396
10831,665,,,2018-08-04 20:16:14.383583,0.96875,0.21611103415489197
10832,666,,,2018-08-04 20:16:15.182367,0.9375,0.2136419415473938
10833,667,,,2018-08-04 20:16:16.064877,0.953125,0.14415505528450012
10834,668,,,2018-08-04 20:16:16.961468,0.9375,0.18783192336559296
10835,669,,,2018-08-04 20:16:17.794633,0.9375,0.2223116159439087
10836,670,,,2018-08-04 20:16:18.678705,0.984375,0.08907289057970047
10837,671,,,2018-08-04 20:16:19.520586,0.9375,0.19995896518230438
10838,672,,,2018-08-04 20:16:20.374756,0.96875,0.11183632910251617
10839,673,,,2018-08-04 20:16:21.191440,0.96875,0.1336173117160797
10840,674,,,2018-08-04 20:16:22.070796,0.984375,0.11700624227523804
10841,675,,,2018-08-04 20:16:22.902542,0.90625,0.143470898270607
10842,676,,,2018-08-04 20:16:23.728391,0.96875,0.14774611592292786
10843,677,,,2018-08-04 20:16:24.610405,0.984375,0.12376492470502853
10844,678,,,2018-08-04 20:16:25.469237,0.984375,0.09819532185792923
10845,679,,,2018-08-04 20:16:26.288818,0.96875,0.1280249059200287
10846,680,0.6652,1.3328217267990112,2018-08-04 20:16:27.126230,0.96875,0.12277574837207794
10847,681,,,2018-08-04 20:17:15.499279,0.921875,0.2793356478214264
10848,682,,,2018-08-04 20:17:16.389054,0.921875,0.15200254321098328
10849,683,,,2018-08-04 20:17:17.294438,0.984375,0.11589423567056656
10850,684,,,2018-08-04 20:17:18.167636,0.984375,0.1512680947780609
10851,685,,,2018-08-04 20:17:19.085609,0.953125,0.2686838209629059
10852,686,,,2018-08-04 20:17:19.943371,0.9375,0.2935602068901062
10853,687,,,2018-08-04 20:17:20.876197,0.984375,0.1260717809200287
10854,688,,,2018-08-04 20:17:21.778287,0.96875,0.13242270052433014
10855,689,,,2018-08-04 20:17:22.680787,0.9375,0.19107119739055634
10856,690,,,2018-08-04 20:17:23.626129,0.9375,0.26050353050231934
10857,691,,,2018-08-04 20:17:24.468146,0.953125,0.12898844480514526
10858,692,,,2018-08-04 20:17:25.292156,0.953125,0.1506032794713974
10859,693,,,2018-08-04 20:17:26.125614,0.953125,0.1702103167772293
10860,694,,,2018-08-04 20:17:27.002152,0.953125,0.1460265815258026
10861,695,,,2018-08-04 20:17:27.892916,0.96875,0.1138216108083725
10862,696,,,2018-08-04 20:17:28.794512,0.953125,0.1247912123799324
10863,697,,,2018-08-04 20:17:29.697905,0.9375,0.16053323447704315
10864,698,,,2018-08-04 20:17:30.499937,0.96875,0.15220730006694794
10865,699,,,2018-08-04 20:17:31.339698,0.984375,0.10406318306922913
10866,700,0.6655,1.3333505392074585,2018-08-04 20:17:32.225045,0.9375,0.1775345504283905
10867,701,,,2018-08-04 20:18:22.742060,0.953125,0.14850860834121704
10868,702,,,2018-08-04 20:18:23.629713,0.921875,0.19053436815738678
10869,703,,,2018-08-04 20:18:24.506691,0.9375,0.22934368252754211
10870,704,,,2018-08-04 20:18:25.374653,0.9375,0.15591110289096832
10871,705,,,2018-08-04 20:18:26.352024,0.96875,0.14524129033088684
10872,706,,,2018-08-04 20:18:27.349686,0.96875,0.1524222195148468
10873,707,,,2018-08-04 20:18:28.226001,0.9375,0.17645014822483063
10874,708,,,2018-08-04 20:18:29.129908,0.96875,0.13721564412117004
10875,709,,,2018-08-04 20:18:30.010261,0.984375,0.11691005527973175
10876,710,,,2018-08-04 20:18:30.853581,0.953125,0.18070559203624725
10877,711,,,2018-08-04 20:18:31.727630,0.984375,0.12675483524799347
10878,712,,,2018-08-04 20:18:32.626124,0.9375,0.18401388823986053
10879,713,,,2018-08-04 20:18:33.515255,0.921875,0.2216694951057434
10880,714,,,2018-08-04 20:18:34.420896,0.984375,0.11630865186452866
10881,715,,,2018-08-04 20:18:35.298411,0.96875,0.13295666873455048
10882,716,,,2018-08-04 20:18:36.228534,0.96875,0.1525023877620697
10883,717,,,2018-08-04 20:18:37.136150,0.96875,0.1258864402770996
10884,718,,,2018-08-04 20:18:38.101632,0.96875,0.1627400517463684
10885,719,,,2018-08-04 20:18:38.959997,0.921875,0.22577333450317383
10886,720,0.6655,1.3333344459533691,2018-08-04 20:18:39.842705,0.984375,0.0990157425403595
10887,721,,,2018-08-04 20:19:29.897670,0.96875,0.11457336694002151
10888,722,,,2018-08-04 20:19:30.758266,0.984375,0.16914002597332
10889,723,,,2018-08-04 20:19:31.630478,0.96875,0.1527882069349289
10890,724,,,2018-08-04 20:19:32.516366,1.0,0.10085906088352203
10891,725,,,2018-08-04 20:19:33.413922,0.96875,0.1168873980641365
10892,726,,,2018-08-04 20:19:34.302648,0.984375,0.08155564218759537
10893,727,,,2018-08-04 20:19:35.188080,0.984375,0.10054662078619003
10894,728,,,2018-08-04 20:19:36.028443,0.984375,0.13283632695674896
10895,729,,,2018-08-04 20:19:36.922251,0.890625,0.17951981723308563
10896,730,,,2018-08-04 20:19:37.785776,0.96875,0.1923469454050064
10897,731,,,2018-08-04 20:19:38.652406,0.90625,0.19841504096984863
10898,732,,,2018-08-04 20:19:39.511730,0.921875,0.25313109159469604
10899,733,,,2018-08-04 20:19:40.474982,0.90625,0.22239190340042114
10900,734,,,2018-08-04 20:19:41.393976,0.953125,0.15206053853034973
10901,735,,,2018-08-04 20:19:42.338395,0.921875,0.2841775715351105
10902,736,,,2018-08-04 20:19:43.229397,0.96875,0.125944584608078
10903,737,,,2018-08-04 20:19:44.080419,0.953125,0.13642503321170807
10904,738,,,2018-08-04 20:19:45.012198,0.953125,0.15889179706573486
10905,739,,,2018-08-04 20:19:45.947770,0.9375,0.12968890368938446
10906,740,0.6656,1.3338038921356201,2018-08-04 20:19:46.869960,0.953125,0.13380393385887146
10907,741,,,2018-08-04 20:20:35.013434,0.984375,0.1078927218914032
10908,742,,,2018-08-04 20:20:35.881102,0.9375,0.13428141176700592
10909,743,,,2018-08-04 20:20:36.780607,0.9375,0.15057413280010223
10910,744,,,2018-08-04 20:20:37.599506,0.953125,0.1878344714641571
10911,745,,,2018-08-04 20:20:38.523450,0.984375,0.09688688069581985
10912,746,,,2018-08-04 20:20:39.492649,0.984375,0.10482227057218552
10913,747,,,2018-08-04 20:20:40.399361,0.921875,0.16781559586524963
10914,748,,,2018-08-04 20:20:41.252032,0.890625,0.28509095311164856
10915,749,,,2018-08-04 20:20:42.089253,0.984375,0.08074382692575455
10916,750,,,2018-08-04 20:20:42.904323,0.9375,0.21536307036876678
10917,751,,,2018-08-04 20:20:43.834253,0.96875,0.10798714309930801
10918,752,,,2018-08-04 20:20:44.740140,0.953125,0.17580081522464752
10919,753,,,2018-08-04 20:20:45.629840,0.96875,0.1222631111741066
10920,754,,,2018-08-04 20:20:46.495291,0.984375,0.10972298681735992
10921,755,,,2018-08-04 20:20:47.382874,0.90625,0.22310097515583038
10922,756,,,2018-08-04 20:20:48.297938,0.96875,0.17413735389709473
10923,757,,,2018-08-04 20:20:49.152468,0.96875,0.13273032009601593
10924,758,,,2018-08-04 20:20:50.079204,0.9375,0.1573973447084427
10925,759,,,2018-08-04 20:20:50.918770,0.96875,0.13977070152759552
10926,760,0.6655,1.3335168361663818,2018-08-04 20:20:51.762896,0.9375,0.18288181722164154
10927,761,,,2018-08-04 20:21:41.441635,0.984375,0.10303687304258347
10928,762,,,2018-08-04 20:21:42.365928,0.9375,0.23597557842731476
10929,763,,,2018-08-04 20:21:43.304713,0.984375,0.12306231260299683
10930,764,,,2018-08-04 20:21:44.229714,0.859375,0.3193916082382202
10931,765,,,2018-08-04 20:21:45.187471,0.90625,0.29966437816619873
10932,766,,,2018-08-04 20:21:46.109136,0.96875,0.12623663246631622
10933,767,,,2018-08-04 20:21:46.979814,0.921875,0.18041826784610748
10934,768,,,2018-08-04 20:21:47.841192,0.96875,0.14027947187423706
10935,769,,,2018-08-04 20:21:48.729512,0.9375,0.20075751841068268
10936,770,,,2018-08-04 20:21:49.615524,0.921875,0.179425910115242
10937,771,,,2018-08-04 20:21:50.507217,0.953125,0.1061599925160408
10938,772,,,2018-08-04 20:21:51.429739,0.9375,0.18704503774642944
10939,773,,,2018-08-04 20:21:52.373203,0.9375,0.20493550598621368
10940,774,,,2018-08-04 20:21:53.232624,0.953125,0.14923809468746185
10941,775,,,2018-08-04 20:21:54.166649,0.9375,0.13783925771713257
10942,776,,,2018-08-04 20:21:55.109062,0.96875,0.15054279565811157
10943,777,,,2018-08-04 20:21:55.967913,0.9375,0.19800128042697906
10944,778,,,2018-08-04 20:21:56.883405,0.953125,0.23642350733280182
10945,779,,,2018-08-04 20:21:57.852265,1.0,0.08352131396532059
10946,780,0.6659,1.3334150314331055,2018-08-04 20:21:58.836400,0.984375,0.08663241565227509
10947,781,,,2018-08-04 20:22:47.904681,0.9375,0.1452782303094864
10948,0,,,2018-08-04 20:23:40.122095,0.921875,0.156074658036232
10949,1,,,2018-08-04 20:23:41.035476,0.9375,0.15170760452747345
10950,2,,,2018-08-04 20:23:42.027039,0.921875,0.1922265589237213
10951,3,,,2018-08-04 20:23:42.866990,0.984375,0.10232745110988617
10952,4,,,2018-08-04 20:23:43.721621,0.953125,0.14549340307712555
10953,5,,,2018-08-04 20:23:44.588472,0.984375,0.1162000373005867
10954,6,,,2018-08-04 20:23:45.456067,0.96875,0.13642506301403046
10955,7,,,2018-08-04 20:23:46.395216,0.90625,0.21523842215538025
10956,8,,,2018-08-04 20:23:47.322326,0.921875,0.25074532628059387
10957,9,,,2018-08-04 20:23:48.207674,0.921875,0.22427251935005188
10958,10,,,2018-08-04 20:23:49.025990,0.96875,0.14161188900470734
10959,11,,,2018-08-04 20:23:49.933810,0.953125,0.12096741050481796
10960,12,,,2018-08-04 20:23:50.799392,0.953125,0.1200963631272316
10961,13,,,2018-08-04 20:23:51.747403,0.953125,0.14976812899112701
10962,14,,,2018-08-04 20:23:52.704676,0.953125,0.1263987272977829
10963,15,,,2018-08-04 20:23:53.653905,0.953125,0.16282883286476135
10964,16,,,2018-08-04 20:23:54.602870,0.984375,0.09876088052988052
10965,17,,,2018-08-04 20:23:55.468986,0.96875,0.13251672685146332
10966,18,,,2018-08-04 20:23:56.348460,0.984375,0.07935976982116699
10967,19,,,2018-08-04 20:23:57.196122,0.953125,0.14321425557136536
10968,20,0.6654,1.3343967199325562,2018-08-04 20:23:58.140550,0.953125,0.13779059052467346
10969,21,,,2018-08-04 20:24:50.565666,0.953125,0.18879805505275726
10970,22,,,2018-08-04 20:24:51.472051,0.96875,0.21466466784477234
10971,23,,,2018-08-04 20:24:52.463049,0.9375,0.2052728682756424
10972,24,,,2018-08-04 20:24:53.422271,0.984375,0.10915086418390274
10973,25,,,2018-08-04 20:24:54.399813,0.9375,0.19840386509895325
10974,26,,,2018-08-04 20:24:55.272868,0.984375,0.10728193819522858
10975,27,,,2018-08-04 20:24:56.069095,0.921875,0.3004717528820038
10976,28,,,2018-08-04 20:24:56.959710,0.9375,0.19350048899650574
10977,29,,,2018-08-04 20:24:57.836633,0.984375,0.12377272546291351
10978,30,,,2018-08-04 20:24:58.721917,0.984375,0.106369249522686
10979,31,,,2018-08-04 20:24:59.617689,0.96875,0.11307546496391296
10980,32,,,2018-08-04 20:25:00.585247,0.953125,0.18766920268535614
10981,33,,,2018-08-04 20:25:01.464745,0.96875,0.1968354880809784
10982,34,,,2018-08-04 20:25:02.342168,0.953125,0.14575226604938507
10983,35,,,2018-08-04 20:25:03.218042,0.921875,0.21349334716796875
10984,36,,,2018-08-04 20:25:04.101889,0.9375,0.2865857481956482
10985,37,,,2018-08-04 20:25:05.006999,0.984375,0.11247073858976364
10986,38,,,2018-08-04 20:25:05.964459,0.96875,0.1139482781291008
10987,39,,,2018-08-04 20:25:06.850553,1.0,0.10473980009555817
10988,40,0.6649,1.3353323936462402,2018-08-04 20:25:07.721489,0.921875,0.22063839435577393
10989,41,,,2018-08-04 20:25:57.620315,0.96875,0.13958552479743958
10990,42,,,2018-08-04 20:25:58.517634,0.9375,0.2016686052083969
10991,43,,,2018-08-04 20:25:59.364508,0.890625,0.2539718747138977
10992,44,,,2018-08-04 20:26:00.272454,0.984375,0.12496363371610641
10993,45,,,2018-08-04 20:26:01.083017,0.90625,0.17137396335601807
10994,46,,,2018-08-04 20:26:01.934119,0.953125,0.15856416523456573
10995,47,,,2018-08-04 20:26:02.871536,0.9375,0.18703465163707733
10996,48,,,2018-08-04 20:26:03.795001,0.953125,0.16691908240318298
10997,49,,,2018-08-04 20:26:04.682201,0.9375,0.2646177113056183
10998,50,,,2018-08-04 20:26:05.576932,0.953125,0.1642283797264099
10999,51,,,2018-08-04 20:26:06.463382,0.90625,0.3011358082294464
11000,52,,,2018-08-04 20:26:07.388822,0.90625,0.2376544326543808
11001,53,,,2018-08-04 20:26:08.255227,0.953125,0.17967960238456726
11002,54,,,2018-08-04 20:26:09.129399,0.96875,0.1314876824617386
11003,55,,,2018-08-04 20:26:10.004895,0.984375,0.06418535113334656
11004,56,,,2018-08-04 20:26:10.901049,0.96875,0.11772464215755463
11005,57,,,2018-08-04 20:26:11.737632,0.90625,0.256906121969223
11006,58,,,2018-08-04 20:26:12.567841,1.0,0.06328686326742172
11007,59,,,2018-08-04 20:26:13.462861,0.875,0.27352437376976013
11008,60,0.6654,1.335193395614624,2018-08-04 20:26:14.288145,0.984375,0.13603417575359344
11009,61,,,2018-08-04 20:27:04.723755,0.984375,0.12956105172634125
11010,62,,,2018-08-04 20:27:05.556724,0.921875,0.19583842158317566
11011,63,,,2018-08-04 20:27:06.449558,0.953125,0.1403384506702423
11012,64,,,2018-08-04 20:27:07.383211,0.96875,0.19041648507118225
11013,65,,,2018-08-04 20:27:08.267848,0.921875,0.20079603791236877
11014,66,,,2018-08-04 20:27:09.131770,0.953125,0.16349080204963684
11015,67,,,2018-08-04 20:27:10.017817,0.953125,0.20258182287216187
11016,68,,,2018-08-04 20:27:10.890368,0.984375,0.12815535068511963
11017,69,,,2018-08-04 20:27:11.737151,0.90625,0.2634766697883606
11018,70,,,2018-08-04 20:27:12.668592,0.984375,0.12219512462615967
11019,71,,,2018-08-04 20:27:13.608230,0.96875,0.1459270864725113
11020,72,,,2018-08-04 20:27:14.506841,0.921875,0.3617895543575287
11021,73,,,2018-08-04 20:27:15.295382,0.953125,0.15425102412700653
11022,74,,,2018-08-04 20:27:16.145589,0.96875,0.10597264766693115
11023,75,,,2018-08-04 20:27:17.016947,0.96875,0.11058957129716873
11024,76,,,2018-08-04 20:27:18.004424,0.96875,0.09233321249485016
11025,77,,,2018-08-04 20:27:18.995395,0.953125,0.15555839240550995
11026,78,,,2018-08-04 20:27:19.943160,0.953125,0.16884662210941315
11027,79,,,2018-08-04 20:27:20.908795,0.984375,0.11684883385896683
11028,80,0.6653,1.3352469205856323,2018-08-04 20:27:21.837580,0.96875,0.18274430930614471
11029,81,,,2018-08-04 20:28:12.390190,0.953125,0.1681840568780899
11030,82,,,2018-08-04 20:28:13.366062,0.96875,0.13887344300746918
11031,83,,,2018-08-04 20:28:14.278583,0.984375,0.09858188033103943
11032,84,,,2018-08-04 20:28:15.186980,0.9375,0.25434035062789917
11033,85,,,2018-08-04 20:28:16.127484,0.96875,0.10765718668699265
11034,86,,,2018-08-04 20:28:16.976910,1.0,0.0664297416806221
11035,87,,,2018-08-04 20:28:17.934512,0.953125,0.1753159761428833
11036,88,,,2018-08-04 20:28:18.821499,0.96875,0.12416507303714752
11037,89,,,2018-08-04 20:28:19.719602,0.90625,0.2115079164505005
11038,90,,,2018-08-04 20:28:20.645228,1.0,0.06058109551668167
11039,91,,,2018-08-04 20:28:21.583636,0.953125,0.14906437695026398
11040,92,,,2018-08-04 20:28:22.480553,0.953125,0.2744467258453369
11041,93,,,2018-08-04 20:28:23.390127,0.96875,0.15981251001358032
11042,94,,,2018-08-04 20:28:24.310405,0.984375,0.14432324469089508
11043,95,,,2018-08-04 20:28:25.202314,0.953125,0.12453310936689377
11044,96,,,2018-08-04 20:28:26.094485,0.984375,0.08909741789102554
11045,97,,,2018-08-04 20:28:26.976219,0.96875,0.1651940494775772
11046,98,,,2018-08-04 20:28:27.895450,0.96875,0.08812480419874191
11047,99,,,2018-08-04 20:28:28.815986,0.953125,0.1762920767068863
11048,100,0.6651,1.3354549407958984,2018-08-04 20:28:29.692975,0.96875,0.09563850611448288
11049,101,,,2018-08-04 20:29:20.436114,0.953125,0.12105168402194977
11050,102,,,2018-08-04 20:29:21.366693,0.9375,0.24254165589809418
11051,103,,,2018-08-04 20:29:22.328369,0.921875,0.27990758419036865
11052,104,,,2018-08-04 20:29:23.273419,0.984375,0.07399041205644608
11053,105,,,2018-08-04 20:29:24.215889,0.921875,0.1938469409942627
11054,106,,,2018-08-04 20:29:25.028145,0.9375,0.22312438488006592
11055,107,,,2018-08-04 20:29:25.846669,0.9375,0.15584278106689453
11056,108,,,2018-08-04 20:29:26.772147,0.921875,0.24624283611774445
11057,109,,,2018-08-04 20:29:27.688329,0.96875,0.10832365602254868
11058,110,,,2018-08-04 20:29:28.628643,0.90625,0.1970478892326355
11059,111,,,2018-08-04 20:29:29.493071,0.984375,0.12106472998857498
11060,112,,,2018-08-04 20:29:30.395999,0.9375,0.24018412828445435
11061,113,,,2018-08-04 20:29:31.298490,0.9375,0.23314347863197327
11062,114,,,2018-08-04 20:29:32.184344,0.96875,0.11167372018098831
11063,115,,,2018-08-04 20:29:33.132947,0.96875,0.16356515884399414
11064,116,,,2018-08-04 20:29:34.028422,0.953125,0.15283864736557007
11065,117,,,2018-08-04 20:29:34.962174,0.984375,0.11788433790206909
11066,118,,,2018-08-04 20:29:35.812065,0.9375,0.1875458061695099
11067,119,,,2018-08-04 20:29:36.719269,0.984375,0.16130952537059784
11068,120,0.6653,1.3351037502288818,2018-08-04 20:29:37.688379,0.90625,0.23659490048885345
11069,121,,,2018-08-04 20:30:27.420406,0.953125,0.15164554119110107
11070,122,,,2018-08-04 20:30:28.397334,0.921875,0.14454711973667145
11071,123,,,2018-08-04 20:30:29.322269,0.96875,0.18172124028205872
11072,124,,,2018-08-04 20:30:30.302247,0.953125,0.1458164006471634
11073,125,,,2018-08-04 20:30:31.241016,0.96875,0.16594098508358002
11074,126,,,2018-08-04 20:30:32.062421,0.9375,0.13328275084495544
11075,127,,,2018-08-04 20:30:33.016827,0.96875,0.08557248115539551
11076,128,,,2018-08-04 20:30:33.939431,1.0,0.08706271648406982
11077,129,,,2018-08-04 20:30:34.883818,0.984375,0.11149619519710541
11078,130,,,2018-08-04 20:30:35.796498,0.921875,0.2237895131111145
11079,131,,,2018-08-04 20:30:36.724592,0.96875,0.22654610872268677
11080,132,,,2018-08-04 20:30:37.640929,0.953125,0.1832653433084488
11081,133,,,2018-08-04 20:30:38.589794,0.984375,0.10703153163194656
11082,134,,,2018-08-04 20:30:39.520931,0.984375,0.06944817304611206
11083,135,,,2018-08-04 20:30:40.498815,0.96875,0.13624167442321777
11084,136,,,2018-08-04 20:30:41.369316,0.96875,0.16027963161468506
11085,137,,,2018-08-04 20:30:42.244363,0.921875,0.2336423099040985
11086,138,,,2018-08-04 20:30:43.146220,1.0,0.07010834664106369
11087,139,,,2018-08-04 20:30:44.039374,0.96875,0.08846104145050049
11088,140,0.6652,1.3353732824325562,2018-08-04 20:30:44.951715,0.921875,0.21061672270298004
11089,141,,,2018-08-04 20:31:35.443683,0.96875,0.14530736207962036
11090,142,,,2018-08-04 20:31:36.286405,0.984375,0.12929952144622803
11091,143,,,2018-08-04 20:31:37.104793,0.953125,0.10300371050834656
11092,144,,,2018-08-04 20:31:38.045020,0.953125,0.14388377964496613
11093,145,,,2018-08-04 20:31:38.974264,0.90625,0.33655720949172974
11094,146,,,2018-08-04 20:31:39.888689,0.96875,0.1131417527794838
11095,147,,,2018-08-04 20:31:40.761973,0.953125,0.1694941222667694
11096,148,,,2018-08-04 20:31:41.596738,0.953125,0.1254858523607254
11097,149,,,2018-08-04 20:31:42.505985,1.0,0.06383431702852249
11098,150,,,2018-08-04 20:31:43.464752,0.96875,0.13976961374282837
11099,151,,,2018-08-04 20:31:44.347812,0.984375,0.09722835570573807
11100,152,,,2018-08-04 20:31:45.280559,0.953125,0.16058827936649323
11101,153,,,2018-08-04 20:31:46.182526,0.96875,0.11998993158340454
11102,154,,,2018-08-04 20:31:47.088287,1.0,0.08600085228681564
11103,155,,,2018-08-04 20:31:48.019713,0.921875,0.2418084293603897
11104,156,,,2018-08-04 20:31:48.885484,0.9375,0.1562270224094391
11105,157,,,2018-08-04 20:31:49.848134,0.9375,0.2071853131055832
11106,158,,,2018-08-04 20:31:50.748354,0.953125,0.19029594957828522
11107,159,,,2018-08-04 20:31:51.568303,0.953125,0.1695854216814041
11108,160,0.6653,1.3356692790985107,2018-08-04 20:31:52.487151,0.921875,0.19999927282333374
11109,161,,,2018-08-04 20:32:40.149453,0.96875,0.09946180135011673
11110,162,,,2018-08-04 20:32:41.026546,0.921875,0.16678409278392792
11111,163,,,2018-08-04 20:32:41.864637,0.96875,0.08541880548000336
11112,164,,,2018-08-04 20:32:42.719823,0.953125,0.19715437293052673
11113,165,,,2018-08-04 20:32:43.624289,0.984375,0.1553642600774765
11114,166,,,2018-08-04 20:32:44.497246,0.9375,0.15739768743515015
11115,167,,,2018-08-04 20:32:45.413245,0.953125,0.21303534507751465
11116,168,,,2018-08-04 20:32:46.256795,0.96875,0.11888518184423447
11117,169,,,2018-08-04 20:32:47.102931,0.9375,0.17819686233997345
11118,170,,,2018-08-04 20:32:47.973289,0.9375,0.15760932862758636
11119,171,,,2018-08-04 20:32:48.876371,0.921875,0.2371026873588562
11120,172,,,2018-08-04 20:32:49.826967,0.953125,0.1824672818183899
11121,173,,,2018-08-04 20:32:50.732768,1.0,0.09696413576602936
11122,174,,,2018-08-04 20:32:51.600789,0.984375,0.14802893996238708
11123,175,,,2018-08-04 20:32:52.509108,1.0,0.06104056164622307
11124,176,,,2018-08-04 20:32:53.436303,1.0,0.11062029749155045
11125,177,,,2018-08-04 20:32:54.335415,0.9375,0.1425706297159195
11126,178,,,2018-08-04 20:32:55.169560,0.953125,0.20080679655075073
11127,179,,,2018-08-04 20:32:56.004510,0.90625,0.32356172800064087
11128,180,0.6651,1.3363375663757324,2018-08-04 20:32:56.835676,0.984375,0.071383535861969
11129,181,,,2018-08-04 20:33:45.955576,0.9375,0.19114789366722107
11130,182,,,2018-08-04 20:33:46.801478,0.921875,0.14449691772460938
11131,183,,,2018-08-04 20:33:47.727648,0.984375,0.12175937741994858
11132,184,,,2018-08-04 20:33:48.690263,0.9375,0.23747436702251434
11133,185,,,2018-08-04 20:33:49.658674,0.953125,0.12428219616413116
11134,186,,,2018-08-04 20:33:50.585462,0.96875,0.21470367908477783
11135,187,,,2018-08-04 20:33:51.511886,0.953125,0.13663505017757416
11136,188,,,2018-08-04 20:33:52.403454,0.984375,0.13298630714416504
11137,189,,,2018-08-04 20:33:53.337552,0.9375,0.16704009473323822
11138,190,,,2018-08-04 20:33:54.178466,0.984375,0.12007810175418854
11139,191,,,2018-08-04 20:33:55.100136,0.953125,0.14085879921913147
11140,192,,,2018-08-04 20:33:56.037562,0.984375,0.08589445799589157
11141,193,,,2018-08-04 20:33:56.937152,0.953125,0.1719704419374466
11142,194,,,2018-08-04 20:33:57.806665,0.96875,0.0976056158542633
11143,195,,,2018-08-04 20:33:58.703871,0.984375,0.10937235504388809
11144,196,,,2018-08-04 20:33:59.633382,0.953125,0.15644817054271698
11145,197,,,2018-08-04 20:34:00.616748,0.96875,0.13221725821495056
11146,198,,,2018-08-04 20:34:01.461996,0.859375,0.3277477025985718
11147,199,,,2018-08-04 20:34:02.356625,0.953125,0.1559552103281021
11148,200,0.6655,1.3369442224502563,2018-08-04 20:34:03.239400,0.953125,0.12313112616539001
11149,201,,,2018-08-04 20:34:54.146366,0.90625,0.23002243041992188
11150,202,,,2018-08-04 20:34:55.074337,0.96875,0.09555435180664062
11151,203,,,2018-08-04 20:34:55.973017,1.0,0.07094499468803406
11152,204,,,2018-08-04 20:34:56.851979,0.9375,0.18158936500549316
11153,205,,,2018-08-04 20:34:57.781640,0.953125,0.10868831723928452
11154,206,,,2018-08-04 20:34:58.673094,1.0,0.0938987284898758
11155,207,,,2018-08-04 20:34:59.520863,0.9375,0.1751379668712616
11156,208,,,2018-08-04 20:35:00.376220,0.96875,0.11760465055704117
11157,209,,,2018-08-04 20:35:01.249804,1.0,0.11203274875879288
11158,210,,,2018-08-04 20:35:02.121615,0.921875,0.195726677775383
11159,211,,,2018-08-04 20:35:02.967177,0.953125,0.13001012802124023
11160,212,,,2018-08-04 20:35:03.859044,0.96875,0.1770806461572647
11161,213,,,2018-08-04 20:35:04.715259,0.96875,0.12005026638507843
11162,214,,,2018-08-04 20:35:05.609033,1.0,0.08757402747869492
11163,215,,,2018-08-04 20:35:06.476764,0.9375,0.145173579454422
11164,216,,,2018-08-04 20:35:07.353105,0.953125,0.1089351698756218
11165,217,,,2018-08-04 20:35:08.189906,0.96875,0.12923720479011536
11166,218,,,2018-08-04 20:35:09.062519,0.96875,0.1488046795129776
11167,219,,,2018-08-04 20:35:09.932612,0.96875,0.12059448659420013
11168,220,0.6646,1.3382490873336792,2018-08-04 20:35:10.855766,0.9375,0.22712251543998718
11169,221,,,2018-08-04 20:36:02.100363,0.9375,0.19138073921203613
11170,222,,,2018-08-04 20:36:02.998011,0.96875,0.22424745559692383
11171,223,,,2018-08-04 20:36:03.792765,0.890625,0.22768788039684296
11172,224,,,2018-08-04 20:36:04.620938,1.0,0.07937582582235336
11173,225,,,2018-08-04 20:36:05.519800,0.9375,0.15872050821781158
11174,226,,,2018-08-04 20:36:06.405720,0.984375,0.11604167520999908
11175,227,,,2018-08-04 20:36:07.331776,0.953125,0.12179936468601227
11176,228,,,2018-08-04 20:36:08.175826,0.953125,0.15635210275650024
11177,229,,,2018-08-04 20:36:09.058868,0.984375,0.07965899258852005
11178,230,,,2018-08-04 20:36:09.932771,0.984375,0.09126333892345428
11179,231,,,2018-08-04 20:36:10.841617,0.984375,0.13996656239032745
11180,232,,,2018-08-04 20:36:11.668312,0.9375,0.1230240985751152
11181,233,,,2018-08-04 20:36:12.561364,0.9375,0.2339940369129181
11182,234,,,2018-08-04 20:36:13.443900,0.96875,0.13194018602371216
11183,235,,,2018-08-04 20:36:14.298827,0.953125,0.14576455950737
11184,236,,,2018-08-04 20:36:15.238569,0.96875,0.14958034455776215
11185,237,,,2018-08-04 20:36:16.179503,0.96875,0.14291882514953613
11186,238,,,2018-08-04 20:36:17.108427,0.9375,0.14217917621135712
11187,239,,,2018-08-04 20:36:18.027591,0.953125,0.12774811685085297
11188,240,0.6651,1.3387269973754883,2018-08-04 20:36:19.017390,0.96875,0.13802854716777802
11189,241,,,2018-08-04 20:37:07.995938,0.96875,0.11182447522878647
11190,242,,,2018-08-04 20:37:08.869191,0.9375,0.26993077993392944
11191,243,,,2018-08-04 20:37:09.748232,0.921875,0.2970919609069824
11192,244,,,2018-08-04 20:37:10.714314,0.9375,0.18031544983386993
11193,245,,,2018-08-04 20:37:11.586890,0.921875,0.27452659606933594
11194,246,,,2018-08-04 20:37:12.576715,0.9375,0.17572671175003052
11195,247,,,2018-08-04 20:37:13.433624,0.9375,0.1996716558933258
11196,248,,,2018-08-04 20:37:14.324665,0.9375,0.21015293896198273
11197,249,,,2018-08-04 20:37:15.212321,0.984375,0.1343504637479782
11198,250,,,2018-08-04 20:37:16.175592,0.96875,0.15901324152946472
11199,251,,,2018-08-04 20:37:17.064774,0.984375,0.11776603758335114
11200,252,,,2018-08-04 20:37:17.918348,0.953125,0.17532536387443542
11201,253,,,2018-08-04 20:37:18.718682,0.953125,0.15898841619491577
11202,254,,,2018-08-04 20:37:19.616558,0.9375,0.10892461985349655
11203,255,,,2018-08-04 20:37:20.524079,0.921875,0.19699165225028992
11204,256,,,2018-08-04 20:37:21.439873,0.96875,0.1366315484046936
11205,257,,,2018-08-04 20:37:22.422435,0.953125,0.1646626591682434
11206,258,,,2018-08-04 20:37:23.316941,0.921875,0.22193016111850739
11207,259,,,2018-08-04 20:37:24.264235,0.921875,0.1443111002445221
11208,260,0.6647,1.3390446901321411,2018-08-04 20:37:25.195335,0.96875,0.09507870674133301
11209,261,,,2018-08-04 20:38:14.528894,0.953125,0.10789959132671356
11210,262,,,2018-08-04 20:38:15.490211,0.953125,0.14178070425987244
11211,263,,,2018-08-04 20:38:16.397387,0.96875,0.1504455953836441
11212,264,,,2018-08-04 20:38:17.298944,0.96875,0.09539194405078888
11213,265,,,2018-08-04 20:38:18.179187,0.984375,0.12896552681922913
11214,266,,,2018-08-04 20:38:19.053721,0.96875,0.11478321254253387
11215,267,,,2018-08-04 20:38:19.936980,0.984375,0.1223808154463768
11216,268,,,2018-08-04 20:38:20.868554,0.953125,0.19052930176258087
11217,269,,,2018-08-04 20:38:21.726660,0.9375,0.22862926125526428
11218,270,,,2018-08-04 20:38:22.676141,0.96875,0.12545882165431976
11219,271,,,2018-08-04 20:38:23.605176,1.0,0.1060190200805664
11220,272,,,2018-08-04 20:38:24.491091,0.921875,0.3159548342227936
11221,273,,,2018-08-04 20:38:25.374485,1.0,0.06377602368593216
11222,274,,,2018-08-04 20:38:26.196821,0.984375,0.05992100015282631
11223,275,,,2018-08-04 20:38:26.986201,0.96875,0.1429295837879181
11224,276,,,2018-08-04 20:38:27.895672,0.953125,0.10232538729906082
11225,277,,,2018-08-04 20:38:28.826759,0.953125,0.11956475675106049
11226,278,,,2018-08-04 20:38:29.792706,0.953125,0.21202823519706726
11227,279,,,2018-08-04 20:38:30.726054,0.953125,0.18073037266731262
11228,280,0.6653,1.3389378786087036,2018-08-04 20:38:31.571626,0.921875,0.29770931601524353
11229,281,,,2018-08-04 20:39:21.163126,0.921875,0.16648760437965393
11230,282,,,2018-08-04 20:39:22.001669,0.9375,0.21847788989543915
11231,283,,,2018-08-04 20:39:22.897596,0.921875,0.24264709651470184
11232,284,,,2018-08-04 20:39:23.853566,0.96875,0.11735239624977112
11233,285,,,2018-08-04 20:39:24.685059,0.953125,0.16470561921596527
11234,286,,,2018-08-04 20:39:25.605882,0.9375,0.17694680392742157
11235,287,,,2018-08-04 20:39:26.531711,0.953125,0.11801037192344666
11236,288,,,2018-08-04 20:39:27.406272,0.984375,0.1572130024433136
11237,289,,,2018-08-04 20:39:28.197480,1.0,0.0671241506934166
11238,290,,,2018-08-04 20:39:29.093151,0.984375,0.128765270113945
11239,291,,,2018-08-04 20:39:30.073471,0.921875,0.348256379365921
11240,292,,,2018-08-04 20:39:31.034117,0.96875,0.15132169425487518
11241,293,,,2018-08-04 20:39:31.876101,0.875,0.31775355339050293
11242,294,,,2018-08-04 20:39:32.768938,0.921875,0.2543034553527832
11243,295,,,2018-08-04 20:39:33.584902,0.953125,0.13786035776138306
11244,296,,,2018-08-04 20:39:34.434354,0.890625,0.23971563577651978
11245,297,,,2018-08-04 20:39:35.370993,0.953125,0.18875378370285034
11246,298,,,2018-08-04 20:39:36.261172,0.96875,0.1202741414308548
11247,299,,,2018-08-04 20:39:37.156205,0.953125,0.15494851768016815
11248,300,0.6653,1.3397289514541626,2018-08-04 20:39:38.115089,0.984375,0.09942801296710968
11249,301,,,2018-08-04 20:40:29.272937,0.96875,0.12602058053016663
11250,302,,,2018-08-04 20:40:30.143147,0.953125,0.1472100168466568
11251,303,,,2018-08-04 20:40:31.000982,0.9375,0.2306850701570511
11252,304,,,2018-08-04 20:40:31.873291,0.9375,0.22217248380184174
11253,305,,,2018-08-04 20:40:32.756569,0.96875,0.15563233196735382
11254,306,,,2018-08-04 20:40:33.683709,0.953125,0.24604704976081848
11255,307,,,2018-08-04 20:40:34.522815,0.953125,0.1260174810886383
11256,308,,,2018-08-04 20:40:35.409863,0.953125,0.14012674987316132
11257,309,,,2018-08-04 20:40:36.256250,0.9375,0.14387211203575134
11258,310,,,2018-08-04 20:40:37.112379,0.96875,0.2388702780008316
11259,311,,,2018-08-04 20:40:37.947411,0.90625,0.24765388667583466
11260,312,,,2018-08-04 20:40:38.814153,1.0,0.10678429901599884
11261,313,,,2018-08-04 20:40:39.738649,0.953125,0.215115487575531
11262,314,,,2018-08-04 20:40:40.638894,0.921875,0.18042248487472534
11263,315,,,2018-08-04 20:40:41.571210,0.96875,0.13465331494808197
11264,316,,,2018-08-04 20:40:42.444332,0.984375,0.12790356576442719
11265,317,,,2018-08-04 20:40:43.274961,0.9375,0.1879083216190338
11266,318,,,2018-08-04 20:40:44.214560,0.984375,0.13867151737213135
11267,319,,,2018-08-04 20:40:45.153971,0.921875,0.23372526466846466
11268,320,0.6654,1.3405851125717163,2018-08-04 20:40:46.067153,0.96875,0.09927446395158768
11269,321,,,2018-08-04 20:41:37.147691,1.0,0.08584842830896378
11270,322,,,2018-08-04 20:41:37.968297,0.9375,0.13740162551403046
11271,323,,,2018-08-04 20:41:38.825143,0.96875,0.1095854714512825
11272,324,,,2018-08-04 20:41:39.756673,0.984375,0.10927954316139221
11273,325,,,2018-08-04 20:41:40.689252,0.96875,0.11514352262020111
11274,326,,,2018-08-04 20:41:41.668367,0.96875,0.10557888448238373
11275,327,,,2018-08-04 20:41:42.604642,0.921875,0.232998326420784
11276,328,,,2018-08-04 20:41:43.584035,0.984375,0.10333158075809479
11277,329,,,2018-08-04 20:41:44.606239,0.921875,0.21724337339401245
11278,330,,,2018-08-04 20:41:45.548447,0.921875,0.2517060339450836
11279,331,,,2018-08-04 20:41:46.489333,0.921875,0.13213784992694855
11280,332,,,2018-08-04 20:41:47.523506,0.9375,0.18743464350700378
11281,333,,,2018-08-04 20:41:48.453552,0.96875,0.1692749708890915
11282,334,,,2018-08-04 20:41:49.361962,0.90625,0.21120840311050415
11283,335,,,2018-08-04 20:41:50.244591,0.9375,0.22010330855846405
11284,336,,,2018-08-04 20:41:51.160110,0.9375,0.1901458352804184
11285,337,,,2018-08-04 20:41:52.007726,0.921875,0.1459161639213562
11286,338,,,2018-08-04 20:41:52.938916,0.984375,0.10567109286785126
11287,339,,,2018-08-04 20:41:53.855218,1.0,0.12543289363384247
11288,340,0.6655,1.340935230255127,2018-08-04 20:41:54.765069,0.984375,0.0789693221449852
11289,341,,,2018-08-04 20:42:45.825154,0.921875,0.25499796867370605
11290,342,,,2018-08-04 20:42:46.700784,0.90625,0.3355046212673187
11291,343,,,2018-08-04 20:42:47.595718,1.0,0.08215892314910889
11292,344,,,2018-08-04 20:42:48.499639,0.921875,0.18857742846012115
11293,345,,,2018-08-04 20:42:49.426990,0.953125,0.1535620391368866
11294,346,,,2018-08-04 20:42:50.280531,0.96875,0.12349271774291992
11295,347,,,2018-08-04 20:42:51.142854,0.96875,0.13581115007400513
11296,348,,,2018-08-04 20:42:52.006283,0.9375,0.14908555150032043
11297,349,,,2018-08-04 20:42:52.916679,0.9375,0.1583426594734192
11298,350,,,2018-08-04 20:42:53.830257,0.921875,0.22877667844295502
11299,351,,,2018-08-04 20:42:54.657923,0.96875,0.13542625308036804
11300,352,,,2018-08-04 20:42:55.555049,0.9375,0.19909808039665222
11301,353,,,2018-08-04 20:42:56.458411,1.0,0.05772025138139725
11302,354,,,2018-08-04 20:42:57.295859,0.984375,0.12647123634815216
11303,355,,,2018-08-04 20:42:58.230168,0.953125,0.15815840661525726
11304,356,,,2018-08-04 20:42:59.079247,0.96875,0.08877234160900116
11305,357,,,2018-08-04 20:42:59.950928,0.96875,0.10149387270212173
11306,358,,,2018-08-04 20:43:00.811148,1.0,0.07004115730524063
11307,359,,,2018-08-04 20:43:01.728656,0.921875,0.191599041223526
11308,360,0.6655,1.3418457508087158,2018-08-04 20:43:02.581516,1.0,0.10737486928701401
11309,361,,,2018-08-04 20:43:53.902540,0.953125,0.2145295888185501
11310,362,,,2018-08-04 20:43:54.817948,0.953125,0.12060045450925827
11311,363,,,2018-08-04 20:43:55.729400,0.953125,0.1777760535478592
11312,364,,,2018-08-04 20:43:56.708029,0.984375,0.09061360359191895
11313,365,,,2018-08-04 20:43:57.635082,0.96875,0.14581479132175446
11314,366,,,2018-08-04 20:43:58.525993,0.984375,0.09930729120969772
11315,367,,,2018-08-04 20:43:59.348990,0.96875,0.09133781492710114
11316,368,,,2018-08-04 20:44:00.247426,0.953125,0.1932389885187149
11317,369,,,2018-08-04 20:44:01.153640,0.90625,0.3023732304573059
11318,370,,,2018-08-04 20:44:02.006379,0.96875,0.1902872771024704
11319,371,,,2018-08-04 20:44:02.933858,0.953125,0.15939320623874664
11320,372,,,2018-08-04 20:44:03.813094,1.0,0.0735340490937233
11321,373,,,2018-08-04 20:44:04.732339,0.984375,0.09496142715215683
11322,374,,,2018-08-04 20:44:05.641057,0.96875,0.09218821674585342
11323,375,,,2018-08-04 20:44:06.548881,0.953125,0.14913371205329895
11324,376,,,2018-08-04 20:44:07.440252,0.9375,0.12962007522583008
11325,377,,,2018-08-04 20:44:08.359268,0.953125,0.15950804948806763
11326,378,,,2018-08-04 20:44:09.235766,0.953125,0.23059839010238647
11327,379,,,2018-08-04 20:44:10.114556,0.953125,0.17451851069927216
11328,380,0.6653,1.342593789100647,2018-08-04 20:44:10.947570,0.9375,0.18614165484905243
11329,381,,,2018-08-04 20:45:01.076701,0.953125,0.26090699434280396
11330,382,,,2018-08-04 20:45:01.905255,0.953125,0.19172300398349762
11331,383,,,2018-08-04 20:45:02.787907,0.96875,0.156395822763443
11332,384,,,2018-08-04 20:45:03.759167,0.921875,0.2780177891254425
11333,385,,,2018-08-04 20:45:04.722313,0.9375,0.162408709526062
11334,386,,,2018-08-04 20:45:05.577981,0.96875,0.08689583092927933
11335,387,,,2018-08-04 20:45:06.478691,0.859375,0.24416500329971313
11336,388,,,2018-08-04 20:45:07.388532,0.921875,0.22561724483966827
11337,389,,,2018-08-04 20:45:08.284220,0.921875,0.2705712616443634
11338,390,,,2018-08-04 20:45:09.140893,0.921875,0.2449495494365692
11339,391,,,2018-08-04 20:45:09.981169,0.90625,0.1828560084104538
11340,392,,,2018-08-04 20:45:10.794080,0.953125,0.1568766087293625
11341,393,,,2018-08-04 20:45:11.642297,0.953125,0.13971228897571564
11342,394,,,2018-08-04 20:45:12.573129,0.890625,0.2778203785419464
11343,395,,,2018-08-04 20:45:13.456167,0.953125,0.14578980207443237
11344,396,,,2018-08-04 20:45:14.348474,0.96875,0.07763618975877762
11345,397,,,2018-08-04 20:45:15.233463,0.90625,0.22057443857192993
11346,398,,,2018-08-04 20:45:16.122137,0.984375,0.10014443844556808
11347,399,,,2018-08-04 20:45:16.923012,0.96875,0.11683408170938492
11348,400,0.6648,1.3430167436599731,2018-08-04 20:45:17.810545,0.9375,0.17488330602645874
11349,401,,,2018-08-04 20:46:08.768107,0.953125,0.1549549549818039
11350,402,,,2018-08-04 20:46:09.648479,0.953125,0.20211736857891083
11351,403,,,2018-08-04 20:46:10.521917,0.953125,0.17856290936470032
11352,404,,,2018-08-04 20:46:11.368080,0.9375,0.20105500519275665
11353,405,,,2018-08-04 20:46:12.266260,0.953125,0.1696976125240326
11354,406,,,2018-08-04 20:46:13.163623,0.984375,0.14538456499576569
11355,407,,,2018-08-04 20:46:14.068125,0.96875,0.08703485876321793
11356,408,,,2018-08-04 20:46:14.939068,0.9375,0.16862034797668457
11357,409,,,2018-08-04 20:46:15.833742,0.984375,0.1056983470916748
11358,410,,,2018-08-04 20:46:16.702050,0.9375,0.2589697539806366
11359,411,,,2018-08-04 20:46:17.643664,0.96875,0.15638376772403717
11360,412,,,2018-08-04 20:46:18.618376,0.96875,0.11506099253892899
11361,413,,,2018-08-04 20:46:19.542644,0.984375,0.08036769181489944
11362,414,,,2018-08-04 20:46:20.398256,0.96875,0.09939810633659363
11363,415,,,2018-08-04 20:46:21.337855,0.96875,0.08332331478595734
11364,416,,,2018-08-04 20:46:22.281039,0.890625,0.29102593660354614
11365,417,,,2018-08-04 20:46:23.254105,0.96875,0.14686892926692963
11366,418,,,2018-08-04 20:46:24.188857,0.984375,0.10554824769496918
11367,419,,,2018-08-04 20:46:25.083842,0.9375,0.19956621527671814
11368,420,0.6651,1.3437384366989136,2018-08-04 20:46:25.919032,0.953125,0.1302044540643692
11369,421,,,2018-08-04 20:47:16.952647,0.953125,0.13643862307071686
11370,422,,,2018-08-04 20:47:17.947219,0.921875,0.16656605899333954
11371,423,,,2018-08-04 20:47:18.857917,0.96875,0.14978384971618652
11372,424,,,2018-08-04 20:47:19.780195,0.96875,0.11648175865411758
11373,425,,,2018-08-04 20:47:20.659203,0.9375,0.1996505707502365
11374,426,,,2018-08-04 20:47:21.553310,1.0,0.09875298291444778
11375,427,,,2018-08-04 20:47:22.461298,0.921875,0.18252679705619812
11376,428,,,2018-08-04 20:47:23.331333,0.90625,0.3066116273403168
11377,429,,,2018-08-04 20:47:24.227604,0.921875,0.1986277848482132
11378,430,,,2018-08-04 20:47:25.090763,0.96875,0.21019527316093445
11379,431,,,2018-08-04 20:47:25.931601,0.953125,0.16034451127052307
11380,432,,,2018-08-04 20:47:26.773237,0.9375,0.317560613155365
11381,433,,,2018-08-04 20:47:27.587838,0.96875,0.21815825998783112
11382,434,,,2018-08-04 20:47:28.523875,0.953125,0.16854511201381683
11383,435,,,2018-08-04 20:47:29.404704,0.921875,0.22708946466445923
11384,436,,,2018-08-04 20:47:30.244634,0.9375,0.15642595291137695
11385,437,,,2018-08-04 20:47:31.142304,0.921875,0.1748613864183426
11386,438,,,2018-08-04 20:47:32.017754,0.984375,0.09675602614879608
11387,439,,,2018-08-04 20:47:32.876773,0.984375,0.11083459109067917
11388,440,0.6651,1.3441975116729736,2018-08-04 20:47:33.775195,0.921875,0.19394470751285553
11389,441,,,2018-08-04 20:48:23.529165,0.96875,0.1390761137008667
11390,442,,,2018-08-04 20:48:24.475534,0.96875,0.10636468976736069
11391,443,,,2018-08-04 20:48:25.402947,0.984375,0.13367460668087006
11392,444,,,2018-08-04 20:48:26.311500,0.921875,0.19130602478981018
11393,445,,,2018-08-04 20:48:27.144395,0.96875,0.14742587506771088
11394,446,,,2018-08-04 20:48:28.093961,0.9375,0.1300484985113144
11395,447,,,2018-08-04 20:48:29.036044,0.96875,0.23550283908843994
11396,448,,,2018-08-04 20:48:29.954781,0.921875,0.1982680857181549
11397,449,,,2018-08-04 20:48:30.877471,0.984375,0.08612526208162308
11398,450,,,2018-08-04 20:48:31.796354,0.96875,0.11325232684612274
11399,451,,,2018-08-04 20:48:32.739187,0.953125,0.14275263249874115
11400,452,,,2018-08-04 20:48:33.697424,0.921875,0.20432312786579132
11401,453,,,2018-08-04 20:48:34.625384,1.0,0.1033819317817688
11402,454,,,2018-08-04 20:48:35.599620,1.0,0.04707898944616318
11403,455,,,2018-08-04 20:48:36.556658,0.921875,0.1836494356393814
11404,456,,,2018-08-04 20:48:37.469627,0.96875,0.17646776139736176
11405,457,,,2018-08-04 20:48:38.346220,0.953125,0.21895372867584229
11406,458,,,2018-08-04 20:48:39.278421,0.96875,0.10563590377569199
11407,459,,,2018-08-04 20:48:40.202486,0.984375,0.08996717631816864
11408,460,0.6651,1.3452560901641846,2018-08-04 20:48:41.205106,0.96875,0.1171899288892746
11409,461,,,2018-08-04 20:49:31.756861,0.921875,0.20559245347976685
11410,462,,,2018-08-04 20:49:32.664651,0.984375,0.07902302592992783
11411,463,,,2018-08-04 20:49:33.616081,0.9375,0.13796862959861755
11412,464,,,2018-08-04 20:49:34.517871,0.953125,0.1642163097858429
11413,465,,,2018-08-04 20:49:35.364724,0.953125,0.14853329956531525
11414,466,,,2018-08-04 20:49:36.343144,0.953125,0.11901750415563583
11415,467,,,2018-08-04 20:49:37.196604,0.921875,0.25541427731513977
11416,468,,,2018-08-04 20:49:38.039148,0.953125,0.12249799817800522
11417,469,,,2018-08-04 20:49:38.859457,1.0,0.06706522405147552
11418,470,,,2018-08-04 20:49:39.798816,0.96875,0.08737939596176147
11419,471,,,2018-08-04 20:49:40.729832,0.96875,0.12633919715881348
11420,472,,,2018-08-04 20:49:41.627692,1.0,0.08319052308797836
11421,473,,,2018-08-04 20:49:42.565127,0.96875,0.12208241969347
11422,474,,,2018-08-04 20:49:43.461984,0.96875,0.17212030291557312
11423,475,,,2018-08-04 20:49:44.339410,0.953125,0.17459969222545624
11424,476,,,2018-08-04 20:49:45.375899,0.953125,0.21573133766651154
11425,477,,,2018-08-04 20:49:46.331623,0.9375,0.14410145580768585
11426,478,,,2018-08-04 20:49:47.207180,0.96875,0.13189685344696045
11427,479,,,2018-08-04 20:49:48.108472,0.984375,0.08355481177568436
11428,480,0.6649,1.3457154035568237,2018-08-04 20:49:49.098095,0.953125,0.12967424094676971
11429,481,,,2018-08-04 20:50:39.516004,0.921875,0.21233612298965454
11430,482,,,2018-08-04 20:50:40.416324,0.984375,0.12736645340919495
11431,483,,,2018-08-04 20:50:41.406165,0.9375,0.23398840427398682
11432,484,,,2018-08-04 20:50:42.342817,0.953125,0.18630659580230713
11433,485,,,2018-08-04 20:50:43.298930,1.0,0.05247732624411583
11434,486,,,2018-08-04 20:50:44.278727,0.953125,0.15486294031143188
11435,487,,,2018-08-04 20:50:45.164521,0.953125,0.2046225517988205
11436,488,,,2018-08-04 20:50:46.088720,0.9375,0.15868020057678223
11437,489,,,2018-08-04 20:50:47.028074,0.984375,0.07735387980937958
11438,490,,,2018-08-04 20:50:47.945992,0.921875,0.14999748766422272
11439,491,,,2018-08-04 20:50:48.850815,0.921875,0.1734297126531601
11440,492,,,2018-08-04 20:50:49.811517,0.96875,0.21270351111888885
11441,493,,,2018-08-04 20:50:50.759919,0.96875,0.12651582062244415
11442,494,,,2018-08-04 20:50:51.695079,0.96875,0.14320015907287598
11443,495,,,2018-08-04 20:50:52.661429,0.953125,0.21047177910804749
11444,496,,,2018-08-04 20:50:53.613203,0.96875,0.1595943421125412
11445,497,,,2018-08-04 20:50:54.495498,1.0,0.08720031380653381
11446,498,,,2018-08-04 20:50:55.422722,0.921875,0.2093464732170105
11447,499,,,2018-08-04 20:50:56.330401,0.9375,0.1891675442457199
11448,500,0.6644,1.3458833694458008,2018-08-04 20:50:57.223741,0.96875,0.17079542577266693
11449,501,,,2018-08-04 20:51:50.096420,0.984375,0.10357793420553207
11450,502,,,2018-08-04 20:51:51.068375,0.96875,0.13006970286369324
11451,503,,,2018-08-04 20:51:51.907938,0.984375,0.08347069472074509
11452,504,,,2018-08-04 20:51:52.902585,0.9375,0.18291257321834564
11453,505,,,2018-08-04 20:51:53.859082,0.9375,0.17002910375595093
11454,506,,,2018-08-04 20:51:54.797560,0.953125,0.11890090256929398
11455,507,,,2018-08-04 20:51:55.838077,0.921875,0.2025606334209442
11456,508,,,2018-08-04 20:51:56.782195,0.9375,0.19024968147277832
11457,509,,,2018-08-04 20:51:57.822979,0.96875,0.14021068811416626
11458,510,,,2018-08-04 20:51:58.824964,0.953125,0.14632965624332428
11459,511,,,2018-08-04 20:51:59.861326,0.96875,0.125773087143898
11460,512,,,2018-08-04 20:52:00.846756,0.9375,0.19533781707286835
11461,513,,,2018-08-04 20:52:01.802795,0.953125,0.17991897463798523
11462,514,,,2018-08-04 20:52:02.630869,0.96875,0.10370268672704697
11463,515,,,2018-08-04 20:52:03.592048,0.9375,0.22610537707805634
11464,516,,,2018-08-04 20:52:04.543861,0.953125,0.12415673583745956
11465,517,,,2018-08-04 20:52:05.499168,1.0,0.0887669175863266
11466,518,,,2018-08-04 20:52:06.430004,0.9375,0.16344942152500153
11467,519,,,2018-08-04 20:52:07.279338,0.953125,0.1890125870704651
11468,520,0.6651,1.346540093421936,2018-08-04 20:52:08.257464,1.0,0.08155258744955063
11469,521,,,2018-08-04 20:52:58.527921,0.921875,0.26297375559806824
11470,522,,,2018-08-04 20:52:59.475998,0.921875,0.17445991933345795
11471,523,,,2018-08-04 20:53:00.386646,0.9375,0.22586938738822937
11472,524,,,2018-08-04 20:53:01.242033,0.9375,0.19866450130939484
11473,525,,,2018-08-04 20:53:02.088852,0.953125,0.11668793857097626
11474,526,,,2018-08-04 20:53:03.054906,0.9375,0.12806831300258636
11475,527,,,2018-08-04 20:53:04.013781,0.96875,0.10344887524843216
11476,528,,,2018-08-04 20:53:04.936441,0.984375,0.0904717817902565
11477,529,,,2018-08-04 20:53:05.861803,0.984375,0.10237371921539307
11478,530,,,2018-08-04 20:53:06.700859,0.9375,0.1546458601951599
11479,531,,,2018-08-04 20:53:07.618374,0.96875,0.0966123715043068
11480,532,,,2018-08-04 20:53:08.553634,0.984375,0.09499160945415497
11481,533,,,2018-08-04 20:53:09.451696,0.984375,0.10800165683031082
11482,534,,,2018-08-04 20:53:10.361072,0.953125,0.13823285698890686
11483,535,,,2018-08-04 20:53:11.339678,0.921875,0.30068132281303406
11484,536,,,2018-08-04 20:53:12.278551,0.921875,0.23290161788463593
11485,537,,,2018-08-04 20:53:13.264175,0.984375,0.10704333335161209
11486,538,,,2018-08-04 20:53:14.195058,0.96875,0.14129750430583954
11487,539,,,2018-08-04 20:53:15.161575,0.953125,0.1857648342847824
11488,540,0.6649,1.3477107286453247,2018-08-04 20:53:16.057982,0.96875,0.1243257075548172
11489,541,,,2018-08-04 20:54:09.021950,0.953125,0.18746602535247803
11490,542,,,2018-08-04 20:54:09.969340,0.984375,0.13527357578277588
11491,543,,,2018-08-04 20:54:10.880156,0.96875,0.12828774750232697
11492,544,,,2018-08-04 20:54:11.839011,0.921875,0.1918022334575653
11493,545,,,2018-08-04 20:54:12.719564,0.984375,0.09217508882284164
11494,546,,,2018-08-04 20:54:13.638080,0.9375,0.13200166821479797
11495,547,,,2018-08-04 20:54:14.522170,0.96875,0.16403254866600037
11496,548,,,2018-08-04 20:54:15.479663,1.0,0.0757666826248169
11497,549,,,2018-08-04 20:54:16.431016,0.9375,0.19180740416049957
11498,550,,,2018-08-04 20:54:17.345933,0.9375,0.12301277369260788
11499,551,,,2018-08-04 20:54:18.282475,0.96875,0.12078497558832169
11500,552,,,2018-08-04 20:54:19.214311,0.984375,0.09374117106199265
11501,553,,,2018-08-04 20:54:20.117133,0.890625,0.2733578383922577
11502,554,,,2018-08-04 20:54:20.973615,0.921875,0.2172619253396988
11503,555,,,2018-08-04 20:54:21.840082,0.921875,0.19629105925559998
11504,556,,,2018-08-04 20:54:22.783183,0.984375,0.07835123687982559
11505,557,,,2018-08-04 20:54:23.699986,0.984375,0.07662546634674072
11506,558,,,2018-08-04 20:54:24.723766,0.921875,0.19064286351203918
11507,559,,,2018-08-04 20:54:25.720566,0.953125,0.193965345621109
11508,560,0.665,1.3479713201522827,2018-08-04 20:54:26.655454,0.984375,0.08905348181724548
11509,561,,,2018-08-04 20:55:17.092440,0.984375,0.16828353703022003
11510,562,,,2018-08-04 20:55:18.016076,0.96875,0.16061870753765106
11511,563,,,2018-08-04 20:55:18.887576,0.90625,0.28888043761253357
11512,564,,,2018-08-04 20:55:19.785423,0.921875,0.18220029771327972
11513,565,,,2018-08-04 20:55:20.738567,0.96875,0.08573167771100998
11514,566,,,2018-08-04 20:55:21.642740,0.96875,0.11303539574146271
11515,567,,,2018-08-04 20:55:22.544211,0.984375,0.0869482085108757
11516,568,,,2018-08-04 20:55:23.465768,0.96875,0.12341580539941788
11517,569,,,2018-08-04 20:55:24.376714,0.90625,0.17242702841758728
11518,570,,,2018-08-04 20:55:25.250578,0.9375,0.1510816067457199
11519,571,,,2018-08-04 20:55:26.192456,0.984375,0.0643756240606308
11520,572,,,2018-08-04 20:55:27.073485,0.984375,0.11743012070655823
11521,573,,,2018-08-04 20:55:28.051258,0.953125,0.2095651477575302
11522,574,,,2018-08-04 20:55:28.940512,0.96875,0.11236464977264404
11523,575,,,2018-08-04 20:55:29.823336,1.0,0.07164373248815536
11524,576,,,2018-08-04 20:55:30.793389,0.9375,0.14954741299152374
11525,577,,,2018-08-04 20:55:31.719621,0.921875,0.21490685641765594
11526,578,,,2018-08-04 20:55:32.566112,0.921875,0.18100085854530334
11527,579,,,2018-08-04 20:55:33.462667,0.9375,0.21724382042884827
11528,580,0.665,1.348217487335205,2018-08-04 20:55:34.409926,0.921875,0.24354448914527893
11529,581,,,2018-08-04 20:56:27.364903,0.9375,0.36772942543029785
11530,582,,,2018-08-04 20:56:28.270654,0.953125,0.16379040479660034
11531,583,,,2018-08-04 20:56:29.215806,0.96875,0.18819500505924225
11532,584,,,2018-08-04 20:56:30.119118,0.9375,0.1297949105501175
11533,585,,,2018-08-04 20:56:31.080958,0.9375,0.21508891880512238
11534,586,,,2018-08-04 20:56:31.951485,0.96875,0.13290610909461975
11535,587,,,2018-08-04 20:56:32.845195,0.96875,0.12430020421743393
11536,588,,,2018-08-04 20:56:33.755461,0.9375,0.22302958369255066
11537,589,,,2018-08-04 20:56:34.651846,0.96875,0.14772269129753113
11538,590,,,2018-08-04 20:56:35.602424,0.953125,0.1336214244365692
11539,591,,,2018-08-04 20:56:36.493718,1.0,0.09302950650453568
11540,592,,,2018-08-04 20:56:37.403320,0.953125,0.12302205711603165
11541,593,,,2018-08-04 20:56:38.369452,0.9375,0.2394920438528061
11542,594,,,2018-08-04 20:56:39.217475,0.96875,0.07870866358280182
11543,595,,,2018-08-04 20:56:40.125416,0.984375,0.0849851742386818
11544,596,,,2018-08-04 20:56:41.018417,0.921875,0.15481990575790405
11545,597,,,2018-08-04 20:56:41.927415,0.953125,0.14610101282596588
11546,598,,,2018-08-04 20:56:42.825456,0.953125,0.1921386420726776
11547,599,,,2018-08-04 20:56:43.769744,0.96875,0.1232101246714592
11548,600,0.6652,1.3483549356460571,2018-08-04 20:56:44.695933,0.984375,0.10573707520961761
11549,601,,,2018-08-04 20:57:37.496342,0.9375,0.1537570059299469
11550,602,,,2018-08-04 20:57:38.344887,0.921875,0.277026891708374
11551,603,,,2018-08-04 20:57:39.257764,0.9375,0.16757602989673615
11552,604,,,2018-08-04 20:57:40.221548,0.953125,0.13924209773540497
11553,605,,,2018-08-04 20:57:41.163034,0.9375,0.3286413550376892
11554,606,,,2018-08-04 20:57:42.056268,0.96875,0.0883292555809021
11555,607,,,2018-08-04 20:57:42.991872,0.984375,0.11554177850484848
11556,608,,,2018-08-04 20:57:43.979463,0.96875,0.18392090499401093
11557,609,,,2018-08-04 20:57:44.931563,0.953125,0.1560543179512024
11558,610,,,2018-08-04 20:57:45.894885,0.890625,0.2574387192726135
11559,611,,,2018-08-04 20:57:46.801735,0.96875,0.11567825824022293
11560,612,,,2018-08-04 20:57:47.699173,0.96875,0.11610832810401917
11561,613,,,2018-08-04 20:57:48.617802,0.890625,0.22975730895996094
11562,614,,,2018-08-04 20:57:49.539581,0.984375,0.10162542760372162
11563,615,,,2018-08-04 20:57:50.453603,1.0,0.07804470509290695
11564,616,,,2018-08-04 20:57:51.356385,0.9375,0.18299515545368195
11565,617,,,2018-08-04 20:57:52.242440,0.96875,0.11963661760091782
11566,618,,,2018-08-04 20:57:53.211311,0.9375,0.2242838591337204
11567,619,,,2018-08-04 20:57:54.199639,0.953125,0.14648942649364471
11568,620,0.6648,1.348861575126648,2018-08-04 20:57:55.164391,0.984375,0.09084783494472504
11569,621,,,2018-08-04 20:58:48.100478,0.953125,0.20885209739208221
11570,622,,,2018-08-04 20:58:49.062852,0.96875,0.10359464585781097
11571,623,,,2018-08-04 20:58:50.069742,0.9375,0.25528067350387573
11572,624,,,2018-08-04 20:58:51.070665,0.9375,0.287822961807251
11573,625,,,2018-08-04 20:58:52.031382,0.953125,0.14951913058757782
11574,626,,,2018-08-04 20:58:52.982590,1.0,0.08516866713762283
11575,627,,,2018-08-04 20:58:53.958882,0.984375,0.07259566336870193
11576,628,,,2018-08-04 20:58:54.829558,0.890625,0.3332013189792633
11577,629,,,2018-08-04 20:58:55.764892,0.953125,0.1541331708431244
11578,630,,,2018-08-04 20:58:56.722990,0.96875,0.1390276849269867
11579,631,,,2018-08-04 20:58:57.568867,0.953125,0.11809519678354263
11580,632,,,2018-08-04 20:58:58.493680,0.984375,0.14753879606723785
11581,633,,,2018-08-04 20:58:59.389243,0.96875,0.16328755021095276
11582,634,,,2018-08-04 20:59:00.294719,0.984375,0.08962108194828033
11583,635,,,2018-08-04 20:59:01.209422,0.984375,0.09064333140850067
11584,636,,,2018-08-04 20:59:02.139188,0.9375,0.189783975481987
11585,637,,,2018-08-04 20:59:03.206812,0.953125,0.11750982701778412
11586,638,,,2018-08-04 20:59:04.148513,0.984375,0.07635097205638885
11587,639,,,2018-08-04 20:59:05.106095,0.9375,0.28060126304626465
11588,640,0.6648,1.3494932651519775,2018-08-04 20:59:06.096834,0.9375,0.1387462168931961
11589,641,,,2018-08-04 20:59:58.992651,0.953125,0.1465120166540146
11590,642,,,2018-08-04 20:59:59.976957,0.984375,0.1522635966539383
11591,643,,,2018-08-04 21:00:00.890563,0.96875,0.14090792834758759
11592,644,,,2018-08-04 21:00:01.823899,0.953125,0.17423342168331146
11593,645,,,2018-08-04 21:00:02.729104,0.96875,0.10508611798286438
11594,646,,,2018-08-04 21:00:03.699719,0.9375,0.14438772201538086
11595,647,,,2018-08-04 21:00:04.573245,0.921875,0.20286774635314941
11596,648,,,2018-08-04 21:00:05.507128,0.9375,0.22442185878753662
11597,649,,,2018-08-04 21:00:06.472142,0.890625,0.22284293174743652
11598,650,,,2018-08-04 21:00:07.372239,0.953125,0.1984516680240631
11599,651,,,2018-08-04 21:00:08.282789,0.921875,0.2267819344997406
11600,652,,,2018-08-04 21:00:09.197031,0.90625,0.22408664226531982
11601,653,,,2018-08-04 21:00:10.163164,0.921875,0.29539355635643005
11602,654,,,2018-08-04 21:00:11.147343,1.0,0.05555235594511032
11603,655,,,2018-08-04 21:00:12.082953,0.96875,0.15741407871246338
11604,656,,,2018-08-04 21:00:12.969127,0.90625,0.22649522125720978
11605,657,,,2018-08-04 21:00:13.895518,0.984375,0.10106784105300903
11606,658,,,2018-08-04 21:00:14.792855,0.9375,0.12555760145187378
11607,659,,,2018-08-04 21:00:15.688707,0.9375,0.226200670003891
11608,660,0.6653,1.3493653535842896,2018-08-04 21:00:16.664418,0.96875,0.11331993341445923
11609,661,,,2018-08-04 21:01:07.045573,0.984375,0.213028684258461
11610,662,,,2018-08-04 21:01:07.917039,0.953125,0.1374158412218094
11611,663,,,2018-08-04 21:01:08.782761,0.90625,0.26882824301719666
11612,664,,,2018-08-04 21:01:09.650063,0.96875,0.10694441199302673
11613,665,,,2018-08-04 21:01:10.509193,0.921875,0.2175782471895218
11614,666,,,2018-08-04 21:01:11.474474,0.9375,0.18944863975048065
11615,667,,,2018-08-04 21:01:12.322426,0.984375,0.12570731341838837
11616,668,,,2018-08-04 21:01:13.266072,0.9375,0.14367008209228516
11617,669,,,2018-08-04 21:01:14.144219,0.953125,0.14720796048641205
11618,670,,,2018-08-04 21:01:15.074969,0.984375,0.11691295355558395
11619,671,,,2018-08-04 21:01:16.069209,0.984375,0.11816822737455368
11620,672,,,2018-08-04 21:01:17.021070,0.984375,0.07796822488307953
11621,673,,,2018-08-04 21:01:17.904281,0.984375,0.09860667586326599
11622,674,,,2018-08-04 21:01:18.849164,1.0,0.12006530910730362
11623,675,,,2018-08-04 21:01:19.788471,0.9375,0.20529703795909882
11624,676,,,2018-08-04 21:01:20.719620,0.953125,0.16439910233020782
11625,677,,,2018-08-04 21:01:21.638231,0.96875,0.12145541608333588
11626,678,,,2018-08-04 21:01:22.574335,0.953125,0.16041764616966248
11627,679,,,2018-08-04 21:01:23.484274,0.984375,0.0925276130437851
11628,680,0.6654,1.350006103515625,2018-08-04 21:01:24.424669,0.953125,0.15080350637435913
11629,681,,,2018-08-04 21:02:16.495138,0.953125,0.2610572874546051
11630,682,,,2018-08-04 21:02:17.367483,0.984375,0.10340064018964767
11631,683,,,2018-08-04 21:02:18.266419,0.953125,0.2856881618499756
11632,684,,,2018-08-04 21:02:19.202415,0.953125,0.17399364709854126
11633,685,,,2018-08-04 21:02:20.201107,0.953125,0.11331349611282349
11634,686,,,2018-08-04 21:02:21.132464,0.953125,0.1371750384569168
11635,687,,,2018-08-04 21:02:22.110107,1.0,0.11015712469816208
11636,688,,,2018-08-04 21:02:22.972917,0.9375,0.19502891600131989
11637,689,,,2018-08-04 21:02:23.895113,0.984375,0.12298877537250519
11638,690,,,2018-08-04 21:02:24.806622,0.953125,0.16257508099079132
11639,691,,,2018-08-04 21:02:25.730227,0.953125,0.19512417912483215
11640,692,,,2018-08-04 21:02:26.615496,1.0,0.09072023630142212
11641,693,,,2018-08-04 21:02:27.534144,0.953125,0.16447174549102783
11642,694,,,2018-08-04 21:02:28.495218,0.9375,0.19936364889144897
11643,695,,,2018-08-04 21:02:29.460797,0.96875,0.1221122294664383
11644,696,,,2018-08-04 21:02:30.426739,0.96875,0.12264720350503922
11645,697,,,2018-08-04 21:02:31.259138,0.9375,0.23532143235206604
11646,698,,,2018-08-04 21:02:32.227079,0.953125,0.2126665711402893
11647,699,,,2018-08-04 21:02:33.183791,0.96875,0.10048794746398926
11648,700,0.6651,1.350737452507019,2018-08-04 21:02:34.083722,0.984375,0.09207048267126083
11649,701,,,2018-08-04 21:03:25.928012,0.9375,0.1661795973777771
11650,702,,,2018-08-04 21:03:26.863170,0.921875,0.2904498875141144
11651,703,,,2018-08-04 21:03:27.801411,0.96875,0.16467320919036865
11652,704,,,2018-08-04 21:03:28.724206,0.96875,0.13636574149131775
11653,705,,,2018-08-04 21:03:29.636074,0.96875,0.10955044627189636
11654,706,,,2018-08-04 21:03:30.533744,0.953125,0.23088006675243378
11655,707,,,2018-08-04 21:03:31.506454,0.953125,0.18127423524856567
11656,708,,,2018-08-04 21:03:32.432160,0.953125,0.1933870166540146
11657,709,,,2018-08-04 21:03:33.357229,0.96875,0.10104124248027802
11658,710,,,2018-08-04 21:03:34.289250,0.984375,0.13445623219013214
11659,711,,,2018-08-04 21:03:35.233201,0.9375,0.1772463321685791
11660,712,,,2018-08-04 21:03:36.141505,0.921875,0.2279042899608612
11661,713,,,2018-08-04 21:03:37.022371,0.953125,0.16722334921360016
11662,714,,,2018-08-04 21:03:37.890414,0.953125,0.2032751590013504
11663,715,,,2018-08-04 21:03:38.813699,0.953125,0.1985531598329544
11664,716,,,2018-08-04 21:03:39.756758,0.96875,0.10678690671920776
11665,717,,,2018-08-04 21:03:40.794960,0.96875,0.13124516606330872
11666,718,,,2018-08-04 21:03:41.723539,0.9375,0.18391402065753937
11667,719,,,2018-08-04 21:03:42.680446,0.96875,0.14840319752693176
11668,720,0.6649,1.3508065938949585,2018-08-04 21:03:43.594836,0.953125,0.14606580138206482
11669,721,,,2018-08-04 21:04:35.847085,0.921875,0.18320465087890625
11670,722,,,2018-08-04 21:04:36.796037,1.0,0.08820953965187073
11671,723,,,2018-08-04 21:04:37.701739,0.96875,0.08937565237283707
11672,724,,,2018-08-04 21:04:38.585470,0.953125,0.1687028557062149
11673,725,,,2018-08-04 21:04:39.432321,0.953125,0.17596685886383057
11674,726,,,2018-08-04 21:04:40.343136,0.984375,0.12371105700731277
11675,727,,,2018-08-04 21:04:41.260405,0.9375,0.21860551834106445
11676,728,,,2018-08-04 21:04:42.160180,0.921875,0.2668003737926483
11677,729,,,2018-08-04 21:04:43.094829,0.96875,0.19880631566047668
11678,730,,,2018-08-04 21:04:44.023309,0.96875,0.1636658012866974
11679,731,,,2018-08-04 21:04:44.987390,0.9375,0.13955333828926086
11680,732,,,2018-08-04 21:04:45.970570,0.984375,0.10059662908315659
11681,733,,,2018-08-04 21:04:46.939189,0.953125,0.18361765146255493
11682,734,,,2018-08-04 21:04:47.863428,0.9375,0.17726178467273712
11683,735,,,2018-08-04 21:04:48.808467,0.921875,0.19699497520923615
11684,736,,,2018-08-04 21:04:49.745240,0.953125,0.14901992678642273
11685,737,,,2018-08-04 21:04:50.639450,0.953125,0.23478977382183075
11686,738,,,2018-08-04 21:04:51.581919,0.96875,0.1299860030412674
11687,739,,,2018-08-04 21:04:52.483841,0.984375,0.15100666880607605
11688,740,0.6653,1.3504921197891235,2018-08-04 21:04:53.422415,0.984375,0.08418937027454376
11689,741,,,2018-08-04 21:05:43.918320,0.953125,0.13379058241844177
11690,742,,,2018-08-04 21:05:44.866836,0.96875,0.10572990775108337
11691,743,,,2018-08-04 21:05:45.838861,0.953125,0.21741025149822235
11692,744,,,2018-08-04 21:05:46.839652,0.96875,0.17626139521598816
11693,745,,,2018-08-04 21:05:47.688604,0.9375,0.17980486154556274
11694,746,,,2018-08-04 21:05:48.622733,0.890625,0.27289536595344543
11695,747,,,2018-08-04 21:05:49.578538,0.953125,0.2478281706571579
11696,748,,,2018-08-04 21:05:50.499249,0.96875,0.08032797276973724
11697,749,,,2018-08-04 21:05:51.380469,0.9375,0.25188443064689636
11698,750,,,2018-08-04 21:05:52.285163,0.9375,0.1465824544429779
11699,751,,,2018-08-04 21:05:53.152326,0.921875,0.2077978253364563
11700,752,,,2018-08-04 21:05:54.064595,0.921875,0.22595320641994476
11701,753,,,2018-08-04 21:05:54.969208,0.9375,0.18569360673427582
11702,754,,,2018-08-04 21:05:55.884195,1.0,0.09851030260324478
11703,755,,,2018-08-04 21:05:56.849134,0.984375,0.10136845707893372
11704,756,,,2018-08-04 21:05:57.810876,0.96875,0.13714802265167236
11705,757,,,2018-08-04 21:05:58.760426,0.9375,0.18160445988178253
11706,758,,,2018-08-04 21:05:59.621543,0.921875,0.22106142342090607
11707,759,,,2018-08-04 21:06:00.563861,1.0,0.06727742403745651
11708,760,0.6654,1.351091742515564,2018-08-04 21:06:01.467949,0.953125,0.2048836648464203
11709,761,,,2018-08-04 21:06:53.114999,0.96875,0.1280512809753418
11710,762,,,2018-08-04 21:06:54.021490,0.921875,0.19829756021499634
11711,763,,,2018-08-04 21:06:54.966681,0.9375,0.15533547103405
11712,764,,,2018-08-04 21:06:55.816643,0.921875,0.13627220690250397
11713,765,,,2018-08-04 21:06:56.773006,0.96875,0.12189006060361862
11714,766,,,2018-08-04 21:06:57.686641,1.0,0.11652021110057831
11715,767,,,2018-08-04 21:06:58.556597,0.9375,0.19776195287704468
11716,768,,,2018-08-04 21:06:59.481831,0.984375,0.12457998096942902
11717,769,,,2018-08-04 21:07:00.418588,0.984375,0.10300928354263306
11718,770,,,2018-08-04 21:07:01.373531,0.96875,0.11543548852205276
11719,771,,,2018-08-04 21:07:02.266416,0.96875,0.09521908313035965
11720,772,,,2018-08-04 21:07:02.983050,0.953125,0.1560274213552475
11721,773,,,2018-08-04 21:07:03.846447,0.921875,0.255880743265152
11722,774,,,2018-08-04 21:07:04.779828,0.953125,0.1259496957063675
11723,775,,,2018-08-04 21:07:05.621618,0.9375,0.2231999933719635
11724,776,,,2018-08-04 21:07:06.580924,0.96875,0.17348070442676544
11725,777,,,2018-08-04 21:07:07.483332,0.96875,0.12642139196395874
11726,778,,,2018-08-04 21:07:08.417622,0.921875,0.1794203519821167
11727,779,,,2018-08-04 21:07:09.375099,0.984375,0.077127605676651
11728,780,0.6653,1.3517118692398071,2018-08-04 21:07:10.278691,0.984375,0.10907579958438873
11729,781,,,2018-08-04 21:08:01.465127,1.0,0.12001162767410278
11730,0,,,2018-08-04 21:08:53.942949,0.96875,0.1265157014131546
11731,1,,,2018-08-04 21:08:54.924243,0.9375,0.20814257860183716
11732,2,,,2018-08-04 21:08:55.868280,0.9375,0.1636517494916916
11733,3,,,2018-08-04 21:08:56.807903,0.984375,0.10236198455095291
11734,4,,,2018-08-04 21:08:57.704081,0.921875,0.22794072329998016
11735,5,,,2018-08-04 21:08:58.590149,0.953125,0.14656727015972137
11736,6,,,2018-08-04 21:08:59.500496,0.875,0.2903265058994293
11737,7,,,2018-08-04 21:09:00.448445,0.984375,0.07574325054883957
11738,8,,,2018-08-04 21:09:01.315533,0.9375,0.200579434633255
11739,9,,,2018-08-04 21:09:02.247786,0.9375,0.20518866181373596
11740,10,,,2018-08-04 21:09:03.157501,0.96875,0.1573849320411682
11741,11,,,2018-08-04 21:09:04.052392,0.890625,0.20330333709716797
11742,12,,,2018-08-04 21:09:04.941454,0.90625,0.27912062406539917
11743,13,,,2018-08-04 21:09:05.924817,0.953125,0.09691811352968216
11744,14,,,2018-08-04 21:09:06.883795,0.96875,0.1633131504058838
11745,15,,,2018-08-04 21:09:07.780643,0.953125,0.18514929711818695
11746,16,,,2018-08-04 21:09:08.706213,0.953125,0.13541704416275024
11747,17,,,2018-08-04 21:09:09.617148,0.96875,0.1942843496799469
11748,18,,,2018-08-04 21:09:10.494608,0.984375,0.14565777778625488
11749,19,,,2018-08-04 21:09:11.435245,0.9375,0.3324669599533081
11750,20,0.6656,1.3527792692184448,2018-08-04 21:09:12.404394,1.0,0.11551033705472946
11751,21,,,2018-08-04 21:10:04.059028,0.953125,0.0938202440738678
11752,22,,,2018-08-04 21:10:05.028641,0.9375,0.2266003042459488
11753,23,,,2018-08-04 21:10:05.973917,0.984375,0.1471533328294754
11754,24,,,2018-08-04 21:10:06.904141,0.96875,0.17142871022224426
11755,25,,,2018-08-04 21:10:07.807393,0.921875,0.18003733456134796
11756,26,,,2018-08-04 21:10:08.720669,0.953125,0.17019055783748627
11757,27,,,2018-08-04 21:10:09.693271,0.90625,0.18842805922031403
11758,28,,,2018-08-04 21:10:10.527680,0.90625,0.26802706718444824
11759,29,,,2018-08-04 21:10:11.449561,0.9375,0.22975106537342072
11760,30,,,2018-08-04 21:10:12.318434,0.96875,0.10554459691047668
11761,31,,,2018-08-04 21:10:13.253450,0.9375,0.16847506165504456
11762,32,,,2018-08-04 21:10:14.210889,0.96875,0.13608969748020172
11763,33,,,2018-08-04 21:10:15.187121,0.953125,0.146231546998024
11764,34,,,2018-08-04 21:10:16.134711,0.984375,0.1017359122633934
11765,35,,,2018-08-04 21:10:17.054159,0.921875,0.20019179582595825
11766,36,,,2018-08-04 21:10:17.922187,0.90625,0.18031170964241028
11767,37,,,2018-08-04 21:10:18.831806,0.890625,0.27630874514579773
11768,38,,,2018-08-04 21:10:19.735527,0.96875,0.1291700303554535
11769,39,,,2018-08-04 21:10:20.642576,0.96875,0.14092305302619934
11770,40,0.6651,1.35264253616333,2018-08-04 21:10:21.573301,0.96875,0.13135738670825958
11771,41,,,2018-08-04 21:11:13.592714,0.984375,0.11119131743907928
11772,42,,,2018-08-04 21:11:14.591934,0.96875,0.22074492275714874
11773,43,,,2018-08-04 21:11:15.532962,0.96875,0.15561258792877197
11774,44,,,2018-08-04 21:11:16.500511,0.96875,0.16592110693454742
11775,45,,,2018-08-04 21:11:17.449013,0.96875,0.22002193331718445
11776,46,,,2018-08-04 21:11:18.381026,0.921875,0.3329119384288788
11777,47,,,2018-08-04 21:11:19.339552,1.0,0.08716028183698654
11778,48,,,2018-08-04 21:11:20.285747,0.921875,0.2956581115722656
11779,49,,,2018-08-04 21:11:21.274122,0.96875,0.12281911820173264
11780,50,,,2018-08-04 21:11:22.230255,0.9375,0.18812067806720734
11781,51,,,2018-08-04 21:11:23.187910,0.984375,0.11502312868833542
11782,52,,,2018-08-04 21:11:24.122704,0.96875,0.11520464718341827
11783,53,,,2018-08-04 21:11:25.048713,0.953125,0.15253910422325134
11784,54,,,2018-08-04 21:11:25.975224,0.96875,0.1453988254070282
11785,55,,,2018-08-04 21:11:26.974344,0.921875,0.21630717813968658
11786,56,,,2018-08-04 21:11:27.972980,0.984375,0.10307934135198593
11787,57,,,2018-08-04 21:11:28.926981,0.921875,0.27671825885772705
11788,58,,,2018-08-04 21:11:29.831076,0.9375,0.1895156353712082
11789,59,,,2018-08-04 21:11:30.737992,0.921875,0.28483977913856506
11790,60,0.6648,1.352491021156311,2018-08-04 21:11:31.743709,0.921875,0.1735706627368927
11791,61,,,2018-08-04 21:12:23.177994,0.953125,0.1651015728712082
11792,62,,,2018-08-04 21:12:24.108403,0.953125,0.1708841621875763
11793,63,,,2018-08-04 21:12:25.083383,0.9375,0.21859130263328552
11794,64,,,2018-08-04 21:12:25.998208,0.984375,0.10249295830726624
11795,65,,,2018-08-04 21:12:26.859157,0.96875,0.11997436732053757
11796,66,,,2018-08-04 21:12:27.806500,0.96875,0.1345503032207489
11797,67,,,2018-08-04 21:12:28.763980,0.90625,0.2502184808254242
11798,68,,,2018-08-04 21:12:29.700100,0.953125,0.21823525428771973
11799,69,,,2018-08-04 21:12:30.589720,0.890625,0.19487300515174866
11800,70,,,2018-08-04 21:12:31.526347,0.9375,0.16647332906723022
11801,71,,,2018-08-04 21:12:32.464052,0.96875,0.12525177001953125
11802,72,,,2018-08-04 21:12:33.364564,0.984375,0.15672561526298523
11803,73,,,2018-08-04 21:12:34.277034,0.984375,0.0907258689403534
11804,74,,,2018-08-04 21:12:35.221405,0.984375,0.08646014332771301
11805,75,,,2018-08-04 21:12:36.219470,0.921875,0.2023671567440033
11806,76,,,2018-08-04 21:12:37.224419,0.984375,0.10214550048112869
11807,77,,,2018-08-04 21:12:38.099530,0.953125,0.1807883381843567
11808,78,,,2018-08-04 21:12:39.009469,0.953125,0.16006140410900116
11809,79,,,2018-08-04 21:12:39.928416,0.96875,0.14484447240829468
11810,80,0.6646,1.352981686592102,2018-08-04 21:12:40.883353,0.921875,0.14783145487308502
11811,81,,,2018-08-04 21:13:32.037406,0.953125,0.13129779696464539
11812,82,,,2018-08-04 21:13:32.916517,0.953125,0.14786535501480103
11813,83,,,2018-08-04 21:13:33.770851,0.96875,0.13802245259284973
11814,84,,,2018-08-04 21:13:34.680978,0.984375,0.08928510546684265
11815,85,,,2018-08-04 21:13:35.573751,0.953125,0.0973944291472435
11816,86,,,2018-08-04 21:13:36.483768,0.953125,0.13135792315006256
11817,87,,,2018-08-04 21:13:37.397609,0.953125,0.18290024995803833
11818,88,,,2018-08-04 21:13:38.379453,0.9375,0.209642693400383
11819,89,,,2018-08-04 21:13:39.365457,0.9375,0.13866908848285675
11820,90,,,2018-08-04 21:13:40.289040,0.953125,0.1912357062101364
11821,91,,,2018-08-04 21:13:41.257096,1.0,0.10596299171447754
11822,92,,,2018-08-04 21:13:42.129741,1.0,0.0716920867562294
11823,93,,,2018-08-04 21:13:42.984401,1.0,0.08907067775726318
11824,94,,,2018-08-04 21:13:43.917699,0.96875,0.10372001677751541
11825,95,,,2018-08-04 21:13:44.862238,0.96875,0.10181359946727753
11826,96,,,2018-08-04 21:13:45.768799,0.984375,0.07256845384836197
11827,97,,,2018-08-04 21:13:46.694241,0.984375,0.11454436182975769
11828,98,,,2018-08-04 21:13:47.590850,0.9375,0.15242911875247955
11829,99,,,2018-08-04 21:13:48.487294,0.96875,0.1614031344652176
11830,100,0.6651,1.353603720664978,2018-08-04 21:13:49.408131,0.953125,0.1657271832227707
11831,101,,,2018-08-04 21:14:39.572407,0.96875,0.09742635488510132
11832,102,,,2018-08-04 21:14:40.513643,0.96875,0.14124758541584015
11833,103,,,2018-08-04 21:14:41.439027,0.921875,0.1961577981710434
11834,104,,,2018-08-04 21:14:42.381412,0.921875,0.1705835461616516
11835,105,,,2018-08-04 21:14:43.297318,0.984375,0.08731783181428909
11836,106,,,2018-08-04 21:14:44.179649,0.984375,0.06887505948543549
11837,107,,,2018-08-04 21:14:45.098862,0.96875,0.14994536340236664
11838,108,,,2018-08-04 21:14:46.054559,1.0,0.07097295671701431
11839,109,,,2018-08-04 21:14:46.918932,0.9375,0.12310291826725006
11840,110,,,2018-08-04 21:14:47.871056,1.0,0.07611288130283356
11841,111,,,2018-08-04 21:14:48.796460,0.953125,0.13379399478435516
11842,112,,,2018-08-04 21:14:49.734325,0.9375,0.21633973717689514
11843,113,,,2018-08-04 21:14:50.661028,0.921875,0.24505014717578888
11844,114,,,2018-08-04 21:14:51.571581,0.984375,0.1098448783159256
11845,115,,,2018-08-04 21:14:52.457538,0.9375,0.19929693639278412
11846,116,,,2018-08-04 21:14:53.345028,0.984375,0.11156290769577026
11847,117,,,2018-08-04 21:14:54.277953,0.953125,0.1537901908159256
11848,118,,,2018-08-04 21:14:55.192904,1.0,0.05537296459078789
11849,119,,,2018-08-04 21:14:56.046714,0.953125,0.17083032429218292
11850,120,0.6649,1.3544524908065796,2018-08-04 21:14:57.057351,0.96875,0.16269105672836304
11851,121,,,2018-08-04 21:15:50.074426,0.96875,0.11273552477359772
11852,122,,,2018-08-04 21:15:50.964844,0.953125,0.21019573509693146
11853,123,,,2018-08-04 21:15:51.871377,0.96875,0.15809009969234467
11854,124,,,2018-08-04 21:15:52.757314,0.921875,0.16522455215454102
11855,125,,,2018-08-04 21:15:53.655498,0.953125,0.16556768119335175
11856,126,,,2018-08-04 21:15:54.565329,1.0,0.06995860487222672
11857,127,,,2018-08-04 21:15:55.425747,0.9375,0.19356071949005127
11858,128,,,2018-08-04 21:15:56.365394,0.90625,0.19629941880702972
11859,129,,,2018-08-04 21:15:57.283174,0.984375,0.10954515635967255
11860,130,,,2018-08-04 21:15:58.170080,0.953125,0.17224617302417755
11861,131,,,2018-08-04 21:15:59.130231,0.9375,0.25176602602005005
11862,132,,,2018-08-04 21:16:00.091726,0.96875,0.14506857097148895
11863,133,,,2018-08-04 21:16:00.962825,0.953125,0.11630983650684357
11864,134,,,2018-08-04 21:16:01.832007,0.953125,0.13421502709388733
11865,135,,,2018-08-04 21:16:02.720749,0.953125,0.13901852071285248
11866,136,,,2018-08-04 21:16:03.604206,0.9375,0.2107061892747879
11867,137,,,2018-08-04 21:16:04.544707,0.9375,0.18512223660945892
11868,138,,,2018-08-04 21:16:05.422654,0.9375,0.18588250875473022
11869,139,,,2018-08-04 21:16:06.292823,0.96875,0.12477850168943405
11870,140,0.665,1.3546490669250488,2018-08-04 21:16:07.225766,0.984375,0.11524953693151474
11871,141,,,2018-08-04 21:17:00.220826,1.0,0.09047161787748337
11872,142,,,2018-08-04 21:17:01.133216,0.921875,0.2641184628009796
11873,143,,,2018-08-04 21:17:02.057511,0.953125,0.17315006256103516
11874,144,,,2018-08-04 21:17:02.971655,0.984375,0.1294480860233307
11875,145,,,2018-08-04 21:17:03.876385,0.953125,0.13521599769592285
11876,146,,,2018-08-04 21:17:04.822579,0.953125,0.14930996298789978
11877,147,,,2018-08-04 21:17:05.618544,0.96875,0.15286710858345032
11878,148,,,2018-08-04 21:17:06.469097,0.984375,0.099329374730587
11879,149,,,2018-08-04 21:17:07.350066,0.953125,0.27213698625564575
11880,150,,,2018-08-04 21:17:08.306385,0.984375,0.11832576245069504
11881,151,,,2018-08-04 21:17:09.222832,0.984375,0.0677209123969078
11882,152,,,2018-08-04 21:17:10.062215,0.984375,0.13316123187541962
11883,153,,,2018-08-04 21:17:10.910434,0.953125,0.16341164708137512
11884,154,,,2018-08-04 21:17:11.855966,0.96875,0.20218302309513092
11885,155,,,2018-08-04 21:17:12.774346,1.0,0.06592688709497452
11886,156,,,2018-08-04 21:17:13.723732,0.953125,0.14435651898384094
11887,157,,,2018-08-04 21:17:14.651076,1.0,0.07660051435232162
11888,158,,,2018-08-04 21:17:15.514575,0.90625,0.31410571932792664
11889,159,,,2018-08-04 21:17:16.462457,0.953125,0.1415572464466095
11890,160,0.6643,1.354906439781189,2018-08-04 21:17:17.332089,0.984375,0.08067387342453003
11891,161,,,2018-08-04 21:18:09.661781,0.984375,0.12443985044956207
11892,162,,,2018-08-04 21:18:10.579340,0.953125,0.13766838610172272
11893,163,,,2018-08-04 21:18:11.487059,0.953125,0.2115694135427475
11894,164,,,2018-08-04 21:18:12.500609,0.984375,0.08255771547555923
11895,165,,,2018-08-04 21:18:13.437225,0.984375,0.09353218972682953
11896,166,,,2018-08-04 21:18:14.365315,0.953125,0.18080578744411469
11897,167,,,2018-08-04 21:18:15.278372,0.96875,0.1169237419962883
11898,168,,,2018-08-04 21:18:16.179401,0.9375,0.2249024212360382
11899,169,,,2018-08-04 21:18:17.139381,0.9375,0.20504657924175262
11900,170,,,2018-08-04 21:18:18.108077,0.953125,0.2073574811220169
11901,171,,,2018-08-04 21:18:19.071364,0.984375,0.09782086312770844
11902,172,,,2018-08-04 21:18:20.075468,0.953125,0.23937198519706726
11903,173,,,2018-08-04 21:18:21.080741,0.953125,0.13315501809120178
11904,174,,,2018-08-04 21:18:21.980298,0.9375,0.140132874250412
11905,175,,,2018-08-04 21:18:22.900759,0.984375,0.10695649683475494
11906,176,,,2018-08-04 21:18:23.799823,0.9375,0.1378009021282196
11907,177,,,2018-08-04 21:18:24.715665,0.984375,0.10322385281324387
11908,178,,,2018-08-04 21:18:25.644176,0.921875,0.12297151982784271
11909,179,,,2018-08-04 21:18:26.514878,0.96875,0.09926754236221313
11910,180,0.6648,1.3554192781448364,2018-08-04 21:18:27.398181,1.0,0.08703945577144623
11911,181,,,2018-08-04 21:19:19.374930,0.9375,0.1601657271385193
11912,182,,,2018-08-04 21:19:20.384496,0.953125,0.11115756630897522
11913,183,,,2018-08-04 21:19:21.276640,0.984375,0.12964516878128052
11914,184,,,2018-08-04 21:19:22.208379,0.984375,0.1126580536365509
11915,185,,,2018-08-04 21:19:23.084243,0.96875,0.13712115585803986
11916,186,,,2018-08-04 21:19:23.967987,0.921875,0.23959757387638092
11917,187,,,2018-08-04 21:19:24.873850,0.96875,0.1462383270263672
11918,188,,,2018-08-04 21:19:25.714895,0.953125,0.14686383306980133
11919,189,,,2018-08-04 21:19:26.580400,0.9375,0.1364755779504776
11920,190,,,2018-08-04 21:19:27.525191,0.921875,0.2262253314256668
11921,191,,,2018-08-04 21:19:28.398868,0.96875,0.11688732355833054
11922,192,,,2018-08-04 21:19:29.285840,0.953125,0.18115614354610443
11923,193,,,2018-08-04 21:19:30.189124,0.890625,0.2835947573184967
11924,194,,,2018-08-04 21:19:31.052180,0.953125,0.17512191832065582
11925,195,,,2018-08-04 21:19:31.988214,1.0,0.07473299652338028
11926,196,,,2018-08-04 21:19:32.968770,0.984375,0.14788918197155
11927,197,,,2018-08-04 21:19:33.904851,0.984375,0.0952722355723381
11928,198,,,2018-08-04 21:19:34.796704,0.96875,0.08539070188999176
11929,199,,,2018-08-04 21:19:35.720795,0.96875,0.11329330503940582
11930,200,0.6652,1.3561937808990479,2018-08-04 21:19:36.684392,0.984375,0.10301172733306885
11931,201,,,2018-08-04 21:20:29.810404,0.984375,0.09524095058441162
11932,202,,,2018-08-04 21:20:30.674876,0.921875,0.3095071315765381
11933,203,,,2018-08-04 21:20:31.645067,0.953125,0.1618821918964386
11934,204,,,2018-08-04 21:20:32.607785,0.953125,0.12119374424219131
11935,205,,,2018-08-04 21:20:33.492977,0.953125,0.15032942593097687
11936,206,,,2018-08-04 21:20:34.441603,0.96875,0.14800238609313965
11937,207,,,2018-08-04 21:20:35.380265,0.9375,0.18083924055099487
11938,208,,,2018-08-04 21:20:36.289432,0.984375,0.07854606211185455
11939,209,,,2018-08-04 21:20:37.155029,0.953125,0.16222074627876282
11940,210,,,2018-08-04 21:20:38.097566,1.0,0.10341179370880127
11941,211,,,2018-08-04 21:20:38.903417,0.953125,0.128817617893219
11942,212,,,2018-08-04 21:20:39.805183,0.890625,0.2721991539001465
11943,213,,,2018-08-04 21:20:40.719183,0.96875,0.11540517956018448
11944,214,,,2018-08-04 21:20:41.668914,0.96875,0.1437709480524063
11945,215,,,2018-08-04 21:20:42.520736,0.953125,0.11203762888908386
11946,216,,,2018-08-04 21:20:43.370225,0.96875,0.1400197595357895
11947,217,,,2018-08-04 21:20:44.224977,0.9375,0.13040414452552795
11948,218,,,2018-08-04 21:20:45.124453,0.96875,0.11536846309900284
11949,219,,,2018-08-04 21:20:46.059871,0.96875,0.11388346552848816
11950,220,0.6653,1.3562995195388794,2018-08-04 21:20:47.052731,0.9375,0.12714211642742157
11951,221,,,2018-08-04 21:21:39.502680,0.984375,0.12236899137496948
11952,222,,,2018-08-04 21:21:40.479235,0.984375,0.12095680087804794
11953,223,,,2018-08-04 21:21:41.379479,0.984375,0.15292908251285553
11954,224,,,2018-08-04 21:21:42.304391,0.984375,0.1064159944653511
11955,225,,,2018-08-04 21:21:43.213936,0.90625,0.2553868889808655
11956,226,,,2018-08-04 21:21:44.107403,0.9375,0.16757360100746155
11957,227,,,2018-08-04 21:21:45.059282,0.984375,0.12988577783107758
11958,228,,,2018-08-04 21:21:45.974116,1.0,0.07453837245702744
11959,229,,,2018-08-04 21:21:46.945844,0.96875,0.13957759737968445
11960,230,,,2018-08-04 21:21:47.871850,0.96875,0.12505465745925903
11961,231,,,2018-08-04 21:21:48.834019,0.984375,0.06219599395990372
11962,232,,,2018-08-04 21:21:49.759903,0.921875,0.28588786721229553
11963,233,,,2018-08-04 21:21:50.706102,0.96875,0.13447992503643036
11964,234,,,2018-08-04 21:21:51.693706,0.953125,0.1660175919532776
11965,235,,,2018-08-04 21:21:52.618118,0.953125,0.16399171948432922
11966,236,,,2018-08-04 21:21:53.448873,0.9375,0.16852916777133942
11967,237,,,2018-08-04 21:21:54.314725,0.921875,0.2051723152399063
11968,238,,,2018-08-04 21:21:55.291424,0.984375,0.142131507396698
11969,239,,,2018-08-04 21:21:56.130178,0.9375,0.14863179624080658
11970,240,0.6646,1.3562800884246826,2018-08-04 21:21:57.034198,0.90625,0.24729207158088684
11971,241,,,2018-08-04 21:22:48.013084,0.953125,0.1880015730857849
11972,242,,,2018-08-04 21:22:49.013346,0.984375,0.09495607018470764
11973,243,,,2018-08-04 21:22:50.047639,0.953125,0.1738610863685608
11974,244,,,2018-08-04 21:22:51.023642,0.9375,0.12930692732334137
11975,245,,,2018-08-04 21:22:52.047886,0.953125,0.12376130372285843
11976,246,,,2018-08-04 21:22:53.029398,0.984375,0.09096169471740723
11977,247,,,2018-08-04 21:22:53.973263,0.984375,0.15414050221443176
11978,248,,,2018-08-04 21:22:54.892070,0.984375,0.0822845846414566
11979,249,,,2018-08-04 21:22:55.749366,0.96875,0.14143526554107666
11980,250,,,2018-08-04 21:22:56.786359,0.953125,0.14443129301071167
11981,251,,,2018-08-04 21:22:57.706110,1.0,0.0538036972284317
11982,252,,,2018-08-04 21:22:58.659006,0.96875,0.08494262397289276
11983,253,,,2018-08-04 21:22:59.522005,0.9375,0.2175011932849884
11984,254,,,2018-08-04 21:23:00.461053,0.953125,0.15600086748600006
11985,255,,,2018-08-04 21:23:01.409206,0.9375,0.14175522327423096
11986,256,,,2018-08-04 21:23:02.348293,0.90625,0.23628126084804535
11987,257,,,2018-08-04 21:23:03.168474,0.90625,0.24548575282096863
11988,258,,,2018-08-04 21:23:04.020282,0.96875,0.10964815318584442
11989,259,,,2018-08-04 21:23:04.887900,0.984375,0.10467354953289032
11990,260,0.665,1.3566627502441406,2018-08-04 21:23:05.840829,0.984375,0.0770152360200882
11991,261,,,2018-08-04 21:23:58.681010,0.984375,0.08239142596721649
11992,262,,,2018-08-04 21:23:59.632439,0.921875,0.24378012120723724
11993,263,,,2018-08-04 21:24:00.581966,0.90625,0.1733640432357788
11994,264,,,2018-08-04 21:24:01.537720,0.921875,0.14806832373142242
11995,265,,,2018-08-04 21:24:02.524491,0.96875,0.12865036725997925
11996,266,,,2018-08-04 21:24:03.438263,0.953125,0.1968616396188736
11997,267,,,2018-08-04 21:24:04.320783,0.984375,0.07783482223749161
11998,268,,,2018-08-04 21:24:05.295874,0.953125,0.15396007895469666
11999,269,,,2018-08-04 21:24:06.317543,0.984375,0.13514070212841034
12000,270,,,2018-08-04 21:24:07.274788,0.90625,0.2563631534576416
12001,271,,,2018-08-04 21:24:08.196394,0.984375,0.11006807535886765
12002,272,,,2018-08-04 21:24:09.100522,0.96875,0.11309757828712463
12003,273,,,2018-08-04 21:24:10.083822,0.96875,0.10740529000759125
12004,274,,,2018-08-04 21:24:11.029840,0.953125,0.1695985347032547
12005,275,,,2018-08-04 21:24:12.043598,0.921875,0.18337005376815796
12006,276,,,2018-08-04 21:24:13.037217,0.953125,0.11743935942649841
12007,277,,,2018-08-04 21:24:13.930070,0.953125,0.1310155987739563
12008,278,,,2018-08-04 21:24:14.844302,0.984375,0.13750015199184418
12009,279,,,2018-08-04 21:24:15.858050,0.96875,0.1115664690732956
12010,280,0.6648,1.3562941551208496,2018-08-04 21:24:16.859337,0.953125,0.13686047494411469
12011,281,,,2018-08-04 21:25:07.738832,0.984375,0.13793303072452545
12012,282,,,2018-08-04 21:25:08.660757,1.0,0.10287781804800034
12013,283,,,2018-08-04 21:25:09.542527,0.984375,0.13099393248558044
12014,284,,,2018-08-04 21:25:10.445524,0.953125,0.1676367223262787
12015,285,,,2018-08-04 21:25:11.305438,0.9375,0.16184870898723602
12016,286,,,2018-08-04 21:25:12.233340,0.953125,0.13198961317539215
12017,287,,,2018-08-04 21:25:13.127161,0.9375,0.14493447542190552
12018,288,,,2018-08-04 21:25:14.014095,0.953125,0.1728793829679489
12019,289,,,2018-08-04 21:25:14.955540,0.96875,0.11832952499389648
12020,290,,,2018-08-04 21:25:15.887779,0.953125,0.13132858276367188
12021,291,,,2018-08-04 21:25:16.811331,0.90625,0.29704615473747253
12022,292,,,2018-08-04 21:25:17.740737,1.0,0.06722968071699142
12023,293,,,2018-08-04 21:25:18.660976,0.96875,0.12382631003856659
12024,294,,,2018-08-04 21:25:19.552420,0.953125,0.1381024420261383
12025,295,,,2018-08-04 21:25:20.535347,0.953125,0.14947327971458435
12026,296,,,2018-08-04 21:25:21.490835,0.953125,0.15154659748077393
12027,297,,,2018-08-04 21:25:22.423209,0.96875,0.13987775146961212
12028,298,,,2018-08-04 21:25:23.391151,0.984375,0.09025036543607712
12029,299,,,2018-08-04 21:25:24.421608,0.953125,0.19826382398605347
12030,300,0.6653,1.3567723035812378,2018-08-04 21:25:25.345145,0.9375,0.16760821640491486
12031,301,,,2018-08-04 21:26:17.217050,0.921875,0.1984376758337021
12032,302,,,2018-08-04 21:26:18.159721,0.984375,0.10495076328516006
12033,303,,,2018-08-04 21:26:19.022368,0.921875,0.17721697688102722
12034,304,,,2018-08-04 21:26:19.908276,0.9375,0.26942479610443115
12035,305,,,2018-08-04 21:26:20.841661,0.921875,0.2388087958097458
12036,306,,,2018-08-04 21:26:21.777417,0.9375,0.13360872864723206
12037,307,,,2018-08-04 21:26:22.640730,0.96875,0.09655715525150299
12038,308,,,2018-08-04 21:26:23.507593,0.96875,0.231351837515831
12039,309,,,2018-08-04 21:26:24.371691,0.96875,0.20308464765548706
12040,310,,,2018-08-04 21:26:25.282463,0.984375,0.17786024510860443
12041,311,,,2018-08-04 21:26:26.213734,0.96875,0.12223944813013077
12042,312,,,2018-08-04 21:26:27.178898,0.96875,0.09767314791679382
12043,313,,,2018-08-04 21:26:28.131492,0.953125,0.15795078873634338
12044,314,,,2018-08-04 21:26:29.056023,0.984375,0.08721983432769775
12045,315,,,2018-08-04 21:26:30.077088,0.90625,0.2694448232650757
12046,316,,,2018-08-04 21:26:31.096384,0.90625,0.23844070732593536
12047,317,,,2018-08-04 21:26:32.102078,0.96875,0.09617812186479568
12048,318,,,2018-08-04 21:26:32.979569,0.96875,0.09356033802032471
12049,319,,,2018-08-04 21:26:33.877980,0.9375,0.23273220658302307
12050,320,0.6651,1.3576438426971436,2018-08-04 21:26:34.769593,0.984375,0.09022898226976395
12051,321,,,2018-08-04 21:27:26.899564,0.984375,0.1304665058851242
12052,322,,,2018-08-04 21:27:27.809072,0.984375,0.09389594942331314
12053,323,,,2018-08-04 21:27:28.701800,0.96875,0.1634431779384613
12054,324,,,2018-08-04 21:27:29.624191,0.953125,0.15764561295509338
12055,325,,,2018-08-04 21:27:30.556134,0.96875,0.11761068552732468
12056,326,,,2018-08-04 21:27:31.447301,0.96875,0.10695015639066696
12057,327,,,2018-08-04 21:27:32.418584,0.953125,0.1802004724740982
12058,328,,,2018-08-04 21:27:33.376558,0.921875,0.3005739748477936
12059,329,,,2018-08-04 21:27:34.265971,0.953125,0.21280939877033234
12060,330,,,2018-08-04 21:27:35.186899,0.984375,0.09398531913757324
12061,331,,,2018-08-04 21:27:36.202552,1.0,0.07535557448863983
12062,332,,,2018-08-04 21:27:37.199738,0.9375,0.1876571923494339
12063,333,,,2018-08-04 21:27:38.168371,0.953125,0.20240435004234314
12064,334,,,2018-08-04 21:27:39.051297,0.984375,0.099982850253582
12065,335,,,2018-08-04 21:27:39.915806,0.875,0.28399136662483215
12066,336,,,2018-08-04 21:27:40.801847,0.9375,0.24881260097026825
12067,337,,,2018-08-04 21:27:41.671974,0.96875,0.13111628592014313
12068,338,,,2018-08-04 21:27:42.611677,0.921875,0.22066983580589294
12069,339,,,2018-08-04 21:27:43.513885,0.953125,0.1672416478395462
12070,340,0.6656,1.3578828573226929,2018-08-04 21:27:44.454238,0.921875,0.1989022046327591
12071,341,,,2018-08-04 21:28:37.137927,0.921875,0.16653326153755188
12072,342,,,2018-08-04 21:28:38.131411,0.984375,0.14116795361042023
12073,343,,,2018-08-04 21:28:39.076693,0.9375,0.16718213260173798
12074,344,,,2018-08-04 21:28:40.047302,1.0,0.0777168869972229
12075,345,,,2018-08-04 21:28:40.993696,1.0,0.06573036313056946
12076,346,,,2018-08-04 21:28:41.953166,0.9375,0.2183253914117813
12077,347,,,2018-08-04 21:28:42.962892,0.9375,0.1409420520067215
12078,348,,,2018-08-04 21:28:43.960934,0.953125,0.23059622943401337
12079,349,,,2018-08-04 21:28:44.941803,0.96875,0.16789531707763672
12080,350,,,2018-08-04 21:28:45.824286,0.90625,0.22116966545581818
12081,351,,,2018-08-04 21:28:46.745399,0.984375,0.1192651242017746
12082,352,,,2018-08-04 21:28:47.652561,0.953125,0.1543647199869156
12083,353,,,2018-08-04 21:28:48.568020,0.96875,0.1404634565114975
12084,354,,,2018-08-04 21:28:49.526172,0.90625,0.32142373919487
12085,355,,,2018-08-04 21:28:50.466548,0.90625,0.22179076075553894
12086,356,,,2018-08-04 21:28:51.368677,0.96875,0.14580485224723816
12087,357,,,2018-08-04 21:28:52.279476,0.953125,0.18690551817417145
12088,358,,,2018-08-04 21:28:53.260602,0.96875,0.14773814380168915
12089,359,,,2018-08-04 21:28:54.196117,1.0,0.07670256495475769
12090,360,0.6651,1.3589329719543457,2018-08-04 21:28:55.136838,0.96875,0.1567527949810028
12091,361,,,2018-08-04 21:29:47.399395,1.0,0.06796178221702576
12092,362,,,2018-08-04 21:29:48.436501,0.953125,0.1546797752380371
12093,363,,,2018-08-04 21:29:49.313800,0.984375,0.1030200645327568
12094,364,,,2018-08-04 21:29:50.266442,0.984375,0.118810273706913
12095,365,,,2018-08-04 21:29:51.145904,0.96875,0.15724803507328033
12096,366,,,2018-08-04 21:29:52.025993,0.96875,0.16659925878047943
12097,367,,,2018-08-04 21:29:52.864991,0.9375,0.18443627655506134
12098,368,,,2018-08-04 21:29:53.808132,0.921875,0.17552660405635834
12099,369,,,2018-08-04 21:29:54.755928,0.890625,0.22862327098846436
12100,370,,,2018-08-04 21:29:55.671063,0.953125,0.15632151067256927
12101,371,,,2018-08-04 21:29:56.566605,0.953125,0.1728246510028839
12102,372,,,2018-08-04 21:29:57.438703,0.984375,0.15062215924263
12103,373,,,2018-08-04 21:29:58.379676,0.96875,0.18439066410064697
12104,374,,,2018-08-04 21:29:59.313029,0.96875,0.13480904698371887
12105,375,,,2018-08-04 21:30:00.232331,0.953125,0.14974254369735718
12106,376,,,2018-08-04 21:30:01.087234,0.921875,0.26560553908348083
12107,377,,,2018-08-04 21:30:02.030025,0.96875,0.12523119151592255
12108,378,,,2018-08-04 21:30:02.923759,0.90625,0.29028934240341187
12109,379,,,2018-08-04 21:30:03.774721,0.96875,0.12073718756437302
12110,380,0.6651,1.3601720333099365,2018-08-04 21:30:04.741279,0.984375,0.11134952306747437
12111,381,,,2018-08-04 21:30:54.234149,0.9375,0.18857508897781372
12112,382,,,2018-08-04 21:30:55.170685,0.921875,0.22894757986068726
12113,383,,,2018-08-04 21:30:56.067469,0.96875,0.16276343166828156
12114,384,,,2018-08-04 21:30:57.010770,0.953125,0.18534602224826813
12115,385,,,2018-08-04 21:30:57.960382,0.921875,0.15528981387615204
12116,386,,,2018-08-04 21:30:58.866955,0.953125,0.1895877867937088
12117,387,,,2018-08-04 21:30:59.799011,0.96875,0.20189115405082703
12118,388,,,2018-08-04 21:31:00.681984,0.96875,0.12513341009616852
12119,389,,,2018-08-04 21:31:01.637680,0.96875,0.11990684270858765
12120,390,,,2018-08-04 21:31:02.536214,0.953125,0.16004127264022827
12121,391,,,2018-08-04 21:31:03.499443,0.90625,0.2909698784351349
12122,392,,,2018-08-04 21:31:04.389208,0.96875,0.11238682270050049
12123,393,,,2018-08-04 21:31:05.245210,0.984375,0.15431097149848938
12124,394,,,2018-08-04 21:31:06.150539,0.953125,0.14407293498516083
12125,395,,,2018-08-04 21:31:07.036315,0.984375,0.13534101843833923
12126,396,,,2018-08-04 21:31:07.856605,0.96875,0.12003865092992783
12127,397,,,2018-08-04 21:31:08.647371,1.0,0.07498413324356079
12128,398,,,2018-08-04 21:31:09.512150,0.953125,0.12240108847618103
12129,399,,,2018-08-04 21:31:10.383907,0.921875,0.23543231189250946
12130,400,0.6651,1.3605835437774658,2018-08-04 21:31:11.262138,0.96875,0.1378411203622818
12131,401,,,2018-08-04 21:32:02.964342,0.96875,0.1111193522810936
12132,402,,,2018-08-04 21:32:03.801362,0.96875,0.18332640826702118
12133,403,,,2018-08-04 21:32:04.707929,0.921875,0.29688870906829834
12134,404,,,2018-08-04 21:32:05.685748,0.984375,0.10266505181789398
12135,405,,,2018-08-04 21:32:06.617335,0.96875,0.1333591639995575
12136,406,,,2018-08-04 21:32:07.516244,0.921875,0.19666436314582825
12137,407,,,2018-08-04 21:32:08.378663,0.984375,0.10380963981151581
12138,408,,,2018-08-04 21:32:09.257792,0.953125,0.14923441410064697
12139,409,,,2018-08-04 21:32:10.235957,0.953125,0.1437320113182068
12140,410,,,2018-08-04 21:32:11.199460,0.984375,0.07999120652675629
12141,411,,,2018-08-04 21:32:12.173457,0.953125,0.21305711567401886
12142,412,,,2018-08-04 21:32:13.067172,0.984375,0.0950465276837349
12143,413,,,2018-08-04 21:32:13.986521,0.96875,0.1927739381790161
12144,414,,,2018-08-04 21:32:14.961904,1.0,0.04320043325424194
12145,415,,,2018-08-04 21:32:15.931084,0.96875,0.09899944067001343
12146,416,,,2018-08-04 21:32:16.848334,0.9375,0.15103411674499512
12147,417,,,2018-08-04 21:32:17.752184,0.953125,0.10957887023687363
12148,418,,,2018-08-04 21:32:18.648947,0.953125,0.1905273050069809
12149,419,,,2018-08-04 21:32:19.527549,0.96875,0.12774881720542908
12150,420,0.6641,1.3607971668243408,2018-08-04 21:32:20.401711,0.96875,0.10384363681077957
12151,421,,,2018-08-04 21:33:12.355070,0.9375,0.15334723889827728
12152,422,,,2018-08-04 21:33:13.261157,0.96875,0.10383228212594986
12153,423,,,2018-08-04 21:33:14.171267,1.0,0.06833048164844513
12154,424,,,2018-08-04 21:33:15.167350,0.953125,0.12452009320259094
12155,425,,,2018-08-04 21:33:16.092017,0.953125,0.16222986578941345
12156,426,,,2018-08-04 21:33:16.991360,0.9375,0.18032768368721008
12157,427,,,2018-08-04 21:33:17.911103,0.90625,0.21956604719161987
12158,428,,,2018-08-04 21:33:18.811942,0.96875,0.21697178483009338
12159,429,,,2018-08-04 21:33:19.663732,0.984375,0.07930795103311539
12160,430,,,2018-08-04 21:33:20.546381,0.953125,0.21045157313346863
12161,431,,,2018-08-04 21:33:21.443488,0.90625,0.2256309688091278
12162,432,,,2018-08-04 21:33:22.351938,0.953125,0.1752607673406601
12163,433,,,2018-08-04 21:33:23.269664,0.953125,0.16982337832450867
12164,434,,,2018-08-04 21:33:24.124742,0.9375,0.16453103721141815
12165,435,,,2018-08-04 21:33:25.065119,0.984375,0.13022148609161377
12166,436,,,2018-08-04 21:33:25.994392,0.96875,0.12593284249305725
12167,437,,,2018-08-04 21:33:26.889548,0.953125,0.19899877905845642
12168,438,,,2018-08-04 21:33:27.791588,0.953125,0.12980826199054718
12169,439,,,2018-08-04 21:33:28.735158,0.9375,0.15227410197257996
12170,440,0.6649,1.3611409664154053,2018-08-04 21:33:29.690434,0.953125,0.1575026959180832
12171,441,,,2018-08-04 21:34:22.049003,0.9375,0.2408698946237564
12172,442,,,2018-08-04 21:34:23.024782,0.984375,0.09841756522655487
12173,443,,,2018-08-04 21:34:23.958292,0.921875,0.23422271013259888
12174,444,,,2018-08-04 21:34:24.840724,1.0,0.08972340822219849
12175,445,,,2018-08-04 21:34:25.779427,0.953125,0.17976289987564087
12176,446,,,2018-08-04 21:34:26.724367,0.984375,0.12133911997079849
12177,447,,,2018-08-04 21:34:27.630776,0.953125,0.13229699432849884
12178,448,,,2018-08-04 21:34:28.560666,0.921875,0.21825622022151947
12179,449,,,2018-08-04 21:34:29.462495,0.953125,0.17563772201538086
12180,450,,,2018-08-04 21:34:30.498484,0.984375,0.11091744899749756
12181,451,,,2018-08-04 21:34:31.443063,0.9375,0.1516319215297699
12182,452,,,2018-08-04 21:34:32.374808,0.984375,0.11497336626052856
12183,453,,,2018-08-04 21:34:33.287418,0.953125,0.1322697550058365
12184,454,,,2018-08-04 21:34:34.195606,0.9375,0.1349470615386963
12185,455,,,2018-08-04 21:34:35.135978,0.96875,0.12563754618167877
12186,456,,,2018-08-04 21:34:36.118912,0.9375,0.22330768406391144
12187,457,,,2018-08-04 21:34:37.062051,0.96875,0.11560430377721786
12188,458,,,2018-08-04 21:34:38.029634,0.984375,0.0721975639462471
12189,459,,,2018-08-04 21:34:38.930649,0.921875,0.16700389981269836
12190,460,0.6658,1.3616743087768555,2018-08-04 21:34:39.857825,0.921875,0.24356168508529663
12191,461,,,2018-08-04 21:35:32.319650,0.953125,0.18426385521888733
12192,462,,,2018-08-04 21:35:33.291808,0.984375,0.07610516250133514
12193,463,,,2018-08-04 21:35:34.136205,0.9375,0.17574751377105713
12194,464,,,2018-08-04 21:35:34.995934,0.96875,0.1482803076505661
12195,465,,,2018-08-04 21:35:35.887633,0.984375,0.0880633294582367
12196,466,,,2018-08-04 21:35:36.747079,0.953125,0.11580557376146317
12197,467,,,2018-08-04 21:35:37.663593,0.953125,0.11820872128009796
12198,468,,,2018-08-04 21:35:38.552839,0.984375,0.12920831143856049
12199,469,,,2018-08-04 21:35:39.553679,0.9375,0.17987306416034698
12200,470,,,2018-08-04 21:35:40.567557,0.96875,0.20698729157447815
12201,471,,,2018-08-04 21:35:41.541270,0.921875,0.2543492019176483
12202,472,,,2018-08-04 21:35:42.462385,0.96875,0.16347578167915344
12203,473,,,2018-08-04 21:35:43.451164,1.0,0.10849102586507797
12204,474,,,2018-08-04 21:35:44.401954,0.96875,0.20041204988956451
12205,475,,,2018-08-04 21:35:45.363471,0.984375,0.14148327708244324
12206,476,,,2018-08-04 21:35:46.306503,0.984375,0.12373132258653641
12207,477,,,2018-08-04 21:35:47.177784,0.953125,0.24566636979579926
12208,478,,,2018-08-04 21:35:48.134516,0.9375,0.16319283843040466
12209,479,,,2018-08-04 21:35:49.025251,0.984375,0.1275641918182373
12210,480,0.6655,1.3621376752853394,2018-08-04 21:35:49.952504,0.984375,0.061331816017627716
12211,481,,,2018-08-04 21:36:40.825082,0.953125,0.17047221958637238
12212,482,,,2018-08-04 21:36:41.773763,0.96875,0.11271420866250992
12213,483,,,2018-08-04 21:36:42.737252,0.9375,0.3148970901966095
12214,484,,,2018-08-04 21:36:43.647653,0.984375,0.0845407247543335
12215,485,,,2018-08-04 21:36:44.582591,0.96875,0.1307293325662613
12216,486,,,2018-08-04 21:36:45.541584,0.9375,0.2291591316461563
12217,487,,,2018-08-04 21:36:46.497120,0.953125,0.10639459639787674
12218,488,,,2018-08-04 21:36:47.457641,1.0,0.08503704518079758
12219,489,,,2018-08-04 21:36:48.428582,0.890625,0.2921745777130127
12220,490,,,2018-08-04 21:36:49.395878,0.984375,0.13570669293403625
12221,491,,,2018-08-04 21:36:50.391579,0.984375,0.19615259766578674
12222,492,,,2018-08-04 21:36:51.378416,1.0,0.08728505671024323
12223,493,,,2018-08-04 21:36:52.318997,1.0,0.07391534745693207
12224,494,,,2018-08-04 21:36:53.240801,0.96875,0.18541967868804932
12225,495,,,2018-08-04 21:36:54.185871,0.921875,0.17571747303009033
12226,496,,,2018-08-04 21:36:55.185055,0.96875,0.10221479088068008
12227,497,,,2018-08-04 21:36:56.067174,0.921875,0.2539132833480835
12228,498,,,2018-08-04 21:36:56.983508,1.0,0.06697956472635269
12229,499,,,2018-08-04 21:36:57.874383,0.984375,0.06317779421806335
12230,500,0.6648,1.363004446029663,2018-08-04 21:36:58.766130,0.96875,0.146576926112175
12231,501,,,2018-08-04 21:37:50.704129,0.953125,0.205281063914299
12232,502,,,2018-08-04 21:37:51.599999,0.921875,0.22075985372066498
12233,503,,,2018-08-04 21:37:52.514862,0.90625,0.23932400345802307
12234,504,,,2018-08-04 21:37:53.485024,0.984375,0.13968005776405334
12235,505,,,2018-08-04 21:37:54.340170,0.96875,0.1117740049958229
12236,506,,,2018-08-04 21:37:55.167152,0.953125,0.19012980163097382
12237,507,,,2018-08-04 21:37:56.087717,0.953125,0.14151346683502197
12238,508,,,2018-08-04 21:37:56.983329,0.96875,0.13436666131019592
12239,509,,,2018-08-04 21:37:57.950910,0.9375,0.2191333919763565
12240,510,,,2018-08-04 21:37:58.865426,0.9375,0.1408313363790512
12241,511,,,2018-08-04 21:37:59.708521,0.921875,0.18693025410175323
12242,512,,,2018-08-04 21:38:00.523326,0.96875,0.13563881814479828
12243,513,,,2018-08-04 21:38:01.432439,0.9375,0.1983564794063568
12244,514,,,2018-08-04 21:38:02.439187,0.984375,0.08585529029369354
12245,515,,,2018-08-04 21:38:03.357838,0.9375,0.2249959260225296
12246,516,,,2018-08-04 21:38:04.329295,0.984375,0.09073435515165329
12247,517,,,2018-08-04 21:38:05.256132,0.9375,0.13265392184257507
12248,518,,,2018-08-04 21:38:06.288176,0.9375,0.1465468853712082
12249,519,,,2018-08-04 21:38:07.206385,0.984375,0.1110379621386528
12250,520,0.6654,1.363087773323059,2018-08-04 21:38:08.044324,0.9375,0.1512475311756134
12251,521,,,2018-08-04 21:39:00.790315,0.96875,0.11846940964460373
12252,522,,,2018-08-04 21:39:01.698884,0.984375,0.08944475650787354
12253,523,,,2018-08-04 21:39:02.578782,0.96875,0.09521671384572983
12254,524,,,2018-08-04 21:39:03.496355,0.921875,0.17771443724632263
12255,525,,,2018-08-04 21:39:04.369753,0.96875,0.1203862726688385
12256,526,,,2018-08-04 21:39:05.295235,0.890625,0.20850913226604462
12257,527,,,2018-08-04 21:39:06.214910,0.953125,0.15180331468582153
12258,528,,,2018-08-04 21:39:07.137964,1.0,0.06837955117225647
12259,529,,,2018-08-04 21:39:08.051701,0.953125,0.12098972499370575
12260,530,,,2018-08-04 21:39:08.956982,0.953125,0.19101983308792114
12261,531,,,2018-08-04 21:39:09.857070,0.984375,0.1019100472331047
12262,532,,,2018-08-04 21:39:10.759429,0.921875,0.15496642887592316
12263,533,,,2018-08-04 21:39:11.734333,0.9375,0.1666477471590042
12264,534,,,2018-08-04 21:39:12.660053,0.921875,0.1460159569978714
12265,535,,,2018-08-04 21:39:13.625349,0.921875,0.16848403215408325
12266,536,,,2018-08-04 21:39:14.515201,0.953125,0.23883777856826782
12267,537,,,2018-08-04 21:39:15.506740,0.953125,0.21177023649215698
12268,538,,,2018-08-04 21:39:16.476168,0.96875,0.13731272518634796
12269,539,,,2018-08-04 21:39:17.431604,0.96875,0.14890523254871368
12270,540,0.6653,1.3635765314102173,2018-08-04 21:39:18.365194,0.96875,0.10687462240457535
12271,541,,,2018-08-04 21:40:09.844088,0.953125,0.1550799459218979
12272,542,,,2018-08-04 21:40:10.802782,0.984375,0.14465664327144623
12273,543,,,2018-08-04 21:40:11.704750,0.9375,0.1384848952293396
12274,544,,,2018-08-04 21:40:12.629976,0.953125,0.12679927051067352
12275,545,,,2018-08-04 21:40:13.564387,0.90625,0.24580781161785126
12276,546,,,2018-08-04 21:40:14.462532,0.875,0.2345004379749298
12277,547,,,2018-08-04 21:40:15.294390,0.90625,0.3212480843067169
12278,548,,,2018-08-04 21:40:16.185140,1.0,0.09873589128255844
12279,549,,,2018-08-04 21:40:17.070903,0.953125,0.2537216544151306
12280,550,,,2018-08-04 21:40:18.029588,0.921875,0.1642361283302307
12281,551,,,2018-08-04 21:40:19.005893,0.9375,0.2125776708126068
12282,552,,,2018-08-04 21:40:19.910346,0.96875,0.13262146711349487
12283,553,,,2018-08-04 21:40:20.868494,0.96875,0.1327349990606308
12284,554,,,2018-08-04 21:40:21.737491,0.9375,0.15340016782283783
12285,555,,,2018-08-04 21:40:22.645976,0.9375,0.2206878364086151
12286,556,,,2018-08-04 21:40:23.585555,0.96875,0.14828045666217804
12287,557,,,2018-08-04 21:40:24.569122,0.953125,0.1907181739807129
12288,558,,,2018-08-04 21:40:25.496165,0.953125,0.1953706294298172
12289,559,,,2018-08-04 21:40:26.391503,0.984375,0.1326017528772354
12290,560,0.6651,1.364349603652954,2018-08-04 21:40:27.261902,1.0,0.06756067276000977
12291,561,,,2018-08-04 21:41:18.846045,0.96875,0.1460334211587906
12292,562,,,2018-08-04 21:41:19.771574,0.9375,0.34007471799850464
12293,563,,,2018-08-04 21:41:20.788374,0.984375,0.07350198924541473
12294,564,,,2018-08-04 21:41:21.716425,0.984375,0.09225461632013321
12295,565,,,2018-08-04 21:41:22.683701,0.984375,0.11535018682479858
12296,566,,,2018-08-04 21:41:23.568482,0.96875,0.16023419797420502
12297,567,,,2018-08-04 21:41:24.451992,1.0,0.061360880732536316
12298,568,,,2018-08-04 21:41:25.400005,0.984375,0.07187189906835556
12299,569,,,2018-08-04 21:41:26.329496,0.984375,0.1307576447725296
12300,570,,,2018-08-04 21:41:27.187956,0.953125,0.11328049004077911
12301,571,,,2018-08-04 21:41:28.102838,0.953125,0.12726816534996033
12302,572,,,2018-08-04 21:41:29.020052,0.9375,0.12158280611038208
12303,573,,,2018-08-04 21:41:29.899701,0.96875,0.11014372110366821
12304,574,,,2018-08-04 21:41:30.793250,0.921875,0.2609161138534546
12305,575,,,2018-08-04 21:41:31.601214,0.96875,0.1393396109342575
12306,576,,,2018-08-04 21:41:32.442906,0.96875,0.15339383482933044
12307,577,,,2018-08-04 21:41:33.370098,0.96875,0.10558562725782394
12308,578,,,2018-08-04 21:41:34.294661,0.96875,0.12083326280117035
12309,579,,,2018-08-04 21:41:35.224750,0.9375,0.14305654168128967
12310,580,0.6656,1.3646509647369385,2018-08-04 21:41:36.080824,1.0,0.07599055767059326
12311,581,,,2018-08-04 21:42:28.813835,0.9375,0.1529649943113327
12312,582,,,2018-08-04 21:42:29.784170,0.984375,0.09687820076942444
12313,583,,,2018-08-04 21:42:30.688462,0.96875,0.12271188199520111
12314,584,,,2018-08-04 21:42:31.611252,0.96875,0.12835443019866943
12315,585,,,2018-08-04 21:42:32.507587,0.96875,0.2246885597705841
12316,586,,,2018-08-04 21:42:33.365652,0.90625,0.2748147249221802
12317,587,,,2018-08-04 21:42:34.263707,0.953125,0.1305667757987976
12318,588,,,2018-08-04 21:42:35.150260,1.0,0.0732390508055687
12319,589,,,2018-08-04 21:42:36.071077,0.9375,0.1289091259241104
12320,590,,,2018-08-04 21:42:37.057446,0.984375,0.07632669806480408
12321,591,,,2018-08-04 21:42:38.043058,0.953125,0.1603739857673645
12322,592,,,2018-08-04 21:42:38.920429,0.96875,0.13676980137825012
12323,593,,,2018-08-04 21:42:39.827298,0.96875,0.1021108627319336
12324,594,,,2018-08-04 21:42:40.737160,0.953125,0.22289279103279114
12325,595,,,2018-08-04 21:42:41.737987,0.984375,0.10898243635892868
12326,596,,,2018-08-04 21:42:42.708918,0.953125,0.17795714735984802
12327,597,,,2018-08-04 21:42:43.600369,0.984375,0.08396978676319122
12328,598,,,2018-08-04 21:42:44.424451,0.953125,0.16662727296352386
12329,599,,,2018-08-04 21:42:45.352349,0.984375,0.1508721262216568
12330,600,0.6647,1.3651374578475952,2018-08-04 21:42:46.281958,0.953125,0.19816669821739197
12331,601,,,2018-08-04 21:43:39.484729,0.9375,0.18955005705356598
12332,602,,,2018-08-04 21:43:40.455046,1.0,0.08672312647104263
12333,603,,,2018-08-04 21:43:41.399998,0.9375,0.21579261124134064
12334,604,,,2018-08-04 21:43:42.380938,0.953125,0.12226584553718567
12335,605,,,2018-08-04 21:43:43.303272,0.984375,0.08433853834867477
12336,606,,,2018-08-04 21:43:44.312668,0.953125,0.14886562526226044
12337,607,,,2018-08-04 21:43:45.377672,1.0,0.07819322496652603
12338,608,,,2018-08-04 21:43:46.322906,0.953125,0.1416643112897873
12339,609,,,2018-08-04 21:43:47.242936,0.96875,0.1101895272731781
12340,610,,,2018-08-04 21:43:48.217571,0.9375,0.16596649587154388
12341,611,,,2018-08-04 21:43:49.168877,1.0,0.08242616802453995
12342,612,,,2018-08-04 21:43:50.039253,0.9375,0.20601852238178253
12343,613,,,2018-08-04 21:43:50.935796,0.921875,0.16382089257240295
12344,614,,,2018-08-04 21:43:51.844860,0.96875,0.233831986784935
12345,615,,,2018-08-04 21:43:52.737960,0.9375,0.12908625602722168
12346,616,,,2018-08-04 21:43:53.623805,0.9375,0.17072121798992157
12347,617,,,2018-08-04 21:43:54.445568,0.96875,0.16618697345256805
12348,618,,,2018-08-04 21:43:55.327198,0.953125,0.13133159279823303
12349,619,,,2018-08-04 21:43:56.320157,0.96875,0.08530856668949127
12350,620,0.6647,1.3648408651351929,2018-08-04 21:43:57.282944,0.96875,0.11797793954610825
12351,621,,,2018-08-04 21:44:50.370069,0.921875,0.2026607096195221
12352,622,,,2018-08-04 21:44:51.280681,0.953125,0.1499718427658081
12353,623,,,2018-08-04 21:44:52.277929,0.96875,0.13682135939598083
12354,624,,,2018-08-04 21:44:53.230137,0.96875,0.14314134418964386
12355,625,,,2018-08-04 21:44:54.167126,0.984375,0.08664467185735703
12356,626,,,2018-08-04 21:44:55.032452,1.0,0.07801487296819687
12357,627,,,2018-08-04 21:44:55.916340,0.984375,0.15727241337299347
12358,628,,,2018-08-04 21:44:56.792746,0.953125,0.18110936880111694
12359,629,,,2018-08-04 21:44:57.762106,0.96875,0.17222236096858978
12360,630,,,2018-08-04 21:44:58.728556,0.953125,0.1379951685667038
12361,631,,,2018-08-04 21:44:59.672454,0.9375,0.15532293915748596
12362,632,,,2018-08-04 21:45:00.587996,0.96875,0.10291900485754013
12363,633,,,2018-08-04 21:45:01.597260,0.96875,0.09200617671012878
12364,634,,,2018-08-04 21:45:02.516338,0.96875,0.10322222113609314
12365,635,,,2018-08-04 21:45:03.371352,0.96875,0.11928386241197586
12366,636,,,2018-08-04 21:45:04.337515,0.96875,0.09919686615467072
12367,637,,,2018-08-04 21:45:05.312200,0.96875,0.10775149613618851
12368,638,,,2018-08-04 21:45:06.318640,0.984375,0.15053296089172363
12369,639,,,2018-08-04 21:45:07.308873,0.9375,0.24140936136245728
12370,640,0.6652,1.3651446104049683,2018-08-04 21:45:08.326176,0.984375,0.09655911475419998
12371,641,,,2018-08-04 21:45:57.540517,0.953125,0.15884943306446075
12372,642,,,2018-08-04 21:45:58.446105,1.0,0.09783098846673965
12373,643,,,2018-08-04 21:45:59.362080,0.96875,0.10058612376451492
12374,644,,,2018-08-04 21:46:00.225260,0.953125,0.1954191029071808
12375,645,,,2018-08-04 21:46:01.110770,0.90625,0.2542107105255127
12376,646,,,2018-08-04 21:46:02.096880,0.984375,0.1068207398056984
12377,647,,,2018-08-04 21:46:02.984811,0.921875,0.1698029637336731
12378,648,,,2018-08-04 21:46:03.929191,1.0,0.06742316484451294
12379,649,,,2018-08-04 21:46:04.864772,0.921875,0.2590769827365875
12380,650,,,2018-08-04 21:46:05.763088,0.96875,0.15846538543701172
12381,651,,,2018-08-04 21:46:06.682987,0.984375,0.13587290048599243
12382,652,,,2018-08-04 21:46:07.598821,0.96875,0.1365174502134323
12383,653,,,2018-08-04 21:46:08.538333,0.96875,0.09867852926254272
12384,654,,,2018-08-04 21:46:09.457268,1.0,0.09447652846574783
12385,655,,,2018-08-04 21:46:10.368350,0.96875,0.15105223655700684
12386,656,,,2018-08-04 21:46:11.359192,0.984375,0.12001895159482956
12387,657,,,2018-08-04 21:46:12.314986,0.953125,0.17456871271133423
12388,658,,,2018-08-04 21:46:13.258663,1.0,0.05774165317416191
12389,659,,,2018-08-04 21:46:14.197056,0.9375,0.19384615123271942
12390,660,0.6651,1.3654625415802002,2018-08-04 21:46:15.070330,0.953125,0.1373557299375534
12391,661,,,2018-08-04 21:47:07.523721,0.96875,0.20138019323349
12392,662,,,2018-08-04 21:47:08.528323,0.96875,0.13737565279006958
12393,663,,,2018-08-04 21:47:09.524197,0.96875,0.10900896042585373
12394,664,,,2018-08-04 21:47:10.500068,0.921875,0.17431415617465973
12395,665,,,2018-08-04 21:47:11.446626,0.953125,0.16562485694885254
12396,666,,,2018-08-04 21:47:12.391964,0.96875,0.14635930955410004
12397,667,,,2018-08-04 21:47:13.289215,0.953125,0.11594148725271225
12398,668,,,2018-08-04 21:47:14.215228,0.96875,0.1259697824716568
12399,669,,,2018-08-04 21:47:15.120993,0.953125,0.18106704950332642
12400,670,,,2018-08-04 21:47:16.063419,0.984375,0.09522450715303421
12401,671,,,2018-08-04 21:47:17.055267,0.9375,0.13862544298171997
12402,672,,,2018-08-04 21:47:18.020697,1.0,0.07478038221597672
12403,673,,,2018-08-04 21:47:19.026798,0.953125,0.22127406299114227
12404,674,,,2018-08-04 21:47:19.962220,0.984375,0.1372317522764206
12405,675,,,2018-08-04 21:47:20.920188,0.96875,0.10962375998497009
12406,676,,,2018-08-04 21:47:21.906199,0.890625,0.23837372660636902
12407,677,,,2018-08-04 21:47:22.924372,0.96875,0.09688105434179306
12408,678,,,2018-08-04 21:47:23.871060,0.953125,0.17179302871227264
12409,679,,,2018-08-04 21:47:24.713619,0.96875,0.08843103796243668
12410,680,0.6652,1.3663643598556519,2018-08-04 21:47:25.626352,0.921875,0.1884210854768753
12411,681,,,2018-08-04 21:48:18.298888,0.96875,0.09793609380722046
12412,682,,,2018-08-04 21:48:19.217093,0.984375,0.09178762882947922
12413,683,,,2018-08-04 21:48:20.083223,0.984375,0.08686389774084091
12414,684,,,2018-08-04 21:48:21.002832,0.9375,0.23288807272911072
12415,685,,,2018-08-04 21:48:21.954984,0.953125,0.12819838523864746
12416,686,,,2018-08-04 21:48:22.913722,0.90625,0.20316095650196075
12417,687,,,2018-08-04 21:48:23.893943,0.890625,0.3724212944507599
12418,688,,,2018-08-04 21:48:24.783515,0.953125,0.2770775556564331
12419,689,,,2018-08-04 21:48:25.635110,0.953125,0.10846516489982605
12420,690,,,2018-08-04 21:48:26.564648,0.96875,0.1025843471288681
12421,691,,,2018-08-04 21:48:27.543860,0.984375,0.09557867050170898
12422,692,,,2018-08-04 21:48:28.446371,0.96875,0.12090898305177689
12423,693,,,2018-08-04 21:48:29.418548,0.9375,0.27063584327697754
12424,694,,,2018-08-04 21:48:30.381551,0.984375,0.12005419284105301
12425,695,,,2018-08-04 21:48:31.316055,0.890625,0.2038232535123825
12426,696,,,2018-08-04 21:48:32.255502,0.984375,0.13504542410373688
12427,697,,,2018-08-04 21:48:33.226519,0.96875,0.20374366641044617
12428,698,,,2018-08-04 21:48:34.185566,0.984375,0.09673242270946503
12429,699,,,2018-08-04 21:48:35.078333,0.9375,0.17545421421527863
12430,700,0.6655,1.3668129444122314,2018-08-04 21:48:36.026983,0.96875,0.08254455775022507
12431,701,,,2018-08-04 21:49:27.976575,0.921875,0.22443978488445282
12432,702,,,2018-08-04 21:49:28.885598,0.9375,0.20445004105567932
12433,703,,,2018-08-04 21:49:29.872800,0.953125,0.16695448756217957
12434,704,,,2018-08-04 21:49:30.862774,0.953125,0.1279156655073166
12435,705,,,2018-08-04 21:49:31.755797,0.96875,0.16511304676532745
12436,706,,,2018-08-04 21:49:32.663416,0.953125,0.13047631084918976
12437,707,,,2018-08-04 21:49:33.581130,0.96875,0.1422480046749115
12438,708,,,2018-08-04 21:49:34.512025,0.96875,0.13933679461479187
12439,709,,,2018-08-04 21:49:35.413705,0.96875,0.14219553768634796
12440,710,,,2018-08-04 21:49:36.326564,0.984375,0.11662711948156357
12441,711,,,2018-08-04 21:49:37.279070,0.96875,0.1102062538266182
12442,712,,,2018-08-04 21:49:38.218314,0.96875,0.1268748939037323
12443,713,,,2018-08-04 21:49:39.173661,0.984375,0.12398454546928406
12444,714,,,2018-08-04 21:49:39.984275,0.96875,0.13312216103076935
12445,715,,,2018-08-04 21:49:40.936982,0.953125,0.23424191772937775
12446,716,,,2018-08-04 21:49:41.902525,0.953125,0.17371635138988495
12447,717,,,2018-08-04 21:49:42.906606,0.953125,0.186189204454422
12448,718,,,2018-08-04 21:49:43.916668,0.984375,0.10778937488794327
12449,719,,,2018-08-04 21:49:44.923229,0.984375,0.12617793679237366
12450,720,0.6654,1.36712646484375,2018-08-04 21:49:45.879217,0.953125,0.12740465998649597
12451,721,,,2018-08-04 21:50:37.078620,0.984375,0.07779895514249802
12452,722,,,2018-08-04 21:50:37.861271,0.921875,0.24779494106769562
12453,723,,,2018-08-04 21:50:38.768450,0.90625,0.3054850101470947
12454,724,,,2018-08-04 21:50:39.688107,0.953125,0.12764900922775269
12455,725,,,2018-08-04 21:50:40.612560,0.953125,0.12682725489139557
12456,726,,,2018-08-04 21:50:41.584050,0.953125,0.116466224193573
12457,727,,,2018-08-04 21:50:42.428464,0.96875,0.12494560331106186
12458,728,,,2018-08-04 21:50:43.300860,0.953125,0.13529174029827118
12459,729,,,2018-08-04 21:50:44.168040,0.921875,0.2238883078098297
12460,730,,,2018-08-04 21:50:45.025224,0.953125,0.2181871235370636
12461,731,,,2018-08-04 21:50:45.901014,0.96875,0.2053622454404831
12462,732,,,2018-08-04 21:50:46.774939,0.984375,0.0748184472322464
12463,733,,,2018-08-04 21:50:47.736843,0.953125,0.17550723254680634
12464,734,,,2018-08-04 21:50:48.665655,0.9375,0.12969836592674255
12465,735,,,2018-08-04 21:50:49.615190,1.0,0.08496400713920593
12466,736,,,2018-08-04 21:50:50.502998,0.953125,0.08631177246570587
12467,737,,,2018-08-04 21:50:51.454734,0.984375,0.15114152431488037
12468,738,,,2018-08-04 21:50:52.463572,0.9375,0.1667230874300003
12469,739,,,2018-08-04 21:50:53.336112,0.9375,0.19090144336223602
12470,740,0.666,1.3671281337738037,2018-08-04 21:50:54.269516,0.9375,0.14803871512413025
12471,741,,,2018-08-04 21:51:44.689046,0.953125,0.15950118005275726
12472,742,,,2018-08-04 21:51:45.614661,0.921875,0.2623580992221832
12473,743,,,2018-08-04 21:51:46.568741,0.953125,0.1291300654411316
12474,744,,,2018-08-04 21:51:47.511097,1.0,0.07792931795120239
12475,745,,,2018-08-04 21:51:48.489029,0.984375,0.11626560240983963
12476,746,,,2018-08-04 21:51:49.398629,1.0,0.0587618462741375
12477,747,,,2018-08-04 21:51:50.387598,0.953125,0.15546056628227234
12478,748,,,2018-08-04 21:51:51.374236,0.9375,0.1370704174041748
12479,749,,,2018-08-04 21:51:52.431311,0.953125,0.08445616066455841
12480,750,,,2018-08-04 21:51:53.455694,0.96875,0.17566533386707306
12481,751,,,2018-08-04 21:51:54.406958,0.96875,0.12064461410045624
12482,752,,,2018-08-04 21:51:55.350914,0.96875,0.1242593303322792
12483,753,,,2018-08-04 21:51:56.332073,0.984375,0.12782199680805206
12484,754,,,2018-08-04 21:51:57.354379,0.921875,0.25402387976646423
12485,755,,,2018-08-04 21:51:58.222656,0.9375,0.21513965725898743
12486,756,,,2018-08-04 21:51:59.103231,0.96875,0.15809811651706696
12487,757,,,2018-08-04 21:52:00.043526,0.9375,0.2657405436038971
12488,758,,,2018-08-04 21:52:00.970913,0.984375,0.06360035389661789
12489,759,,,2018-08-04 21:52:01.983446,0.9375,0.17500074207782745
12490,760,0.6653,1.368251919746399,2018-08-04 21:52:02.985083,0.921875,0.2650355100631714
12491,761,,,2018-08-04 21:52:52.436408,0.984375,0.08975674957036972
12492,762,,,2018-08-04 21:52:53.295857,0.96875,0.22380481660366058
12493,763,,,2018-08-04 21:52:54.199474,0.96875,0.14828845858573914
12494,764,,,2018-08-04 21:52:55.088977,0.96875,0.0996079221367836
12495,765,,,2018-08-04 21:52:56.080836,0.96875,0.09270567446947098
12496,766,,,2018-08-04 21:52:57.048660,0.984375,0.09698528796434402
12497,767,,,2018-08-04 21:52:58.056917,0.953125,0.17246057093143463
12498,768,,,2018-08-04 21:52:58.995655,0.953125,0.2037207931280136
12499,769,,,2018-08-04 21:52:59.972239,0.96875,0.1073019951581955
12500,770,,,2018-08-04 21:53:00.894446,0.96875,0.12279422581195831
12501,771,,,2018-08-04 21:53:01.864662,0.953125,0.22290243208408356
12502,772,,,2018-08-04 21:53:02.698492,0.90625,0.2458265870809555
12503,773,,,2018-08-04 21:53:03.569697,0.9375,0.2523571252822876
12504,774,,,2018-08-04 21:53:04.491041,0.96875,0.10715967416763306
12505,775,,,2018-08-04 21:53:05.395496,0.984375,0.07465822994709015
12506,776,,,2018-08-04 21:53:06.429982,0.921875,0.23562151193618774
12507,777,,,2018-08-04 21:53:07.432688,0.890625,0.2045586109161377
12508,778,,,2018-08-04 21:53:08.379166,0.96875,0.09656684845685959
12509,779,,,2018-08-04 21:53:09.383333,0.953125,0.13977321982383728
12510,780,0.6649,1.3694007396697998,2018-08-04 21:53:10.343065,0.984375,0.13401749730110168
12511,781,,,2018-08-04 21:53:55.657446,1.0,0.06951773166656494
12512,0,,,2018-08-04 21:54:47.444876,0.953125,0.23472552001476288
12513,1,,,2018-08-04 21:54:48.418365,0.984375,0.09858914464712143
12514,2,,,2018-08-04 21:54:49.350980,0.953125,0.20024485886096954
12515,3,,,2018-08-04 21:54:50.261668,1.0,0.04597509279847145
12516,4,,,2018-08-04 21:54:51.167913,0.953125,0.13086113333702087
12517,5,,,2018-08-04 21:54:52.068589,0.90625,0.20406751334667206
12518,6,,,2018-08-04 21:54:52.954235,0.96875,0.11145874112844467
12519,7,,,2018-08-04 21:54:53.911218,0.953125,0.17819449305534363
12520,8,,,2018-08-04 21:54:54.837364,0.984375,0.09596716612577438
12521,9,,,2018-08-04 21:54:55.778302,0.96875,0.14387260377407074
12522,10,,,2018-08-04 21:54:56.630717,0.984375,0.15740305185317993
12523,11,,,2018-08-04 21:54:57.561119,0.96875,0.12061606347560883
12524,12,,,2018-08-04 21:54:58.437142,0.953125,0.14112643897533417
12525,13,,,2018-08-04 21:54:59.295035,0.9375,0.205565944314003
12526,14,,,2018-08-04 21:55:00.135615,0.9375,0.2541491687297821
12527,15,,,2018-08-04 21:55:01.082359,0.96875,0.1433301419019699
12528,16,,,2018-08-04 21:55:01.999406,0.9375,0.23130132257938385
12529,17,,,2018-08-04 21:55:02.920012,0.984375,0.08389286696910858
12530,18,,,2018-08-04 21:55:03.879909,0.953125,0.166207417845726
12531,19,,,2018-08-04 21:55:04.781992,0.9375,0.1829988956451416
12532,20,0.6646,1.3697352409362793,2018-08-04 21:55:05.658818,0.953125,0.14890016615390778
12533,21,,,2018-08-04 21:55:55.983084,0.9375,0.20077639818191528
12534,22,,,2018-08-04 21:55:57.026982,0.984375,0.10984601080417633
12535,23,,,2018-08-04 21:55:57.989266,1.0,0.06336915493011475
12536,24,,,2018-08-04 21:55:58.934991,0.96875,0.14884398877620697
12537,25,,,2018-08-04 21:55:59.897549,0.96875,0.17542286217212677
12538,26,,,2018-08-04 21:56:00.814372,0.984375,0.09697666764259338
12539,27,,,2018-08-04 21:56:01.733815,0.9375,0.18274572491645813
12540,28,,,2018-08-04 21:56:02.632889,0.953125,0.19040122628211975
12541,29,,,2018-08-04 21:56:03.551228,0.96875,0.18128380179405212
12542,30,,,2018-08-04 21:56:04.431853,0.953125,0.1354379951953888
12543,31,,,2018-08-04 21:56:05.295715,0.921875,0.25581011176109314
12544,32,,,2018-08-04 21:56:06.226071,0.984375,0.09692471474409103
12545,33,,,2018-08-04 21:56:07.208883,0.96875,0.15648004412651062
12546,34,,,2018-08-04 21:56:08.098871,0.96875,0.1261284500360489
12547,35,,,2018-08-04 21:56:08.988296,0.953125,0.2450835257768631
12548,36,,,2018-08-04 21:56:09.913842,0.9375,0.11508401483297348
12549,37,,,2018-08-04 21:56:10.823849,0.984375,0.12337552756071091
12550,38,,,2018-08-04 21:56:11.746336,0.96875,0.15184853971004486
12551,39,,,2018-08-04 21:56:12.625039,0.984375,0.11257348954677582
12552,40,0.664,1.3701257705688477,2018-08-04 21:56:13.553676,0.953125,0.13015826046466827
12553,41,,,2018-08-04 21:57:03.862093,0.90625,0.19213886559009552
12554,42,,,2018-08-04 21:57:04.799785,0.953125,0.1643994301557541
12555,43,,,2018-08-04 21:57:05.676374,0.96875,0.1324390172958374
12556,44,,,2018-08-04 21:57:06.591210,0.984375,0.12026333808898926
12557,45,,,2018-08-04 21:57:07.502442,0.984375,0.13094742596149445
12558,46,,,2018-08-04 21:57:08.394439,0.984375,0.12889748811721802
12559,47,,,2018-08-04 21:57:09.303476,0.9375,0.1941528618335724
12560,48,,,2018-08-04 21:57:10.243706,0.90625,0.19012165069580078
12561,49,,,2018-08-04 21:57:11.224839,0.9375,0.13828855752944946
12562,50,,,2018-08-04 21:57:12.208124,0.984375,0.08277937769889832
12563,51,,,2018-08-04 21:57:13.167143,0.984375,0.08424123376607895
12564,52,,,2018-08-04 21:57:14.053603,0.9375,0.1623609960079193
12565,53,,,2018-08-04 21:57:14.968174,0.9375,0.14455299079418182
12566,54,,,2018-08-04 21:57:15.906104,0.9375,0.1945754438638687
12567,55,,,2018-08-04 21:57:16.806755,0.953125,0.13150086998939514
12568,56,,,2018-08-04 21:57:17.713506,0.96875,0.10620217025279999
12569,57,,,2018-08-04 21:57:18.673878,1.0,0.054732032120227814
12570,58,,,2018-08-04 21:57:19.648679,1.0,0.10248411446809769
12571,59,,,2018-08-04 21:57:20.577457,0.96875,0.14460745453834534
12572,60,0.6644,1.3705593347549438,2018-08-04 21:57:21.431239,0.984375,0.12343568354845047
12573,61,,,2018-08-04 21:58:12.490759,0.96875,0.23124030232429504
12574,62,,,2018-08-04 21:58:13.421320,0.9375,0.15365682542324066
12575,63,,,2018-08-04 21:58:14.262354,0.96875,0.12386753410100937
12576,64,,,2018-08-04 21:58:15.068085,0.953125,0.13855904340744019
12577,65,,,2018-08-04 21:58:15.972454,0.9375,0.17568740248680115
12578,66,,,2018-08-04 21:58:16.874984,0.9375,0.29859408736228943
12579,67,,,2018-08-04 21:58:17.874383,0.9375,0.32787996530532837
12580,68,,,2018-08-04 21:58:18.898783,0.984375,0.07158292829990387
12581,69,,,2018-08-04 21:58:19.869803,0.96875,0.14864671230316162
12582,70,,,2018-08-04 21:58:20.789540,0.9375,0.1680530607700348
12583,71,,,2018-08-04 21:58:21.726433,0.984375,0.09170959144830704
12584,72,,,2018-08-04 21:58:22.618029,0.96875,0.1334998905658722
12585,73,,,2018-08-04 21:58:23.613477,0.984375,0.10190713405609131
12586,74,,,2018-08-04 21:58:24.575692,0.921875,0.28777194023132324
12587,75,,,2018-08-04 21:58:25.495942,0.984375,0.14966151118278503
12588,76,,,2018-08-04 21:58:26.368242,0.96875,0.11680711805820465
12589,77,,,2018-08-04 21:58:27.334380,0.921875,0.22124071419239044
12590,78,,,2018-08-04 21:58:28.277727,1.0,0.08102606236934662
12591,79,,,2018-08-04 21:58:29.156390,0.953125,0.13810907304286957
12592,80,0.6642,1.3710664510726929,2018-08-04 21:58:30.002317,0.9375,0.19328267872333527
12593,81,,,2018-08-04 21:59:22.868351,0.984375,0.116419717669487
12594,82,,,2018-08-04 21:59:23.766979,0.984375,0.10656365007162094
12595,83,,,2018-08-04 21:59:24.683849,0.984375,0.13604608178138733
12596,84,,,2018-08-04 21:59:25.596874,0.9375,0.13287076354026794
12597,85,,,2018-08-04 21:59:26.534222,0.953125,0.11787110567092896
12598,86,,,2018-08-04 21:59:27.461676,0.953125,0.1695498526096344
12599,87,,,2018-08-04 21:59:28.391624,0.953125,0.1230710819363594
12600,88,,,2018-08-04 21:59:29.382937,0.96875,0.1545863300561905
12601,89,,,2018-08-04 21:59:30.271676,0.921875,0.17686747014522552
12602,90,,,2018-08-04 21:59:31.090696,0.984375,0.10528361797332764
12603,91,,,2018-08-04 21:59:32.031634,0.953125,0.1900169998407364
12604,92,,,2018-08-04 21:59:32.879704,0.96875,0.14499430358409882
12605,93,,,2018-08-04 21:59:33.777033,0.96875,0.12009982019662857
12606,94,,,2018-08-04 21:59:34.747348,0.953125,0.17523698508739471
12607,95,,,2018-08-04 21:59:35.730636,0.984375,0.08239655196666718
12608,96,,,2018-08-04 21:59:36.706433,0.984375,0.1082136332988739
12609,97,,,2018-08-04 21:59:37.656505,0.953125,0.12976016104221344
12610,98,,,2018-08-04 21:59:38.519660,0.984375,0.11121796071529388
12611,99,,,2018-08-04 21:59:39.523805,0.96875,0.10952235013246536
12612,100,0.6642,1.3718620538711548,2018-08-04 21:59:40.495672,0.90625,0.2133704125881195
12613,101,,,2018-08-04 22:00:31.799285,0.921875,0.21473869681358337
12614,102,,,2018-08-04 22:00:32.739758,0.96875,0.12020435929298401
12615,103,,,2018-08-04 22:00:33.682737,0.953125,0.16807764768600464
12616,104,,,2018-08-04 22:00:34.585505,0.890625,0.23339198529720306
12617,105,,,2018-08-04 22:00:35.441624,0.953125,0.11041690409183502
12618,106,,,2018-08-04 22:00:36.365317,0.953125,0.11764758825302124
12619,107,,,2018-08-04 22:00:37.255463,0.921875,0.1762622594833374
12620,108,,,2018-08-04 22:00:38.222296,0.984375,0.09338516741991043
12621,109,,,2018-08-04 22:00:39.107009,0.921875,0.2521323263645172
12622,110,,,2018-08-04 22:00:40.009509,0.953125,0.1629040539264679
12623,111,,,2018-08-04 22:00:40.817353,0.96875,0.13012263178825378
12624,112,,,2018-08-04 22:00:41.713273,0.96875,0.12393562495708466
12625,113,,,2018-08-04 22:00:42.634682,0.96875,0.1062435582280159
12626,114,,,2018-08-04 22:00:43.539022,0.984375,0.11493758857250214
12627,115,,,2018-08-04 22:00:44.466265,0.953125,0.14219331741333008
12628,116,,,2018-08-04 22:00:45.416943,1.0,0.07172339409589767
12629,117,,,2018-08-04 22:00:46.304597,0.984375,0.13358967006206512
12630,118,,,2018-08-04 22:00:47.250859,0.953125,0.170930877327919
12631,119,,,2018-08-04 22:00:48.242546,0.9375,0.19083000719547272
12632,120,0.664,1.3724100589752197,2018-08-04 22:00:49.226496,0.96875,0.1408393681049347
12633,121,,,2018-08-04 22:01:40.735955,0.953125,0.14305059611797333
12634,122,,,2018-08-04 22:01:41.705586,0.96875,0.1390540599822998
12635,123,,,2018-08-04 22:01:42.622447,0.984375,0.09799716621637344
12636,124,,,2018-08-04 22:01:43.543182,0.96875,0.16367700695991516
12637,125,,,2018-08-04 22:01:44.497487,0.9375,0.24589653313159943
12638,126,,,2018-08-04 22:01:45.425274,0.96875,0.13097138702869415
12639,127,,,2018-08-04 22:01:46.355186,0.953125,0.170445054769516
12640,128,,,2018-08-04 22:01:47.229693,0.953125,0.12137334793806076
12641,129,,,2018-08-04 22:01:48.175363,0.984375,0.1023598313331604
12642,130,,,2018-08-04 22:01:49.148437,0.984375,0.08290110528469086
12643,131,,,2018-08-04 22:01:50.070770,0.953125,0.15387152135372162
12644,132,,,2018-08-04 22:01:50.913974,0.96875,0.16290488839149475
12645,133,,,2018-08-04 22:01:51.812201,0.96875,0.10969408601522446
12646,134,,,2018-08-04 22:01:52.704938,0.96875,0.2158070206642151
12647,135,,,2018-08-04 22:01:53.605376,0.96875,0.1262235939502716
12648,136,,,2018-08-04 22:01:54.463493,1.0,0.07721243798732758
12649,137,,,2018-08-04 22:01:55.322167,0.9375,0.14682811498641968
12650,138,,,2018-08-04 22:01:56.264917,0.953125,0.26735198497772217
12651,139,,,2018-08-04 22:01:57.239167,0.984375,0.09560663998126984
12652,140,0.664,1.3732997179031372,2018-08-04 22:01:58.239855,0.984375,0.18267123401165009
12653,141,,,2018-08-04 22:02:48.532604,0.9375,0.16120074689388275
12654,142,,,2018-08-04 22:02:49.577339,0.96875,0.16435256600379944
12655,143,,,2018-08-04 22:02:50.550089,1.0,0.058166392147541046
12656,144,,,2018-08-04 22:02:51.550259,0.953125,0.12595103681087494
12657,145,,,2018-08-04 22:02:52.526071,0.96875,0.1223372220993042
12658,146,,,2018-08-04 22:02:53.577359,0.984375,0.22822736203670502
12659,147,,,2018-08-04 22:02:54.569235,1.0,0.1032639667391777
12660,148,,,2018-08-04 22:02:55.523111,0.90625,0.2326383739709854
12661,149,,,2018-08-04 22:02:56.475762,0.890625,0.17807549238204956
12662,150,,,2018-08-04 22:02:57.410197,0.953125,0.15689946711063385
12663,151,,,2018-08-04 22:02:58.301784,1.0,0.14710505306720734
12664,152,,,2018-08-04 22:02:59.239627,0.984375,0.07690534740686417
12665,153,,,2018-08-04 22:03:00.148670,0.984375,0.12153554707765579
12666,154,,,2018-08-04 22:03:01.080914,0.96875,0.14368319511413574
12667,155,,,2018-08-04 22:03:01.964313,0.953125,0.1291319578886032
12668,156,,,2018-08-04 22:03:02.858094,1.0,0.0683988705277443
12669,157,,,2018-08-04 22:03:03.795842,0.984375,0.09339340031147003
12670,158,,,2018-08-04 22:03:04.668135,0.96875,0.09365030378103256
12671,159,,,2018-08-04 22:03:05.538678,0.953125,0.15538156032562256
12672,160,0.664,1.3739988803863525,2018-08-04 22:03:06.442922,0.953125,0.1944628357887268
12673,161,,,2018-08-04 22:04:00.328617,0.96875,0.117505744099617
12674,162,,,2018-08-04 22:04:01.259901,0.953125,0.13021011650562286
12675,163,,,2018-08-04 22:04:02.183423,0.9375,0.10598663240671158
12676,164,,,2018-08-04 22:04:03.064208,0.953125,0.16567011177539825
12677,165,,,2018-08-04 22:04:04.005686,0.921875,0.16885952651500702
12678,166,,,2018-08-04 22:04:04.929875,0.984375,0.10729808360338211
12679,167,,,2018-08-04 22:04:05.763860,0.96875,0.16871294379234314
12680,168,,,2018-08-04 22:04:06.707929,0.984375,0.09627975523471832
12681,169,,,2018-08-04 22:04:07.606250,0.9375,0.1784462034702301
12682,170,,,2018-08-04 22:04:08.520042,0.953125,0.14199337363243103
12683,171,,,2018-08-04 22:04:09.377734,0.9375,0.18970783054828644
12684,172,,,2018-08-04 22:04:10.278366,0.9375,0.20163112878799438
12685,173,,,2018-08-04 22:04:11.206073,0.984375,0.10512475669384003
12686,174,,,2018-08-04 22:04:12.176863,0.96875,0.09866511076688766
12687,175,,,2018-08-04 22:04:13.135563,0.9375,0.178489089012146
12688,176,,,2018-08-04 22:04:14.072911,0.96875,0.1772974282503128
12689,177,,,2018-08-04 22:04:14.989619,0.90625,0.1687414050102234
12690,178,,,2018-08-04 22:04:15.897373,0.953125,0.10511312633752823
12691,179,,,2018-08-04 22:04:16.828074,0.9375,0.16919100284576416
12692,180,0.6646,1.3739664554595947,2018-08-04 22:04:17.732542,0.984375,0.07723440229892731
12693,181,,,2018-08-04 22:05:11.433752,1.0,0.08050800859928131
12694,182,,,2018-08-04 22:05:12.348691,0.953125,0.13424569368362427
12695,183,,,2018-08-04 22:05:13.247730,0.984375,0.12319234013557434
12696,184,,,2018-08-04 22:05:14.135339,0.953125,0.12102839350700378
12697,185,,,2018-08-04 22:05:15.120003,0.96875,0.12828329205513
12698,186,,,2018-08-04 22:05:16.064729,0.921875,0.18142734467983246
12699,187,,,2018-08-04 22:05:17.011514,0.96875,0.13210411369800568
12700,188,,,2018-08-04 22:05:17.972904,0.984375,0.11682543903589249
12701,189,,,2018-08-04 22:05:18.989507,0.90625,0.21094423532485962
12702,190,,,2018-08-04 22:05:19.908703,0.953125,0.18100132048130035
12703,191,,,2018-08-04 22:05:20.905512,0.984375,0.10328695178031921
12704,192,,,2018-08-04 22:05:21.884102,0.984375,0.09797713160514832
12705,193,,,2018-08-04 22:05:22.901684,1.0,0.06027461960911751
12706,194,,,2018-08-04 22:05:23.831968,0.984375,0.08245712518692017
12707,195,,,2018-08-04 22:05:24.821519,1.0,0.05596251040697098
12708,196,,,2018-08-04 22:05:25.703602,0.921875,0.20453864336013794
12709,197,,,2018-08-04 22:05:26.553733,0.953125,0.15274980664253235
12710,198,,,2018-08-04 22:05:27.451505,0.890625,0.29787322878837585
12711,199,,,2018-08-04 22:05:28.377929,0.96875,0.0927879586815834
12712,200,0.6653,1.3746072053909302,2018-08-04 22:05:29.364207,0.9375,0.16961011290550232
12713,201,,,2018-08-04 22:06:20.668362,0.96875,0.12001590430736542
12714,202,,,2018-08-04 22:06:21.577118,0.9375,0.1679011434316635
12715,203,,,2018-08-04 22:06:22.445981,0.96875,0.1371985822916031
12716,204,,,2018-08-04 22:06:23.366979,0.9375,0.13630129396915436
12717,205,,,2018-08-04 22:06:24.289687,0.9375,0.2545853555202484
12718,206,,,2018-08-04 22:06:25.166799,0.9375,0.17888252437114716
12719,207,,,2018-08-04 22:06:26.057293,0.9375,0.19238735735416412
12720,208,,,2018-08-04 22:06:26.993888,0.984375,0.17186690866947174
12721,209,,,2018-08-04 22:06:27.931794,0.984375,0.19427508115768433
12722,210,,,2018-08-04 22:06:28.898231,0.953125,0.1623006910085678
12723,211,,,2018-08-04 22:06:29.880111,0.953125,0.13114668428897858
12724,212,,,2018-08-04 22:06:30.797531,0.984375,0.13266468048095703
12725,213,,,2018-08-04 22:06:31.630704,1.0,0.06311269849538803
12726,214,,,2018-08-04 22:06:32.561579,0.984375,0.10446455329656601
12727,215,,,2018-08-04 22:06:33.439306,0.984375,0.11893877387046814
12728,216,,,2018-08-04 22:06:34.353195,0.96875,0.16127300262451172
12729,217,,,2018-08-04 22:06:35.227988,0.984375,0.06859543919563293
12730,218,,,2018-08-04 22:06:36.103148,0.953125,0.15738284587860107
12731,219,,,2018-08-04 22:06:37.034697,0.96875,0.1992865949869156
12732,220,0.6648,1.3744789361953735,2018-08-04 22:06:37.943669,0.953125,0.16358806192874908
12733,221,,,2018-08-04 22:07:29.821061,0.984375,0.10669267177581787
12734,222,,,2018-08-04 22:07:30.686256,0.984375,0.12427357584238052
12735,223,,,2018-08-04 22:07:31.610682,0.984375,0.1518273502588272
12736,224,,,2018-08-04 22:07:32.492321,0.96875,0.11833596974611282
12737,225,,,2018-08-04 22:07:33.418477,0.984375,0.0981537401676178
12738,226,,,2018-08-04 22:07:34.346633,0.984375,0.0774800106883049
12739,227,,,2018-08-04 22:07:35.189246,0.96875,0.1617908626794815
12740,228,,,2018-08-04 22:07:36.076300,0.921875,0.1978946030139923
12741,229,,,2018-08-04 22:07:37.051295,0.9375,0.18197382986545563
12742,230,,,2018-08-04 22:07:38.039485,0.96875,0.1549391746520996
12743,231,,,2018-08-04 22:07:38.964804,0.953125,0.1938519924879074
12744,232,,,2018-08-04 22:07:39.932695,0.96875,0.10120638459920883
12745,233,,,2018-08-04 22:07:40.880895,0.984375,0.07899925112724304
12746,234,,,2018-08-04 22:07:41.922949,0.921875,0.2417166382074356
12747,235,,,2018-08-04 22:07:42.897861,0.9375,0.17212148010730743
12748,236,,,2018-08-04 22:07:43.750615,0.96875,0.09565997868776321
12749,237,,,2018-08-04 22:07:44.669929,0.953125,0.15914905071258545
12750,238,,,2018-08-04 22:07:45.568067,0.9375,0.2074965536594391
12751,239,,,2018-08-04 22:07:46.553368,0.953125,0.12074168771505356
12752,240,0.6648,1.3747128248214722,2018-08-04 22:07:47.450554,0.953125,0.11834435164928436
12753,241,,,2018-08-04 22:08:40.054012,0.984375,0.09298480302095413
12754,242,,,2018-08-04 22:08:40.929224,0.953125,0.14537180960178375
12755,243,,,2018-08-04 22:08:41.905794,1.0,0.04245075583457947
12756,244,,,2018-08-04 22:08:42.846070,0.921875,0.2060909867286682
12757,245,,,2018-08-04 22:08:43.770216,0.984375,0.15795482695102692
12758,246,,,2018-08-04 22:08:44.668828,0.984375,0.08249058574438095
12759,247,,,2018-08-04 22:08:45.562764,0.953125,0.14193320274353027
12760,248,,,2018-08-04 22:08:46.538120,0.953125,0.18170760571956635
12761,249,,,2018-08-04 22:08:47.569577,0.96875,0.1444648653268814
12762,250,,,2018-08-04 22:08:48.551556,0.984375,0.10049276053905487
12763,251,,,2018-08-04 22:08:49.535082,0.96875,0.1457545906305313
12764,252,,,2018-08-04 22:08:50.515675,1.0,0.0857153907418251
12765,253,,,2018-08-04 22:08:51.521563,0.9375,0.17192105948925018
12766,254,,,2018-08-04 22:08:52.393701,0.96875,0.10911059379577637
12767,255,,,2018-08-04 22:08:53.322089,0.921875,0.22217915952205658
12768,256,,,2018-08-04 22:08:54.214225,0.921875,0.2882554233074188
12769,257,,,2018-08-04 22:08:55.253341,0.96875,0.14611107110977173
12770,258,,,2018-08-04 22:08:56.208393,0.96875,0.08480064570903778
12771,259,,,2018-08-04 22:08:57.149403,0.9375,0.1262194961309433
12772,260,0.665,1.3751822710037231,2018-08-04 22:08:58.106066,0.96875,0.11002963781356812
12773,261,,,2018-08-04 22:09:48.381121,0.96875,0.08695846050977707
12774,262,,,2018-08-04 22:09:49.342225,0.96875,0.15495362877845764
12775,263,,,2018-08-04 22:09:50.287709,0.9375,0.2176039218902588
12776,264,,,2018-08-04 22:09:51.275908,0.921875,0.29739585518836975
12777,265,,,2018-08-04 22:09:52.282993,0.953125,0.12176442891359329
12778,266,,,2018-08-04 22:09:53.162371,0.953125,0.1674751490354538
12779,267,,,2018-08-04 22:09:54.046994,0.96875,0.17340423166751862
12780,268,,,2018-08-04 22:09:54.974709,0.953125,0.15804456174373627
12781,269,,,2018-08-04 22:09:55.864792,0.96875,0.10797912627458572
12782,270,,,2018-08-04 22:09:56.847718,0.953125,0.16379019618034363
12783,271,,,2018-08-04 22:09:57.823904,0.953125,0.11935296654701233
12784,272,,,2018-08-04 22:09:58.747626,0.953125,0.14520864188671112
12785,273,,,2018-08-04 22:09:59.691647,0.984375,0.08502938598394394
12786,274,,,2018-08-04 22:10:00.699302,0.984375,0.08997637033462524
12787,275,,,2018-08-04 22:10:01.713334,0.96875,0.13845115900039673
12788,276,,,2018-08-04 22:10:02.582569,0.9375,0.17041893303394318
12789,277,,,2018-08-04 22:10:03.451922,0.96875,0.14655296504497528
12790,278,,,2018-08-04 22:10:04.345969,1.0,0.07964815944433212
12791,279,,,2018-08-04 22:10:05.178057,0.9375,0.20066042244434357
12792,280,0.6647,1.3752552270889282,2018-08-04 22:10:06.019338,0.96875,0.09620460867881775
12793,281,,,2018-08-04 22:10:57.631348,0.953125,0.12809860706329346
12794,282,,,2018-08-04 22:10:58.547139,0.984375,0.0879916250705719
12795,283,,,2018-08-04 22:10:59.408365,0.953125,0.17910242080688477
12796,284,,,2018-08-04 22:11:00.325418,1.0,0.07825954258441925
12797,285,,,2018-08-04 22:11:01.243431,0.984375,0.13557809591293335
12798,286,,,2018-08-04 22:11:02.227775,0.953125,0.14767524600028992
12799,287,,,2018-08-04 22:11:03.195146,0.984375,0.14582300186157227
12800,288,,,2018-08-04 22:11:04.167101,0.9375,0.19127832353115082
12801,289,,,2018-08-04 22:11:05.120764,0.96875,0.14758971333503723
12802,290,,,2018-08-04 22:11:06.111696,0.96875,0.11432436853647232
12803,291,,,2018-08-04 22:11:07.129776,0.984375,0.12009943276643753
12804,292,,,2018-08-04 22:11:08.031119,1.0,0.07860369980335236
12805,293,,,2018-08-04 22:11:08.926866,0.921875,0.21361850202083588
12806,294,,,2018-08-04 22:11:09.854615,0.96875,0.12473706156015396
12807,295,,,2018-08-04 22:11:10.802486,0.984375,0.11201514303684235
12808,296,,,2018-08-04 22:11:11.695920,0.984375,0.11013520509004593
12809,297,,,2018-08-04 22:11:12.564839,0.90625,0.18317262828350067
12810,298,,,2018-08-04 22:11:13.464083,0.9375,0.16711904108524323
12811,299,,,2018-08-04 22:11:14.473282,0.96875,0.11652173101902008
12812,300,0.665,1.375630497932434,2018-08-04 22:11:15.514993,0.953125,0.13514500856399536
12813,301,,,2018-08-04 22:12:06.968871,0.9375,0.1913510262966156
12814,302,,,2018-08-04 22:12:07.933392,0.96875,0.10022486746311188
12815,303,,,2018-08-04 22:12:08.879030,0.921875,0.20232735574245453
12816,304,,,2018-08-04 22:12:09.860011,0.96875,0.1790003776550293
12817,305,,,2018-08-04 22:12:10.742789,0.9375,0.11667419970035553
12818,306,,,2018-08-04 22:12:11.675026,0.921875,0.15296243131160736
12819,307,,,2018-08-04 22:12:12.651393,0.984375,0.10373505204916
12820,308,,,2018-08-04 22:12:13.683039,0.9375,0.15531475841999054
12821,309,,,2018-08-04 22:12:14.634927,0.9375,0.2274928092956543
12822,310,,,2018-08-04 22:12:15.589575,0.96875,0.11131380498409271
12823,311,,,2018-08-04 22:12:16.463214,0.96875,0.11233563721179962
12824,312,,,2018-08-04 22:12:17.315774,0.984375,0.09856463968753815
12825,313,,,2018-08-04 22:12:18.245194,0.953125,0.15859949588775635
12826,314,,,2018-08-04 22:12:19.224020,0.90625,0.26972681283950806
12827,315,,,2018-08-04 22:12:20.183089,1.0,0.08170722424983978
12828,316,,,2018-08-04 22:12:21.051702,0.96875,0.1262378990650177
12829,317,,,2018-08-04 22:12:21.920575,0.96875,0.15978850424289703
12830,318,,,2018-08-04 22:12:22.883729,0.953125,0.1403503566980362
12831,319,,,2018-08-04 22:12:23.876147,0.96875,0.12217285484075546
12832,320,0.6645,1.3760719299316406,2018-08-04 22:12:24.883537,0.984375,0.07993452996015549
12833,321,,,2018-08-04 22:13:16.482308,0.9375,0.24357710778713226
12834,322,,,2018-08-04 22:13:17.349247,0.96875,0.1392800360918045
12835,323,,,2018-08-04 22:13:18.281926,0.9375,0.2378050535917282
12836,324,,,2018-08-04 22:13:19.208460,0.953125,0.20606112480163574
12837,325,,,2018-08-04 22:13:20.111764,1.0,0.08173836767673492
12838,326,,,2018-08-04 22:13:21.110354,0.9375,0.14803184568881989
12839,327,,,2018-08-04 22:13:22.082906,0.984375,0.06521501392126083
12840,328,,,2018-08-04 22:13:22.973199,0.90625,0.2108951359987259
12841,329,,,2018-08-04 22:13:23.870838,1.0,0.06001871079206467
12842,330,,,2018-08-04 22:13:24.803698,0.984375,0.07288197427988052
12843,331,,,2018-08-04 22:13:25.704386,0.984375,0.09021542221307755
12844,332,,,2018-08-04 22:13:26.575263,0.96875,0.1310659497976303
12845,333,,,2018-08-04 22:13:27.523571,0.9375,0.20715586841106415
12846,334,,,2018-08-04 22:13:28.455047,0.9375,0.17615196108818054
12847,335,,,2018-08-04 22:13:29.376090,0.984375,0.12670525908470154
12848,336,,,2018-08-04 22:13:30.394237,0.96875,0.09181568771600723
12849,337,,,2018-08-04 22:13:31.304519,0.953125,0.12819933891296387
12850,338,,,2018-08-04 22:13:32.225049,0.96875,0.07862904667854309
12851,339,,,2018-08-04 22:13:33.117255,0.9375,0.19573399424552917
12852,340,0.6636,1.3763483762741089,2018-08-04 22:13:34.007736,0.921875,0.20799976587295532
12853,341,,,2018-08-04 22:14:25.186414,0.953125,0.1518631875514984
12854,342,,,2018-08-04 22:14:26.073095,0.96875,0.15095235407352448
12855,343,,,2018-08-04 22:14:27.000222,0.953125,0.21208953857421875
12856,344,,,2018-08-04 22:14:27.910083,0.953125,0.15327969193458557
12857,345,,,2018-08-04 22:14:28.784691,0.953125,0.18617777526378632
12858,346,,,2018-08-04 22:14:29.656190,0.953125,0.11678823828697205
12859,347,,,2018-08-04 22:14:30.490293,0.96875,0.12366843223571777
12860,348,,,2018-08-04 22:14:31.421640,0.953125,0.1308656930923462
12861,349,,,2018-08-04 22:14:32.272331,0.953125,0.12130262702703476
12862,350,,,2018-08-04 22:14:33.209572,0.96875,0.18340839445590973
12863,351,,,2018-08-04 22:14:34.115274,0.96875,0.13574658334255219
12864,352,,,2018-08-04 22:14:34.937579,1.0,0.05534781888127327
12865,353,,,2018-08-04 22:14:35.869475,0.96875,0.12048372626304626
12866,354,,,2018-08-04 22:14:36.690244,0.953125,0.13984404504299164
12867,355,,,2018-08-04 22:14:37.616002,0.96875,0.11553025245666504
12868,356,,,2018-08-04 22:14:38.488892,0.984375,0.10616530478000641
12869,357,,,2018-08-04 22:14:39.312883,0.96875,0.19011949002742767
12870,358,,,2018-08-04 22:14:40.202713,0.953125,0.1505805253982544
12871,359,,,2018-08-04 22:14:41.035616,0.9375,0.22930467128753662
12872,360,0.6641,1.3771284818649292,2018-08-04 22:14:41.870162,1.0,0.09070765227079391
12873,361,,,2018-08-04 22:15:34.364991,0.953125,0.1580590009689331
12874,362,,,2018-08-04 22:15:35.272587,0.984375,0.0853823721408844
12875,363,,,2018-08-04 22:15:36.173901,0.984375,0.09454334527254105
12876,364,,,2018-08-04 22:15:37.093285,0.984375,0.152714803814888
12877,365,,,2018-08-04 22:15:37.970504,0.953125,0.1606418639421463
12878,366,,,2018-08-04 22:15:38.941124,0.96875,0.12295686453580856
12879,367,,,2018-08-04 22:15:39.830339,0.984375,0.1518472135066986
12880,368,,,2018-08-04 22:15:40.775528,0.953125,0.14179107546806335
12881,369,,,2018-08-04 22:15:41.760201,0.953125,0.151056706905365
12882,370,,,2018-08-04 22:15:42.800114,0.96875,0.1326874941587448
12883,371,,,2018-08-04 22:15:43.755743,0.96875,0.1444568932056427
12884,372,,,2018-08-04 22:15:44.637719,0.9375,0.14987847208976746
12885,373,,,2018-08-04 22:15:45.569486,0.96875,0.10999423265457153
12886,374,,,2018-08-04 22:15:46.408486,0.96875,0.0939410850405693
12887,375,,,2018-08-04 22:15:47.370376,0.921875,0.20206524431705475
12888,376,,,2018-08-04 22:15:48.278193,0.984375,0.06417260318994522
12889,377,,,2018-08-04 22:15:49.226889,0.984375,0.08357671648263931
12890,378,,,2018-08-04 22:15:50.268551,0.9375,0.20425786077976227
12891,379,,,2018-08-04 22:15:51.215332,0.984375,0.08420276641845703
12892,380,0.6651,1.3772598505020142,2018-08-04 22:15:52.185163,0.953125,0.21279898285865784
12893,381,,,2018-08-04 22:16:45.273704,0.984375,0.1170952245593071
12894,382,,,2018-08-04 22:16:46.188880,0.9375,0.1400749683380127
12895,383,,,2018-08-04 22:16:47.118704,0.96875,0.12702858448028564
12896,384,,,2018-08-04 22:16:48.103844,0.921875,0.16479098796844482
12897,385,,,2018-08-04 22:16:49.037276,0.90625,0.21718357503414154
12898,386,,,2018-08-04 22:16:49.982084,0.96875,0.15242360532283783
12899,387,,,2018-08-04 22:16:50.888892,0.953125,0.14356619119644165
12900,388,,,2018-08-04 22:16:51.821483,0.953125,0.30338916182518005
12901,389,,,2018-08-04 22:16:52.755436,0.953125,0.17858824133872986
12902,390,,,2018-08-04 22:16:53.678848,0.9375,0.19331306219100952
12903,391,,,2018-08-04 22:16:54.542636,0.9375,0.15649709105491638
12904,392,,,2018-08-04 22:16:55.430582,0.921875,0.21408870816230774
12905,393,,,2018-08-04 22:16:56.318814,0.984375,0.15145450830459595
12906,394,,,2018-08-04 22:16:57.176423,0.953125,0.18167521059513092
12907,395,,,2018-08-04 22:16:57.992869,0.984375,0.10911165177822113
12908,396,,,2018-08-04 22:16:58.852190,0.984375,0.15391556918621063
12909,397,,,2018-08-04 22:16:59.788553,0.953125,0.15636612474918365
12910,398,,,2018-08-04 22:17:00.744738,0.9375,0.13409295678138733
12911,399,,,2018-08-04 22:17:01.641608,0.984375,0.11134960502386093
12912,400,0.6644,1.3771946430206299,2018-08-04 22:17:02.535565,0.953125,0.20860356092453003
12913,401,,,2018-08-04 22:17:53.955719,0.953125,0.12014064937829971
12914,402,,,2018-08-04 22:17:54.848249,0.984375,0.09818419814109802
12915,403,,,2018-08-04 22:17:55.768613,0.984375,0.10713449120521545
12916,404,,,2018-08-04 22:17:56.675583,0.984375,0.13318511843681335
12917,405,,,2018-08-04 22:17:57.602444,0.96875,0.13741625845432281
12918,406,,,2018-08-04 22:17:58.493760,0.890625,0.35793161392211914
12919,407,,,2018-08-04 22:17:59.444587,0.890625,0.27354681491851807
12920,408,,,2018-08-04 22:18:00.270720,0.984375,0.0983230248093605
12921,409,,,2018-08-04 22:18:01.187759,0.984375,0.16343165934085846
12922,410,,,2018-08-04 22:18:02.139536,0.96875,0.23142008483409882
12923,411,,,2018-08-04 22:18:03.154287,0.96875,0.10976430028676987
12924,412,,,2018-08-04 22:18:04.095057,0.953125,0.14694321155548096
12925,413,,,2018-08-04 22:18:05.068936,0.984375,0.12665709853172302
12926,414,,,2018-08-04 22:18:06.076040,0.921875,0.18641476333141327
12927,415,,,2018-08-04 22:18:06.963902,0.9375,0.2529502809047699
12928,416,,,2018-08-04 22:18:07.842382,0.90625,0.1929137110710144
12929,417,,,2018-08-04 22:18:08.754546,0.921875,0.1607675403356552
12930,418,,,2018-08-04 22:18:09.681219,0.96875,0.12278921902179718
12931,419,,,2018-08-04 22:18:10.527884,0.953125,0.11820582300424576
12932,420,0.6646,1.377021074295044,2018-08-04 22:18:11.410927,0.921875,0.33858683705329895
12933,421,,,2018-08-04 22:19:02.723636,0.96875,0.14835500717163086
12934,422,,,2018-08-04 22:19:03.585381,0.953125,0.14290449023246765
12935,423,,,2018-08-04 22:19:04.487684,0.984375,0.11009477823972702
12936,424,,,2018-08-04 22:19:05.410975,0.953125,0.13685087859630585
12937,425,,,2018-08-04 22:19:06.333055,1.0,0.09996048361063004
12938,426,,,2018-08-04 22:19:07.252180,0.984375,0.0730682983994484
12939,427,,,2018-08-04 22:19:08.192587,0.9375,0.22366470098495483
12940,428,,,2018-08-04 22:19:09.123762,0.96875,0.15869390964508057
12941,429,,,2018-08-04 22:19:10.097180,0.96875,0.13570475578308105
12942,430,,,2018-08-04 22:19:11.010474,0.96875,0.1179979220032692
12943,431,,,2018-08-04 22:19:11.863047,0.96875,0.10546857863664627
12944,432,,,2018-08-04 22:19:12.797390,0.9375,0.1352403312921524
12945,433,,,2018-08-04 22:19:13.671282,0.875,0.3774566054344177
12946,434,,,2018-08-04 22:19:14.498977,0.96875,0.15269464254379272
12947,435,,,2018-08-04 22:19:15.418413,0.953125,0.17202810943126678
12948,436,,,2018-08-04 22:19:16.334761,0.96875,0.11141163110733032
12949,437,,,2018-08-04 22:19:17.300031,0.96875,0.1133609488606453
12950,438,,,2018-08-04 22:19:18.294522,0.984375,0.1124747097492218
12951,439,,,2018-08-04 22:19:19.236999,0.90625,0.20150184631347656
12952,440,0.664,1.3783948421478271,2018-08-04 22:19:20.174312,0.96875,0.12187689542770386
12953,441,,,2018-08-04 22:20:12.121178,0.96875,0.1254577785730362
12954,442,,,2018-08-04 22:20:12.999105,0.96875,0.11800840497016907
12955,443,,,2018-08-04 22:20:13.918914,0.984375,0.09820599108934402
12956,444,,,2018-08-04 22:20:14.789355,0.9375,0.2207312434911728
12957,445,,,2018-08-04 22:20:15.683043,0.96875,0.19432401657104492
12958,446,,,2018-08-04 22:20:16.669565,0.984375,0.09339644759893417
12959,447,,,2018-08-04 22:20:17.656036,0.984375,0.12844057381153107
12960,448,,,2018-08-04 22:20:18.683775,0.953125,0.13914243876934052
12961,449,,,2018-08-04 22:20:19.695855,0.953125,0.1791732907295227
12962,450,,,2018-08-04 22:20:20.669235,0.90625,0.24020792543888092
12963,451,,,2018-08-04 22:20:21.551406,1.0,0.06879282742738724
12964,452,,,2018-08-04 22:20:22.489580,0.96875,0.14671893417835236
12965,453,,,2018-08-04 22:20:23.394605,0.953125,0.14384055137634277
12966,454,,,2018-08-04 22:20:24.260259,1.0,0.09108483791351318
12967,455,,,2018-08-04 22:20:25.181154,0.984375,0.09337963908910751
12968,456,,,2018-08-04 22:20:26.094667,1.0,0.07425284385681152
12969,457,,,2018-08-04 22:20:27.052230,0.9375,0.1874244064092636
12970,458,,,2018-08-04 22:20:28.069362,0.984375,0.08857450634241104
12971,459,,,2018-08-04 22:20:29.082451,0.96875,0.13096292316913605
12972,460,0.6636,1.37919282913208,2018-08-04 22:20:30.055527,0.96875,0.1818571835756302
12973,461,,,2018-08-04 22:21:22.849971,0.953125,0.10738781094551086
12974,462,,,2018-08-04 22:21:23.781917,0.96875,0.16127759218215942
12975,463,,,2018-08-04 22:21:24.693263,0.9375,0.18041861057281494
12976,464,,,2018-08-04 22:21:25.636249,0.9375,0.14122441411018372
12977,465,,,2018-08-04 22:21:26.478415,0.984375,0.1362335979938507
12978,466,,,2018-08-04 22:21:27.436264,0.953125,0.15858067572116852
12979,467,,,2018-08-04 22:21:28.343548,0.9375,0.130094975233078
12980,468,,,2018-08-04 22:21:29.363327,0.9375,0.15839903056621552
12981,469,,,2018-08-04 22:21:30.281587,0.9375,0.1825571209192276
12982,470,,,2018-08-04 22:21:31.228021,0.96875,0.1941704899072647
12983,471,,,2018-08-04 22:21:32.185638,0.96875,0.21963036060333252
12984,472,,,2018-08-04 22:21:33.135344,0.984375,0.08702763170003891
12985,473,,,2018-08-04 22:21:34.047010,0.90625,0.19940976798534393
12986,474,,,2018-08-04 22:21:35.010947,0.953125,0.14443540573120117
12987,475,,,2018-08-04 22:21:35.979620,0.9375,0.10732609033584595
12988,476,,,2018-08-04 22:21:36.964966,0.953125,0.1553829312324524
12989,477,,,2018-08-04 22:21:37.895569,0.921875,0.2663041949272156
12990,478,,,2018-08-04 22:21:38.788467,0.984375,0.08032336086034775
12991,479,,,2018-08-04 22:21:39.685636,0.96875,0.11097737401723862
12992,480,0.6638,1.379865050315857,2018-08-04 22:21:40.545245,0.96875,0.11515096575021744
12993,481,,,2018-08-04 22:22:31.254308,0.953125,0.17423111200332642
12994,482,,,2018-08-04 22:22:32.138134,0.90625,0.20080682635307312
12995,483,,,2018-08-04 22:22:33.076469,0.984375,0.09402283281087875
12996,484,,,2018-08-04 22:22:33.972097,0.984375,0.15384042263031006
12997,485,,,2018-08-04 22:22:34.935224,0.96875,0.1011810377240181
12998,486,,,2018-08-04 22:22:35.796501,0.921875,0.209457665681839
12999,487,,,2018-08-04 22:22:36.688671,0.96875,0.12174473702907562
13000,488,,,2018-08-04 22:22:37.587915,0.984375,0.11115770041942596
13001,489,,,2018-08-04 22:22:38.473446,1.0,0.058628518134355545
13002,490,,,2018-08-04 22:22:39.399404,0.921875,0.19434627890586853
13003,491,,,2018-08-04 22:22:40.350635,0.984375,0.1457384079694748
13004,492,,,2018-08-04 22:22:41.276581,0.90625,0.3118089437484741
13005,493,,,2018-08-04 22:22:42.169631,0.921875,0.16670659184455872
13006,494,,,2018-08-04 22:22:43.043856,0.96875,0.10548616200685501
13007,495,,,2018-08-04 22:22:43.936369,0.984375,0.1516035795211792
13008,496,,,2018-08-04 22:22:44.783475,0.984375,0.14064446091651917
13009,497,,,2018-08-04 22:22:45.691370,0.921875,0.22303083539009094
13010,498,,,2018-08-04 22:22:46.596246,0.96875,0.160169780254364
13011,499,,,2018-08-04 22:22:47.481367,0.984375,0.10143142938613892
13012,500,0.6643,1.3795909881591797,2018-08-04 22:22:48.341646,0.859375,0.3464817702770233
13013,501,,,2018-08-04 22:23:40.841839,0.921875,0.16211749613285065
13014,502,,,2018-08-04 22:23:41.817641,0.9375,0.16513897478580475
13015,503,,,2018-08-04 22:23:42.846622,0.96875,0.09908146411180496
13016,504,,,2018-08-04 22:23:43.740506,0.9375,0.18309038877487183
13017,505,,,2018-08-04 22:23:44.709175,0.921875,0.12598799169063568
13018,506,,,2018-08-04 22:23:45.713450,0.984375,0.09481106698513031
13019,507,,,2018-08-04 22:23:46.587445,0.953125,0.1765352040529251
13020,508,,,2018-08-04 22:23:47.537098,0.96875,0.13854293525218964
13021,509,,,2018-08-04 22:23:48.547751,0.96875,0.17765112221240997
13022,510,,,2018-08-04 22:23:49.449530,0.953125,0.13265761733055115
13023,511,,,2018-08-04 22:23:50.347904,0.9375,0.18084092438220978
13024,512,,,2018-08-04 22:23:51.288971,0.9375,0.2645164430141449
13025,513,,,2018-08-04 22:23:52.218729,0.9375,0.1992214024066925
13026,514,,,2018-08-04 22:23:53.231972,0.984375,0.09542275220155716
13027,515,,,2018-08-04 22:23:54.259650,0.984375,0.1246798112988472
13028,516,,,2018-08-04 22:23:55.250978,0.96875,0.14596979320049286
13029,517,,,2018-08-04 22:23:56.202051,1.0,0.08225375413894653
13030,518,,,2018-08-04 22:23:57.183185,0.9375,0.2660571038722992
13031,519,,,2018-08-04 22:23:58.071745,0.984375,0.10484141856431961
13032,520,0.6636,1.3802179098129272,2018-08-04 22:23:58.906175,0.953125,0.11174124479293823
13033,521,,,2018-08-04 22:24:50.541465,0.984375,0.08286036550998688
13034,522,,,2018-08-04 22:24:51.426619,0.984375,0.09057651460170746
13035,523,,,2018-08-04 22:24:52.295575,0.921875,0.16276787221431732
13036,524,,,2018-08-04 22:24:53.226051,0.96875,0.11229683458805084
13037,525,,,2018-08-04 22:24:54.211157,0.953125,0.18205897510051727
13038,526,,,2018-08-04 22:24:55.193107,0.953125,0.11737120896577835
13039,527,,,2018-08-04 22:24:56.091762,0.96875,0.1578478068113327
13040,528,,,2018-08-04 22:24:56.939286,0.953125,0.14237692952156067
13041,529,,,2018-08-04 22:24:57.813483,0.953125,0.133084237575531
13042,530,,,2018-08-04 22:24:58.682697,0.9375,0.20982840657234192
13043,531,,,2018-08-04 22:24:59.634042,0.953125,0.10000675171613693
13044,532,,,2018-08-04 22:25:00.500160,0.96875,0.13878647983074188
13045,533,,,2018-08-04 22:25:01.419950,0.953125,0.14038099348545074
13046,534,,,2018-08-04 22:25:02.386908,0.96875,0.10934648662805557
13047,535,,,2018-08-04 22:25:03.320259,0.953125,0.1728101372718811
13048,536,,,2018-08-04 22:25:04.194566,0.953125,0.21866020560264587
13049,537,,,2018-08-04 22:25:05.118863,0.984375,0.08207397907972336
13050,538,,,2018-08-04 22:25:06.033615,0.96875,0.18350949883460999
13051,539,,,2018-08-04 22:25:06.901404,0.953125,0.2352565973997116
13052,540,0.6641,1.379801869392395,2018-08-04 22:25:07.930666,1.0,0.0897301435470581
13053,541,,,2018-08-04 22:26:00.552582,0.96875,0.11745471507310867
13054,542,,,2018-08-04 22:26:01.524179,0.96875,0.16577225923538208
13055,543,,,2018-08-04 22:26:02.458314,1.0,0.08866067230701447
13056,544,,,2018-08-04 22:26:03.426269,0.921875,0.19843712449073792
13057,545,,,2018-08-04 22:26:04.388759,0.984375,0.08616746217012405
13058,546,,,2018-08-04 22:26:05.390418,0.921875,0.1720782220363617
13059,547,,,2018-08-04 22:26:06.369956,0.953125,0.12018223106861115
13060,548,,,2018-08-04 22:26:07.301712,0.984375,0.14531469345092773
13061,549,,,2018-08-04 22:26:08.277802,0.9375,0.19816093146800995
13062,550,,,2018-08-04 22:26:09.275703,1.0,0.08740530163049698
13063,551,,,2018-08-04 22:26:10.286224,0.984375,0.15504930913448334
13064,552,,,2018-08-04 22:26:11.185879,0.96875,0.16616785526275635
13065,553,,,2018-08-04 22:26:12.119497,1.0,0.04855107516050339
13066,554,,,2018-08-04 22:26:13.098538,0.984375,0.074358269572258
13067,555,,,2018-08-04 22:26:14.095309,0.984375,0.10690800845623016
13068,556,,,2018-08-04 22:26:15.137024,0.984375,0.07256771624088287
13069,557,,,2018-08-04 22:26:16.070418,0.96875,0.16081397235393524
13070,558,,,2018-08-04 22:26:16.976013,0.921875,0.2555532157421112
13071,559,,,2018-08-04 22:26:17.942371,0.984375,0.11048746109008789
13072,560,0.6639,1.379839539527893,2018-08-04 22:26:18.832497,0.96875,0.11652875691652298
13073,561,,,2018-08-04 22:27:10.888746,0.984375,0.10185719281435013
13074,562,,,2018-08-04 22:27:11.770638,0.984375,0.09993740171194077
13075,563,,,2018-08-04 22:27:12.646768,0.96875,0.13412949442863464
13076,564,,,2018-08-04 22:27:13.508333,0.96875,0.14474831521511078
13077,565,,,2018-08-04 22:27:14.330311,0.953125,0.2515263557434082
13078,566,,,2018-08-04 22:27:15.246847,0.953125,0.16762807965278625
13079,567,,,2018-08-04 22:27:16.151526,0.921875,0.21759995818138123
13080,568,,,2018-08-04 22:27:17.087114,0.9375,0.17126764357089996
13081,569,,,2018-08-04 22:27:18.103878,0.96875,0.11145421117544174
13082,570,,,2018-08-04 22:27:19.080379,0.953125,0.1854233592748642
13083,571,,,2018-08-04 22:27:19.989803,0.96875,0.12972308695316315
13084,572,,,2018-08-04 22:27:20.957578,0.9375,0.1296173632144928
13085,573,,,2018-08-04 22:27:21.781110,1.0,0.08346933871507645
13086,574,,,2018-08-04 22:27:22.626950,0.96875,0.08592266589403152
13087,575,,,2018-08-04 22:27:23.532550,0.9375,0.154964417219162
13088,576,,,2018-08-04 22:27:24.406889,0.96875,0.13334861397743225
13089,577,,,2018-08-04 22:27:25.341641,0.953125,0.1216922178864479
13090,578,,,2018-08-04 22:27:26.282565,0.953125,0.14426380395889282
13091,579,,,2018-08-04 22:27:27.147113,0.96875,0.10810790210962296
13092,580,0.6641,1.380414605140686,2018-08-04 22:27:28.061714,0.984375,0.09512510895729065
13093,581,,,2018-08-04 22:28:20.500762,0.984375,0.08269121497869492
13094,582,,,2018-08-04 22:28:21.534921,0.890625,0.3415437638759613
13095,583,,,2018-08-04 22:28:22.478462,0.96875,0.1381250023841858
13096,584,,,2018-08-04 22:28:23.413750,0.96875,0.1935427486896515
13097,585,,,2018-08-04 22:28:24.382679,0.921875,0.21389760076999664
13098,586,,,2018-08-04 22:28:25.285047,0.921875,0.16903741657733917
13099,587,,,2018-08-04 22:28:26.189070,0.953125,0.19120104610919952
13100,588,,,2018-08-04 22:28:27.057574,0.96875,0.10916219651699066
13101,589,,,2018-08-04 22:28:27.988378,0.96875,0.09258387237787247
13102,590,,,2018-08-04 22:28:29.063397,0.953125,0.17283082008361816
13103,591,,,2018-08-04 22:28:30.041999,0.953125,0.15014229714870453
13104,592,,,2018-08-04 22:28:30.964726,0.984375,0.060982394963502884
13105,593,,,2018-08-04 22:28:31.819388,0.96875,0.09455442428588867
13106,594,,,2018-08-04 22:28:32.736108,0.953125,0.15044154226779938
13107,595,,,2018-08-04 22:28:33.666126,0.9375,0.16415774822235107
13108,596,,,2018-08-04 22:28:34.590794,0.953125,0.12264421582221985
13109,597,,,2018-08-04 22:28:35.451428,0.96875,0.11948205530643463
13110,598,,,2018-08-04 22:28:36.331502,0.984375,0.09500935673713684
13111,599,,,2018-08-04 22:28:37.213622,0.859375,0.323872447013855
13112,600,0.6649,1.379949927330017,2018-08-04 22:28:38.121744,0.96875,0.08296112716197968
13113,601,,,2018-08-04 22:29:29.928722,0.9375,0.12624984979629517
13114,602,,,2018-08-04 22:29:30.815053,0.90625,0.2076878696680069
13115,603,,,2018-08-04 22:29:31.696786,0.9375,0.19448693096637726
13116,604,,,2018-08-04 22:29:32.618987,0.984375,0.14214611053466797
13117,605,,,2018-08-04 22:29:33.448021,0.96875,0.10593242943286896
13118,606,,,2018-08-04 22:29:34.396955,0.953125,0.17135502398014069
13119,607,,,2018-08-04 22:29:35.382341,0.921875,0.19676940143108368
13120,608,,,2018-08-04 22:29:36.344108,0.953125,0.17553335428237915
13121,609,,,2018-08-04 22:29:37.182561,0.953125,0.14288800954818726
13122,610,,,2018-08-04 22:29:38.155996,1.0,0.05812673270702362
13123,611,,,2018-08-04 22:29:39.129926,1.0,0.07437904924154282
13124,612,,,2018-08-04 22:29:40.083858,0.96875,0.1334550678730011
13125,613,,,2018-08-04 22:29:40.969302,0.96875,0.12665913999080658
13126,614,,,2018-08-04 22:29:41.722539,0.984375,0.15144513547420502
13127,615,,,2018-08-04 22:29:42.580321,0.96875,0.1545417755842209
13128,616,,,2018-08-04 22:29:43.488580,0.953125,0.1702306866645813
13129,617,,,2018-08-04 22:29:44.507595,1.0,0.0913468673825264
13130,618,,,2018-08-04 22:29:45.467654,0.96875,0.08872577548027039
13131,619,,,2018-08-04 22:29:46.412814,0.984375,0.07610349357128143
13132,620,0.6644,1.380258321762085,2018-08-04 22:29:47.310630,0.984375,0.08402156084775925
13133,621,,,2018-08-04 22:30:34.432554,0.90625,0.2213924080133438
13134,622,,,2018-08-04 22:30:35.328344,0.984375,0.12069832533597946
13135,623,,,2018-08-04 22:30:36.249164,0.984375,0.09554769843816757
13136,624,,,2018-08-04 22:30:37.179516,0.96875,0.138920396566391
13137,625,,,2018-08-04 22:30:38.059767,0.921875,0.17549943923950195
13138,626,,,2018-08-04 22:30:39.032386,0.984375,0.08839219063520432
13139,627,,,2018-08-04 22:30:39.980441,0.921875,0.16932137310504913
13140,628,,,2018-08-04 22:30:40.902117,0.96875,0.16246499121189117
13141,629,,,2018-08-04 22:30:41.828656,0.96875,0.1728304922580719
13142,630,,,2018-08-04 22:30:42.726850,0.984375,0.13714563846588135
13143,631,,,2018-08-04 22:30:43.609350,0.96875,0.09743083268404007
13144,632,,,2018-08-04 22:30:44.618002,0.9375,0.16694176197052002
13145,633,,,2018-08-04 22:30:45.576580,0.96875,0.1920599341392517
13146,634,,,2018-08-04 22:30:46.481321,0.953125,0.18285880982875824
13147,635,,,2018-08-04 22:30:47.392957,0.90625,0.24137945473194122
13148,636,,,2018-08-04 22:30:48.339871,0.953125,0.1789180040359497
13149,637,,,2018-08-04 22:30:49.294017,0.96875,0.09082799404859543
13150,638,,,2018-08-04 22:30:50.236023,0.984375,0.06733478605747223
13151,639,,,2018-08-04 22:30:51.204207,0.953125,0.2154822200536728
13152,640,0.6638,1.3810858726501465,2018-08-04 22:30:52.169149,0.984375,0.10373488068580627
13153,641,,,2018-08-04 22:31:44.515618,0.96875,0.08972679078578949
13154,642,,,2018-08-04 22:31:45.444156,0.96875,0.18000414967536926
13155,643,,,2018-08-04 22:31:46.450222,0.984375,0.11131034791469574
13156,644,,,2018-08-04 22:31:47.417667,1.0,0.06677840650081635
13157,645,,,2018-08-04 22:31:48.399881,0.984375,0.11599695682525635
13158,646,,,2018-08-04 22:31:49.349436,0.90625,0.22747263312339783
13159,647,,,2018-08-04 22:31:50.271705,0.9375,0.2435450404882431
13160,648,,,2018-08-04 22:31:51.146013,0.953125,0.12729212641716003
13161,649,,,2018-08-04 22:31:52.077045,0.984375,0.0842989981174469
13162,650,,,2018-08-04 22:31:53.084760,0.953125,0.12294825911521912
13163,651,,,2018-08-04 22:31:54.043183,0.96875,0.1080813780426979
13164,652,,,2018-08-04 22:31:55.022339,0.9375,0.20809364318847656
13165,653,,,2018-08-04 22:31:55.894571,0.9375,0.18376845121383667
13166,654,,,2018-08-04 22:31:56.772845,1.0,0.05887360870838165
13167,655,,,2018-08-04 22:31:57.636778,1.0,0.06551812589168549
13168,656,,,2018-08-04 22:31:58.551273,0.921875,0.2201397866010666
13169,657,,,2018-08-04 22:31:59.555958,0.953125,0.1082565188407898
13170,658,,,2018-08-04 22:32:00.384230,0.984375,0.10416966676712036
13171,659,,,2018-08-04 22:32:01.293236,0.953125,0.13345029950141907
13172,660,0.6645,1.3812360763549805,2018-08-04 22:32:02.149576,0.96875,0.10571074485778809
13173,661,,,2018-08-04 22:32:53.247942,0.96875,0.14427848160266876
13174,662,,,2018-08-04 22:32:54.152772,0.984375,0.15054555237293243
13175,663,,,2018-08-04 22:32:55.128685,0.96875,0.1054016724228859
13176,664,,,2018-08-04 22:32:56.061408,0.953125,0.20078320801258087
13177,665,,,2018-08-04 22:32:56.894945,0.96875,0.08619218319654465
13178,666,,,2018-08-04 22:32:57.754650,0.984375,0.08932047337293625
13179,667,,,2018-08-04 22:32:58.667443,0.921875,0.21431425213813782
13180,668,,,2018-08-04 22:32:59.617507,0.953125,0.19061541557312012
13181,669,,,2018-08-04 22:33:00.633814,0.953125,0.0910988450050354
13182,670,,,2018-08-04 22:33:01.569324,0.984375,0.0982617437839508
13183,671,,,2018-08-04 22:33:02.476090,0.921875,0.1924641877412796
13184,672,,,2018-08-04 22:33:03.435792,0.9375,0.22029533982276917
13185,673,,,2018-08-04 22:33:04.296957,0.9375,0.10220159590244293
13186,674,,,2018-08-04 22:33:05.209954,0.96875,0.12300749123096466
13187,675,,,2018-08-04 22:33:06.118652,0.96875,0.13238218426704407
13188,676,,,2018-08-04 22:33:07.080489,0.984375,0.08395280689001083
13189,677,,,2018-08-04 22:33:08.013608,0.96875,0.10563045740127563
13190,678,,,2018-08-04 22:33:08.995161,0.96875,0.1467592716217041
13191,679,,,2018-08-04 22:33:09.878314,0.9375,0.2576397657394409
13192,680,0.6642,1.3812763690948486,2018-08-04 22:33:10.769196,0.96875,0.1423744410276413
13193,681,,,2018-08-04 22:34:02.871653,0.9375,0.22635680437088013
13194,682,,,2018-08-04 22:34:03.832495,0.953125,0.10958521068096161
13195,683,,,2018-08-04 22:34:04.700446,0.96875,0.14753590524196625
13196,684,,,2018-08-04 22:34:05.605582,0.96875,0.13514214754104614
13197,685,,,2018-08-04 22:34:06.487167,0.96875,0.09638285636901855
13198,686,,,2018-08-04 22:34:07.320819,1.0,0.09955709427595139
13199,687,,,2018-08-04 22:34:08.317128,0.984375,0.09304191172122955
13200,688,,,2018-08-04 22:34:09.310273,0.953125,0.13993364572525024
13201,689,,,2018-08-04 22:34:10.324929,0.953125,0.13765643537044525
13202,690,,,2018-08-04 22:34:11.254471,0.96875,0.17137287557125092
13203,691,,,2018-08-04 22:34:12.129784,0.96875,0.17842097580432892
13204,692,,,2018-08-04 22:34:13.156331,0.984375,0.09614317119121552
13205,693,,,2018-08-04 22:34:14.054737,0.96875,0.10558269917964935
13206,694,,,2018-08-04 22:34:15.035252,0.984375,0.09967536479234695
13207,695,,,2018-08-04 22:34:16.014732,0.96875,0.10672064870595932
13208,696,,,2018-08-04 22:34:16.990968,0.921875,0.19167350232601166
13209,697,,,2018-08-04 22:34:17.912938,0.96875,0.16761423647403717
13210,698,,,2018-08-04 22:34:18.778841,0.875,0.3008909523487091
13211,699,,,2018-08-04 22:34:19.713740,0.9375,0.24772462248802185
13212,700,0.6641,1.3824068307876587,2018-08-04 22:34:20.618371,0.9375,0.16474759578704834
13213,701,,,2018-08-04 22:35:08.959491,0.9375,0.21253065764904022
13214,702,,,2018-08-04 22:35:09.911007,0.953125,0.19032488763332367
13215,703,,,2018-08-04 22:35:10.889000,0.96875,0.17049376666545868
13216,704,,,2018-08-04 22:35:11.826610,0.921875,0.17422710359096527
13217,705,,,2018-08-04 22:35:12.741253,0.953125,0.11707260459661484
13218,706,,,2018-08-04 22:35:13.709985,0.96875,0.13278095424175262
13219,707,,,2018-08-04 22:35:14.713328,0.953125,0.12986436486244202
13220,708,,,2018-08-04 22:35:15.650010,0.953125,0.2169615626335144
13221,709,,,2018-08-04 22:35:16.570312,0.921875,0.1715758889913559
13222,710,,,2018-08-04 22:35:17.494505,0.9375,0.18362171947956085
13223,711,,,2018-08-04 22:35:18.509815,0.9375,0.1559494137763977
13224,712,,,2018-08-04 22:35:19.489149,0.96875,0.12790726125240326
13225,713,,,2018-08-04 22:35:20.481083,0.984375,0.11729447543621063
13226,714,,,2018-08-04 22:35:21.430282,0.96875,0.10900703072547913
13227,715,,,2018-08-04 22:35:22.336538,0.953125,0.10569417476654053
13228,716,,,2018-08-04 22:35:23.274778,0.921875,0.17990997433662415
13229,717,,,2018-08-04 22:35:24.210325,1.0,0.06086063012480736
13230,718,,,2018-08-04 22:35:25.163829,1.0,0.0713626965880394
13231,719,,,2018-08-04 22:35:26.034785,0.96875,0.13460664451122284
13232,720,0.664,1.382809042930603,2018-08-04 22:35:26.925276,0.9375,0.15989050269126892
13233,721,,,2018-08-04 22:36:19.696639,1.0,0.073209248483181
13234,722,,,2018-08-04 22:36:20.630790,0.953125,0.2162148803472519
13235,723,,,2018-08-04 22:36:21.573051,0.953125,0.15110497176647186
13236,724,,,2018-08-04 22:36:22.464649,0.96875,0.1364508420228958
13237,725,,,2018-08-04 22:36:23.401835,0.96875,0.12712274491786957
13238,726,,,2018-08-04 22:36:24.317576,0.96875,0.16731351613998413
13239,727,,,2018-08-04 22:36:25.239222,0.921875,0.13524703681468964
13240,728,,,2018-08-04 22:36:26.158379,0.921875,0.22754721343517303
13241,729,,,2018-08-04 22:36:27.038013,0.96875,0.2571842074394226
13242,730,,,2018-08-04 22:36:27.972942,0.953125,0.1311657577753067
13243,731,,,2018-08-04 22:36:28.910889,0.96875,0.11306101083755493
13244,732,,,2018-08-04 22:36:29.854637,0.9375,0.19585342705249786
13245,733,,,2018-08-04 22:36:30.862573,0.9375,0.2146068513393402
13246,734,,,2018-08-04 22:36:31.826432,0.921875,0.17139790952205658
13247,735,,,2018-08-04 22:36:32.672666,0.9375,0.18611668050289154
13248,736,,,2018-08-04 22:36:33.571248,0.9375,0.16242431104183197
13249,737,,,2018-08-04 22:36:34.495205,0.9375,0.22767414152622223
13250,738,,,2018-08-04 22:36:35.471276,0.984375,0.08196834474802017
13251,739,,,2018-08-04 22:36:36.336609,0.953125,0.1823919713497162
13252,740,0.6643,1.3831449747085571,2018-08-04 22:36:37.260952,0.96875,0.16471946239471436
13253,741,,,2018-08-04 22:37:28.338127,0.953125,0.14229391515254974
13254,742,,,2018-08-04 22:37:29.244992,0.96875,0.11797598004341125
13255,743,,,2018-08-04 22:37:30.149472,0.96875,0.14346763491630554
13256,744,,,2018-08-04 22:37:31.048348,0.9375,0.1909477710723877
13257,745,,,2018-08-04 22:37:31.990339,0.9375,0.19392412900924683
13258,746,,,2018-08-04 22:37:32.895306,0.9375,0.3641917109489441
13259,747,,,2018-08-04 22:37:33.914172,0.984375,0.10370592772960663
13260,748,,,2018-08-04 22:37:34.895827,0.9375,0.26024237275123596
13261,749,,,2018-08-04 22:37:35.833511,0.890625,0.2556847929954529
13262,750,,,2018-08-04 22:37:36.796605,0.984375,0.0834348127245903
13263,751,,,2018-08-04 22:37:37.790512,0.96875,0.1699519008398056
13264,752,,,2018-08-04 22:37:38.696195,0.96875,0.16996599733829498
13265,753,,,2018-08-04 22:37:39.635808,0.96875,0.08397568762302399
13266,754,,,2018-08-04 22:37:40.654071,0.953125,0.149793803691864
13267,755,,,2018-08-04 22:37:41.674308,0.96875,0.14835605025291443
13268,756,,,2018-08-04 22:37:42.570583,0.953125,0.19701838493347168
13269,757,,,2018-08-04 22:37:43.474130,0.984375,0.14369016885757446
13270,758,,,2018-08-04 22:37:44.433763,0.953125,0.213765949010849
13271,759,,,2018-08-04 22:37:45.335881,0.984375,0.09363704919815063
13272,760,0.6645,1.3833856582641602,2018-08-04 22:37:46.244862,0.984375,0.0718354657292366
13273,761,,,2018-08-04 22:38:38.094455,0.953125,0.14414434134960175
13274,762,,,2018-08-04 22:38:39.004636,0.9375,0.22898650169372559
13275,763,,,2018-08-04 22:38:39.905000,0.984375,0.06696148961782455
13276,764,,,2018-08-04 22:38:40.856223,0.984375,0.07691658288240433
13277,765,,,2018-08-04 22:38:41.754521,0.921875,0.3411954939365387
13278,766,,,2018-08-04 22:38:42.622706,0.96875,0.17086653411388397
13279,767,,,2018-08-04 22:38:43.548880,0.984375,0.12556864321231842
13280,768,,,2018-08-04 22:38:44.462381,0.984375,0.11820653825998306
13281,769,,,2018-08-04 22:38:45.405718,0.984375,0.08648369461297989
13282,770,,,2018-08-04 22:38:46.330441,0.984375,0.12698277831077576
13283,771,,,2018-08-04 22:38:47.223591,0.96875,0.08978300541639328
13284,772,,,2018-08-04 22:38:48.080877,0.96875,0.12715359032154083
13285,773,,,2018-08-04 22:38:48.943480,0.96875,0.15779048204421997
13286,774,,,2018-08-04 22:38:49.831690,1.0,0.08308019489049911
13287,775,,,2018-08-04 22:38:50.755425,0.96875,0.09415152668952942
13288,776,,,2018-08-04 22:38:51.723299,0.984375,0.11708729714155197
13289,777,,,2018-08-04 22:38:52.609113,0.984375,0.15398019552230835
13290,778,,,2018-08-04 22:38:53.484526,0.953125,0.17230717837810516
13291,779,,,2018-08-04 22:38:54.331593,0.90625,0.229044571518898
13292,780,0.6642,1.383605718612671,2018-08-04 22:38:55.304345,0.984375,0.10525286197662354
13293,781,,,2018-08-04 22:39:46.274689,1.0,0.037812478840351105
13294,0,,,2018-08-04 22:40:38.338018,0.96875,0.1070537343621254
13295,1,,,2018-08-04 22:40:39.257571,0.9375,0.1831473559141159
13296,2,,,2018-08-04 22:40:40.153640,0.984375,0.07225710153579712
13297,3,,,2018-08-04 22:40:41.063113,0.953125,0.18500997126102448
13298,4,,,2018-08-04 22:40:41.953340,0.90625,0.28173330426216125
13299,5,,,2018-08-04 22:40:42.813379,0.96875,0.13013537228107452
13300,6,,,2018-08-04 22:40:43.764375,0.96875,0.14429685473442078
13301,7,,,2018-08-04 22:40:44.685431,0.984375,0.08468952029943466
13302,8,,,2018-08-04 22:40:45.584795,0.984375,0.10583331435918808
13303,9,,,2018-08-04 22:40:46.465473,0.9375,0.18456043303012848
13304,10,,,2018-08-04 22:40:47.381117,0.953125,0.19008363783359528
13305,11,,,2018-08-04 22:40:48.330328,0.953125,0.10855776071548462
13306,12,,,2018-08-04 22:40:49.226550,0.953125,0.1340426653623581
13307,13,,,2018-08-04 22:40:50.085004,0.984375,0.0997667908668518
13308,14,,,2018-08-04 22:40:50.961301,0.984375,0.09194377809762955
13309,15,,,2018-08-04 22:40:51.902337,0.9375,0.19202964007854462
13310,16,,,2018-08-04 22:40:52.797365,0.984375,0.1815333068370819
13311,17,,,2018-08-04 22:40:53.752551,0.953125,0.18662968277931213
13312,18,,,2018-08-04 22:40:54.660887,0.953125,0.15825219452381134
13313,19,,,2018-08-04 22:40:55.562492,0.90625,0.22434553503990173
13314,20,0.6646,1.3831956386566162,2018-08-04 22:40:56.442467,0.921875,0.26102134585380554
13315,21,,,2018-08-04 22:41:47.075637,0.921875,0.17683671414852142
13316,22,,,2018-08-04 22:41:48.020726,0.9375,0.14084063470363617
13317,23,,,2018-08-04 22:41:49.022490,0.9375,0.2568516433238983
13318,24,,,2018-08-04 22:41:50.041874,1.0,0.10074130445718765
13319,25,,,2018-08-04 22:41:50.966457,0.984375,0.08591451495885849
13320,26,,,2018-08-04 22:41:51.926805,1.0,0.07579303532838821
13321,27,,,2018-08-04 22:41:52.853125,0.90625,0.30757227540016174
13322,28,,,2018-08-04 22:41:53.859754,0.96875,0.1259848028421402
13323,29,,,2018-08-04 22:41:54.813561,0.984375,0.11062175035476685
13324,30,,,2018-08-04 22:41:55.806741,0.921875,0.18946069478988647
13325,31,,,2018-08-04 22:41:56.843409,0.9375,0.24505943059921265
13326,32,,,2018-08-04 22:41:57.761092,0.96875,0.1617870181798935
13327,33,,,2018-08-04 22:41:58.696261,0.953125,0.11629750579595566
13328,34,,,2018-08-04 22:41:59.648616,0.9375,0.133391335606575
13329,35,,,2018-08-04 22:42:00.628893,0.953125,0.14079616963863373
13330,36,,,2018-08-04 22:42:01.568059,1.0,0.09980057179927826
13331,37,,,2018-08-04 22:42:02.441191,0.953125,0.11317524313926697
13332,38,,,2018-08-04 22:42:03.361997,0.984375,0.10351332277059555
13333,39,,,2018-08-04 22:42:04.374119,0.921875,0.2486119568347931
13334,40,0.6642,1.3835946321487427,2018-08-04 22:42:05.317986,0.9375,0.27541205286979675
13335,41,,,2018-08-04 22:42:57.454530,0.9375,0.23824544250965118
13336,42,,,2018-08-04 22:42:58.372337,0.921875,0.1739133894443512
13337,43,,,2018-08-04 22:42:59.319423,0.953125,0.14080169796943665
13338,44,,,2018-08-04 22:43:00.277921,0.9375,0.20342084765434265
13339,45,,,2018-08-04 22:43:01.242596,0.984375,0.07362049072980881
13340,46,,,2018-08-04 22:43:02.179304,1.0,0.06361987441778183
13341,47,,,2018-08-04 22:43:03.104146,0.9375,0.19781550765037537
13342,48,,,2018-08-04 22:43:04.035744,0.953125,0.1288992315530777
13343,49,,,2018-08-04 22:43:04.978046,0.953125,0.15881824493408203
13344,50,,,2018-08-04 22:43:05.949670,1.0,0.07869189232587814
13345,51,,,2018-08-04 22:43:06.846888,0.96875,0.14133217930793762
13346,52,,,2018-08-04 22:43:07.784647,1.0,0.08773075044155121
13347,53,,,2018-08-04 22:43:08.711242,0.984375,0.09403031319379807
13348,54,,,2018-08-04 22:43:09.630570,0.984375,0.20101788640022278
13349,55,,,2018-08-04 22:43:10.538902,0.984375,0.09338630735874176
13350,56,,,2018-08-04 22:43:11.520614,1.0,0.08679777383804321
13351,57,,,2018-08-04 22:43:12.378061,1.0,0.07983960956335068
13352,58,,,2018-08-04 22:43:13.292272,0.984375,0.12469378113746643
13353,59,,,2018-08-04 22:43:14.212837,0.9375,0.2093466967344284
13354,60,0.665,1.3835290670394897,2018-08-04 22:43:15.153370,0.984375,0.08270210027694702
13355,61,,,2018-08-04 22:44:06.219803,1.0,0.046903662383556366
13356,62,,,2018-08-04 22:44:07.084048,0.921875,0.2169209122657776
13357,63,,,2018-08-04 22:44:07.911306,0.96875,0.128228098154068
13358,64,,,2018-08-04 22:44:08.788919,0.984375,0.07893325388431549
13359,65,,,2018-08-04 22:44:09.671750,0.96875,0.11181988567113876
13360,66,,,2018-08-04 22:44:10.507992,0.96875,0.1646708995103836
13361,67,,,2018-08-04 22:44:11.396829,0.96875,0.0915723368525505
13362,68,,,2018-08-04 22:44:12.353904,0.984375,0.07674716413021088
13363,69,,,2018-08-04 22:44:13.260922,0.890625,0.1964646577835083
13364,70,,,2018-08-04 22:44:14.171454,0.921875,0.21233829855918884
13365,71,,,2018-08-04 22:44:15.101747,1.0,0.06470447778701782
13366,72,,,2018-08-04 22:44:15.985798,1.0,0.0880216658115387
13367,73,,,2018-08-04 22:44:16.923037,0.953125,0.133738175034523
13368,74,,,2018-08-04 22:44:17.860043,0.984375,0.09575125575065613
13369,75,,,2018-08-04 22:44:18.740908,0.9375,0.16813166439533234
13370,76,,,2018-08-04 22:44:19.700098,0.953125,0.2200029045343399
13371,77,,,2018-08-04 22:44:20.622774,0.984375,0.1214151456952095
13372,78,,,2018-08-04 22:44:21.558422,0.96875,0.08779352158308029
13373,79,,,2018-08-04 22:44:22.452616,0.921875,0.1520746499300003
13374,80,0.6644,1.38474702835083,2018-08-04 22:44:23.279522,0.96875,0.11792291700839996
13375,81,,,2018-08-04 22:45:11.065622,0.96875,0.12198716402053833
13376,82,,,2018-08-04 22:45:11.986900,0.984375,0.11560197919607162
13377,83,,,2018-08-04 22:45:12.878111,1.0,0.08891825377941132
13378,84,,,2018-08-04 22:45:13.814318,0.984375,0.10299117863178253
13379,85,,,2018-08-04 22:45:14.794832,0.953125,0.11267160624265671
13380,86,,,2018-08-04 22:45:15.748250,0.90625,0.16705356538295746
13381,87,,,2018-08-04 22:45:16.658815,0.9375,0.1759268045425415
13382,88,,,2018-08-04 22:45:17.607190,1.0,0.0720776617527008
13383,89,,,2018-08-04 22:45:18.523246,0.921875,0.1707681566476822
13384,90,,,2018-08-04 22:45:19.384913,0.984375,0.10744055360555649
13385,91,,,2018-08-04 22:45:20.325590,0.96875,0.16442443430423737
13386,92,,,2018-08-04 22:45:21.286054,0.984375,0.11270669102668762
13387,93,,,2018-08-04 22:45:22.221763,0.9375,0.16851367056369781
13388,94,,,2018-08-04 22:45:23.138079,0.96875,0.1209675595164299
13389,95,,,2018-08-04 22:45:24.123677,0.984375,0.09403428435325623
13390,96,,,2018-08-04 22:45:25.087986,0.9375,0.21924269199371338
13391,97,,,2018-08-04 22:45:26.034671,0.96875,0.11328842490911484
13392,98,,,2018-08-04 22:45:26.985468,0.9375,0.1485748589038849
13393,99,,,2018-08-04 22:45:27.923786,0.9375,0.18124285340309143
13394,100,0.6644,1.385588526725769,2018-08-04 22:45:28.868520,0.984375,0.08113402128219604
13395,101,,,2018-08-04 22:46:19.377377,0.984375,0.07972326129674911
13396,102,,,2018-08-04 22:46:20.315439,0.96875,0.14333900809288025
13397,103,,,2018-08-04 22:46:21.195296,0.953125,0.15343840420246124
13398,104,,,2018-08-04 22:46:22.083894,0.9375,0.23616750538349152
13399,105,,,2018-08-04 22:46:22.972105,1.0,0.0799187570810318
13400,106,,,2018-08-04 22:46:23.878621,0.984375,0.10493474453687668
13401,107,,,2018-08-04 22:46:24.834860,0.984375,0.09503675252199173
13402,108,,,2018-08-04 22:46:25.827901,0.90625,0.21370545029640198
13403,109,,,2018-08-04 22:46:26.735109,0.9375,0.2160807102918625
13404,110,,,2018-08-04 22:46:27.631149,0.984375,0.0610528439283371
13405,111,,,2018-08-04 22:46:28.591214,0.96875,0.12443194538354874
13406,112,,,2018-08-04 22:46:29.538862,0.96875,0.11952383816242218
13407,113,,,2018-08-04 22:46:30.447936,0.96875,0.13110226392745972
13408,114,,,2018-08-04 22:46:31.421009,0.984375,0.07112567871809006
13409,115,,,2018-08-04 22:46:32.403398,0.96875,0.1178039014339447
13410,116,,,2018-08-04 22:46:33.297237,0.921875,0.22455385327339172
13411,117,,,2018-08-04 22:46:34.171619,0.953125,0.18159013986587524
13412,118,,,2018-08-04 22:46:35.089812,0.96875,0.0880349799990654
13413,119,,,2018-08-04 22:46:36.021998,0.984375,0.07838630676269531
13414,120,0.6647,1.3865530490875244,2018-08-04 22:46:36.972826,1.0,0.08968328684568405
13415,121,,,2018-08-04 22:47:29.828188,0.984375,0.11806315183639526
13416,122,,,2018-08-04 22:47:30.721042,0.9375,0.22388936579227448
13417,123,,,2018-08-04 22:47:31.598130,0.96875,0.15690696239471436
13418,124,,,2018-08-04 22:47:32.508165,0.9375,0.21122945845127106
13419,125,,,2018-08-04 22:47:33.391748,0.9375,0.30209851264953613
13420,126,,,2018-08-04 22:47:34.300343,0.96875,0.10586439073085785
13421,127,,,2018-08-04 22:47:35.174721,0.984375,0.12465307116508484
13422,128,,,2018-08-04 22:47:36.033591,0.984375,0.12324374169111252
13423,129,,,2018-08-04 22:47:36.883973,0.96875,0.12755882740020752
13424,130,,,2018-08-04 22:47:37.825915,0.96875,0.13231948018074036
13425,131,,,2018-08-04 22:47:38.668434,0.9375,0.244431272149086
13426,132,,,2018-08-04 22:47:39.671120,0.96875,0.13371360301971436
13427,133,,,2018-08-04 22:47:40.562662,0.984375,0.10195691138505936
13428,134,,,2018-08-04 22:47:41.420777,0.953125,0.13660892844200134
13429,135,,,2018-08-04 22:47:42.352459,1.0,0.10046710819005966
13430,136,,,2018-08-04 22:47:43.198006,0.96875,0.12303097546100616
13431,137,,,2018-08-04 22:47:44.158248,0.953125,0.14081133902072906
13432,138,,,2018-08-04 22:47:45.158980,0.984375,0.11627623438835144
13433,139,,,2018-08-04 22:47:46.175674,0.953125,0.12148740887641907
13434,140,0.6642,1.3878591060638428,2018-08-04 22:47:47.037420,0.953125,0.16621074080467224
13435,141,,,2018-08-04 22:48:39.702561,0.953125,0.145170196890831
13436,142,,,2018-08-04 22:48:40.594362,1.0,0.06536180526018143
13437,143,,,2018-08-04 22:48:41.507494,0.953125,0.15261584520339966
13438,144,,,2018-08-04 22:48:42.437767,0.9375,0.20385900139808655
13439,145,,,2018-08-04 22:48:43.279389,0.984375,0.07365434616804123
13440,146,,,2018-08-04 22:48:44.211709,0.984375,0.132791668176651
13441,147,,,2018-08-04 22:48:45.090263,0.90625,0.2794871926307678
13442,148,,,2018-08-04 22:48:46.006718,0.96875,0.11943487823009491
13443,149,,,2018-08-04 22:48:46.887211,0.953125,0.16502712666988373
13444,150,,,2018-08-04 22:48:47.860407,0.96875,0.11172328889369965
13445,151,,,2018-08-04 22:48:48.810468,1.0,0.030733751133084297
13446,152,,,2018-08-04 22:48:49.733419,0.984375,0.0973203033208847
13447,153,,,2018-08-04 22:48:50.706350,0.953125,0.10960231721401215
13448,154,,,2018-08-04 22:48:51.582052,0.984375,0.11163334548473358
13449,155,,,2018-08-04 22:48:52.476527,0.9375,0.1920916885137558
13450,156,,,2018-08-04 22:48:53.443956,0.953125,0.10154782235622406
13451,157,,,2018-08-04 22:48:54.349652,0.984375,0.11333072185516357
13452,158,,,2018-08-04 22:48:55.279499,0.921875,0.2412150502204895
13453,159,,,2018-08-04 22:48:56.243651,0.9375,0.154135599732399
13454,160,0.6645,1.3882378339767456,2018-08-04 22:48:57.180879,0.90625,0.1922418773174286
13455,161,,,2018-08-04 22:49:47.599707,0.953125,0.238943949341774
13456,162,,,2018-08-04 22:49:48.559336,0.953125,0.1525602787733078
13457,163,,,2018-08-04 22:49:49.561644,0.921875,0.21098169684410095
13458,164,,,2018-08-04 22:49:50.497142,0.984375,0.0620250478386879
13459,165,,,2018-08-04 22:49:51.423022,0.984375,0.12045855820178986
13460,166,,,2018-08-04 22:49:52.337063,1.0,0.09508831799030304
13461,167,,,2018-08-04 22:49:53.261804,0.953125,0.14237897098064423
13462,168,,,2018-08-04 22:49:54.144530,0.984375,0.08359882980585098
13463,169,,,2018-08-04 22:49:55.010748,0.96875,0.15102408826351166
13464,170,,,2018-08-04 22:49:55.916352,0.9375,0.1809052973985672
13465,171,,,2018-08-04 22:49:56.861445,0.984375,0.10849118232727051
13466,172,,,2018-08-04 22:49:57.764438,0.96875,0.13746312260627747
13467,173,,,2018-08-04 22:49:58.615864,0.96875,0.10535462945699692
13468,174,,,2018-08-04 22:49:59.477139,1.0,0.09924917668104172
13469,175,,,2018-08-04 22:50:00.351578,0.953125,0.18950673937797546
13470,176,,,2018-08-04 22:50:01.326643,0.9375,0.18964657187461853
13471,177,,,2018-08-04 22:50:02.274562,0.96875,0.16551804542541504
13472,178,,,2018-08-04 22:50:03.208180,0.984375,0.06280593574047089
13473,179,,,2018-08-04 22:50:04.140188,0.921875,0.25471290946006775
13474,180,0.6639,1.3884375095367432,2018-08-04 22:50:05.115183,0.984375,0.09491563588380814
13475,181,,,2018-08-04 22:50:57.475881,0.96875,0.10616113990545273
13476,182,,,2018-08-04 22:50:58.390367,0.921875,0.20873434841632843
13477,183,,,2018-08-04 22:50:59.316136,0.953125,0.13694778084754944
13478,184,,,2018-08-04 22:51:00.261341,0.953125,0.12022779136896133
13479,185,,,2018-08-04 22:51:01.183051,0.9375,0.16274215281009674
13480,186,,,2018-08-04 22:51:02.081275,1.0,0.07236739248037338
13481,187,,,2018-08-04 22:51:02.977077,0.984375,0.14117133617401123
13482,188,,,2018-08-04 22:51:03.944461,0.984375,0.06892703473567963
13483,189,,,2018-08-04 22:51:04.874331,0.96875,0.0853719636797905
13484,190,,,2018-08-04 22:51:05.781043,0.953125,0.24178217351436615
13485,191,,,2018-08-04 22:51:06.678744,0.9375,0.20514647662639618
13486,192,,,2018-08-04 22:51:07.666528,0.984375,0.11298808455467224
13487,193,,,2018-08-04 22:51:08.566316,0.984375,0.12288330495357513
13488,194,,,2018-08-04 22:51:09.509558,0.984375,0.11710856109857559
13489,195,,,2018-08-04 22:51:10.452681,0.90625,0.2767876386642456
13490,196,,,2018-08-04 22:51:11.379023,0.953125,0.1928890198469162
13491,197,,,2018-08-04 22:51:12.388018,0.96875,0.12684956192970276
13492,198,,,2018-08-04 22:51:13.318592,0.96875,0.11251582205295563
13493,199,,,2018-08-04 22:51:14.261671,0.984375,0.10180039703845978
13494,200,0.6647,1.3897011280059814,2018-08-04 22:51:15.186157,0.953125,0.1460680514574051
13495,201,,,2018-08-04 22:52:07.738618,0.984375,0.10823819041252136
13496,202,,,2018-08-04 22:52:08.535272,0.90625,0.2702990770339966
13497,203,,,2018-08-04 22:52:09.523286,0.96875,0.1428205966949463
13498,204,,,2018-08-04 22:52:10.496112,0.984375,0.13847729563713074
13499,205,,,2018-08-04 22:52:11.422530,0.9375,0.18202632665634155
13500,206,,,2018-08-04 22:52:12.371516,0.984375,0.16152821481227875
13501,207,,,2018-08-04 22:52:13.354427,0.984375,0.06971535086631775
13502,208,,,2018-08-04 22:52:14.294759,0.96875,0.11935979127883911
13503,209,,,2018-08-04 22:52:15.241210,0.984375,0.10184299945831299
13504,210,,,2018-08-04 22:52:16.195480,0.984375,0.07085290551185608
13505,211,,,2018-08-04 22:52:17.252960,0.984375,0.08530717343091965
13506,212,,,2018-08-04 22:52:18.338638,0.96875,0.14992780983448029
13507,213,,,2018-08-04 22:52:19.303163,1.0,0.05481944605708122
13508,214,,,2018-08-04 22:52:20.225899,0.984375,0.10820139944553375
13509,215,,,2018-08-04 22:52:21.130147,0.96875,0.10917583853006363
13510,216,,,2018-08-04 22:52:22.020991,0.953125,0.14481109380722046
13511,217,,,2018-08-04 22:52:22.961155,0.953125,0.126375213265419
13512,218,,,2018-08-04 22:52:23.836639,1.0,0.05021446943283081
13513,219,,,2018-08-04 22:52:24.819883,0.984375,0.12734484672546387
13514,220,0.6643,1.3892154693603516,2018-08-04 22:52:25.761152,0.984375,0.11172638833522797
13515,221,,,2018-08-04 22:53:18.093778,1.0,0.03865534067153931
13516,222,,,2018-08-04 22:53:18.988289,0.90625,0.20571264624595642
13517,223,,,2018-08-04 22:53:19.944753,0.96875,0.1363142877817154
13518,224,,,2018-08-04 22:53:20.865132,0.984375,0.10399769991636276
13519,225,,,2018-08-04 22:53:21.781672,0.921875,0.28529682755470276
13520,226,,,2018-08-04 22:53:22.707874,0.875,0.27178287506103516
13521,227,,,2018-08-04 22:53:23.596583,0.90625,0.1799079030752182
13522,228,,,2018-08-04 22:53:24.524809,0.9375,0.13447390496730804
13523,229,,,2018-08-04 22:53:25.457903,0.984375,0.11695634573698044
13524,230,,,2018-08-04 22:53:26.424980,0.953125,0.17025497555732727
13525,231,,,2018-08-04 22:53:27.287899,0.9375,0.19721966981887817
13526,232,,,2018-08-04 22:53:28.195442,0.9375,0.1573721021413803
13527,233,,,2018-08-04 22:53:29.231269,0.984375,0.12096983939409256
13528,234,,,2018-08-04 22:53:30.255019,0.921875,0.23038740456104279
13529,235,,,2018-08-04 22:53:31.198132,0.984375,0.11178666353225708
13530,236,,,2018-08-04 22:53:32.189109,0.953125,0.1819324940443039
13531,237,,,2018-08-04 22:53:33.089106,0.875,0.31165215373039246
13532,238,,,2018-08-04 22:53:33.967125,0.96875,0.11746693402528763
13533,239,,,2018-08-04 22:53:34.875768,0.984375,0.07849524915218353
13534,240,0.6642,1.3895100355148315,2018-08-04 22:53:35.848001,0.984375,0.053975775837898254
13535,241,,,2018-08-04 22:54:27.766689,0.9375,0.1553550809621811
13536,242,,,2018-08-04 22:54:28.731674,0.96875,0.11170349270105362
13537,243,,,2018-08-04 22:54:29.666437,0.9375,0.2492900937795639
13538,244,,,2018-08-04 22:54:30.589707,0.96875,0.1256527155637741
13539,245,,,2018-08-04 22:54:31.443334,0.96875,0.10432428866624832
13540,246,,,2018-08-04 22:54:32.368221,0.953125,0.14867977797985077
13541,247,,,2018-08-04 22:54:33.280927,0.953125,0.1530989557504654
13542,248,,,2018-08-04 22:54:34.228149,0.96875,0.08269160985946655
13543,249,,,2018-08-04 22:54:35.120875,0.984375,0.13039524853229523
13544,250,,,2018-08-04 22:54:35.990954,0.96875,0.20080840587615967
13545,251,,,2018-08-04 22:54:36.878030,0.921875,0.2747838497161865
13546,252,,,2018-08-04 22:54:37.731269,0.953125,0.12710709869861603
13547,253,,,2018-08-04 22:54:38.646395,0.9375,0.1991780549287796
13548,254,,,2018-08-04 22:54:39.595994,0.953125,0.15049821138381958
13549,255,,,2018-08-04 22:54:40.570788,0.96875,0.19033657014369965
13550,256,,,2018-08-04 22:54:41.566876,0.984375,0.11994810402393341
13551,257,,,2018-08-04 22:54:42.534350,0.96875,0.12571288645267487
13552,258,,,2018-08-04 22:54:43.411854,0.96875,0.16587385535240173
13553,259,,,2018-08-04 22:54:44.302400,0.90625,0.25346240401268005
13554,260,0.6646,1.3885890245437622,2018-08-04 22:54:45.247733,0.953125,0.2142942100763321
13555,261,,,2018-08-04 22:55:36.287985,0.890625,0.22674822807312012
13556,262,,,2018-08-04 22:55:37.162255,1.0,0.0647052451968193
13557,263,,,2018-08-04 22:55:38.145725,0.953125,0.12046781927347183
13558,264,,,2018-08-04 22:55:39.035805,0.953125,0.16187916696071625
13559,265,,,2018-08-04 22:55:39.951363,0.953125,0.14096830785274506
13560,266,,,2018-08-04 22:55:40.847657,0.96875,0.1382756531238556
13561,267,,,2018-08-04 22:55:41.849271,0.96875,0.18841639161109924
13562,268,,,2018-08-04 22:55:42.835265,0.953125,0.1572662740945816
13563,269,,,2018-08-04 22:55:43.764850,0.984375,0.115879125893116
13564,270,,,2018-08-04 22:55:44.741665,0.953125,0.13801129162311554
13565,271,,,2018-08-04 22:55:45.696170,0.984375,0.1500084549188614
13566,272,,,2018-08-04 22:55:46.627845,0.953125,0.19553224742412567
13567,273,,,2018-08-04 22:55:47.669374,0.953125,0.17309246957302094
13568,274,,,2018-08-04 22:55:48.623671,0.984375,0.09130322933197021
13569,275,,,2018-08-04 22:55:49.488478,0.984375,0.09768005460500717
13570,276,,,2018-08-04 22:55:50.436980,1.0,0.05154785141348839
13571,277,,,2018-08-04 22:55:51.339911,0.890625,0.2898469865322113
13572,278,,,2018-08-04 22:55:52.316889,0.9375,0.16165240108966827
13573,279,,,2018-08-04 22:55:53.194632,0.96875,0.09428548812866211
13574,280,0.6644,1.3890389204025269,2018-08-04 22:55:54.106428,0.96875,0.13495539128780365
13575,281,,,2018-08-04 22:56:46.303138,0.96875,0.11845547705888748
13576,282,,,2018-08-04 22:56:47.206799,0.921875,0.24648864567279816
13577,283,,,2018-08-04 22:56:48.164835,0.96875,0.15376833081245422
13578,284,,,2018-08-04 22:56:49.095114,0.96875,0.1404503434896469
13579,285,,,2018-08-04 22:56:49.986851,1.0,0.07671806216239929
13580,286,,,2018-08-04 22:56:50.922536,0.96875,0.09948653727769852
13581,287,,,2018-08-04 22:56:51.916579,0.953125,0.16461734473705292
13582,288,,,2018-08-04 22:56:52.816112,0.90625,0.37618502974510193
13583,289,,,2018-08-04 22:56:53.702324,0.984375,0.10908240079879761
13584,290,,,2018-08-04 22:56:54.615429,0.96875,0.11751539260149002
13585,291,,,2018-08-04 22:56:55.585244,0.953125,0.15815022587776184
13586,292,,,2018-08-04 22:56:56.529648,0.9375,0.18350137770175934
13587,293,,,2018-08-04 22:56:57.498986,0.984375,0.11903324723243713
13588,294,,,2018-08-04 22:56:58.390650,0.953125,0.14468400180339813
13589,295,,,2018-08-04 22:56:59.351613,0.921875,0.21891547739505768
13590,296,,,2018-08-04 22:57:00.360460,0.921875,0.1709308922290802
13591,297,,,2018-08-04 22:57:01.350134,0.96875,0.10168342292308807
13592,298,,,2018-08-04 22:57:02.239749,0.984375,0.12359181046485901
13593,299,,,2018-08-04 22:57:03.170246,0.96875,0.10384232550859451
13594,300,0.6634,1.3895283937454224,2018-08-04 22:57:04.112245,0.984375,0.10346630215644836
13595,301,,,2018-08-04 22:57:54.618293,0.953125,0.12049520760774612
13596,302,,,2018-08-04 22:57:55.568033,0.9375,0.15894564986228943
13597,303,,,2018-08-04 22:57:56.511420,1.0,0.06094508245587349
13598,304,,,2018-08-04 22:57:57.436601,0.96875,0.11882849782705307
13599,305,,,2018-08-04 22:57:58.340799,0.921875,0.27009111642837524
13600,306,,,2018-08-04 22:57:59.327181,1.0,0.10501527786254883
13601,307,,,2018-08-04 22:58:00.190683,0.890625,0.30244696140289307
13602,308,,,2018-08-04 22:58:01.102005,0.953125,0.15421465039253235
13603,309,,,2018-08-04 22:58:02.021938,0.96875,0.11620277166366577
13604,310,,,2018-08-04 22:58:02.985375,0.953125,0.15539924800395966
13605,311,,,2018-08-04 22:58:03.863718,0.9375,0.16179804503917694
13606,312,,,2018-08-04 22:58:04.781749,0.96875,0.12344113737344742
13607,313,,,2018-08-04 22:58:05.707989,1.0,0.08670620620250702
13608,314,,,2018-08-04 22:58:06.556374,0.984375,0.12974883615970612
13609,315,,,2018-08-04 22:58:07.398369,0.953125,0.133955180644989
13610,316,,,2018-08-04 22:58:08.338201,0.9375,0.21427060663700104
13611,317,,,2018-08-04 22:58:09.333554,0.984375,0.13695038855075836
13612,318,,,2018-08-04 22:58:10.278483,0.953125,0.1116059347987175
13613,319,,,2018-08-04 22:58:11.182041,0.953125,0.1678876429796219
13614,320,0.6641,1.3900034427642822,2018-08-04 22:58:12.134162,0.96875,0.09205152094364166
13615,321,,,2018-08-04 22:59:05.956010,1.0,0.08667762577533722
13616,322,,,2018-08-04 22:59:06.795821,0.921875,0.18087807297706604
13617,323,,,2018-08-04 22:59:07.797973,0.953125,0.14297069609165192
13618,324,,,2018-08-04 22:59:08.693261,0.96875,0.16393490135669708
13619,325,,,2018-08-04 22:59:09.663885,0.984375,0.09439374506473541
13620,326,,,2018-08-04 22:59:10.605820,0.96875,0.10660697519779205
13621,327,,,2018-08-04 22:59:11.502465,1.0,0.09001890569925308
13622,328,,,2018-08-04 22:59:12.435532,0.984375,0.08397013694047928
13623,329,,,2018-08-04 22:59:13.340795,0.9375,0.16111375391483307
13624,330,,,2018-08-04 22:59:14.336380,0.984375,0.11554457247257233
13625,331,,,2018-08-04 22:59:15.269785,1.0,0.04172361642122269
13626,332,,,2018-08-04 22:59:16.249538,0.984375,0.06988395750522614
13627,333,,,2018-08-04 22:59:17.225882,0.984375,0.0768524780869484
13628,334,,,2018-08-04 22:59:18.118799,0.953125,0.10727820545434952
13629,335,,,2018-08-04 22:59:19.074400,0.953125,0.13749665021896362
13630,336,,,2018-08-04 22:59:19.965754,1.0,0.08173232525587082
13631,337,,,2018-08-04 22:59:20.842016,0.96875,0.2803046405315399
13632,338,,,2018-08-04 22:59:21.763809,0.9375,0.22191652655601501
13633,339,,,2018-08-04 22:59:22.690680,0.953125,0.16560418903827667
13634,340,0.6649,1.390533208847046,2018-08-04 22:59:23.638560,0.9375,0.1577531099319458
13635,341,,,2018-08-04 23:00:13.555144,0.953125,0.2083401083946228
13636,342,,,2018-08-04 23:00:14.450608,0.96875,0.14469242095947266
13637,343,,,2018-08-04 23:00:15.371344,0.953125,0.121263287961483
13638,344,,,2018-08-04 23:00:16.310622,0.9375,0.2032771110534668
13639,345,,,2018-08-04 23:00:17.221641,0.90625,0.2090633362531662
13640,346,,,2018-08-04 23:00:18.191867,0.921875,0.22409802675247192
13641,347,,,2018-08-04 23:00:19.171887,0.984375,0.06760378926992416
13642,348,,,2018-08-04 23:00:20.139239,0.984375,0.08895188570022583
13643,349,,,2018-08-04 23:00:21.017513,0.984375,0.13320650160312653
13644,350,,,2018-08-04 23:00:21.941249,0.9375,0.16675549745559692
13645,351,,,2018-08-04 23:00:22.881585,0.984375,0.10081784427165985
13646,352,,,2018-08-04 23:00:23.758698,0.953125,0.1533031016588211
13647,353,,,2018-08-04 23:00:24.761343,0.9375,0.14725159108638763
13648,354,,,2018-08-04 23:00:25.641833,0.9375,0.21917328238487244
13649,355,,,2018-08-04 23:00:26.626389,1.0,0.09002145379781723
13650,356,,,2018-08-04 23:00:27.554161,0.9375,0.20745819807052612
13651,357,,,2018-08-04 23:00:28.540426,0.953125,0.1468300074338913
13652,358,,,2018-08-04 23:00:29.482857,0.96875,0.11399174481630325
13653,359,,,2018-08-04 23:00:30.445275,0.921875,0.276498943567276
13654,360,0.6648,1.3904705047607422,2018-08-04 23:00:31.447102,0.96875,0.129402294754982
13655,361,,,2018-08-04 23:01:24.887646,0.9375,0.20709547400474548
13656,362,,,2018-08-04 23:01:25.828234,0.96875,0.1684730350971222
13657,363,,,2018-08-04 23:01:26.726853,0.921875,0.2775863707065582
13658,364,,,2018-08-04 23:01:27.610466,0.96875,0.15448112785816193
13659,365,,,2018-08-04 23:01:28.518097,0.96875,0.09835261106491089
13660,366,,,2018-08-04 23:01:29.425965,0.953125,0.13844449818134308
13661,367,,,2018-08-04 23:01:30.359230,0.96875,0.0859302207827568
13662,368,,,2018-08-04 23:01:31.342659,0.9375,0.15586970746517181
13663,369,,,2018-08-04 23:01:32.382122,0.984375,0.06766634434461594
13664,370,,,2018-08-04 23:01:33.349314,0.953125,0.1752474457025528
13665,371,,,2018-08-04 23:01:34.325004,0.984375,0.10082504153251648
13666,372,,,2018-08-04 23:01:35.264784,0.921875,0.3119058609008789
13667,373,,,2018-08-04 23:01:36.231340,0.953125,0.18416990339756012
13668,374,,,2018-08-04 23:01:37.223904,0.96875,0.12112650275230408
13669,375,,,2018-08-04 23:01:38.191763,0.953125,0.11643898487091064
13670,376,,,2018-08-04 23:01:39.176905,1.0,0.07924050092697144
13671,377,,,2018-08-04 23:01:40.155061,0.96875,0.1476539969444275
13672,378,,,2018-08-04 23:01:41.175572,0.984375,0.08979405462741852
13673,379,,,2018-08-04 23:01:42.125525,0.96875,0.14960557222366333
13674,380,0.6658,1.3908590078353882,2018-08-04 23:01:43.022402,0.9375,0.1909225583076477
13675,381,,,2018-08-04 23:02:34.707699,0.96875,0.106129951775074
13676,382,,,2018-08-04 23:02:35.658941,0.96875,0.15579752624034882
13677,383,,,2018-08-04 23:02:36.631456,0.90625,0.21933920681476593
13678,384,,,2018-08-04 23:02:37.525615,0.984375,0.12615925073623657
13679,385,,,2018-08-04 23:02:38.390893,0.984375,0.08896518498659134
13680,386,,,2018-08-04 23:02:39.443567,0.90625,0.2434220016002655
13681,387,,,2018-08-04 23:02:40.452760,0.953125,0.1431877762079239
13682,388,,,2018-08-04 23:02:41.358750,0.921875,0.15683695673942566
13683,389,,,2018-08-04 23:02:42.350569,0.921875,0.19595535099506378
13684,390,,,2018-08-04 23:02:43.386421,0.984375,0.16350077092647552
13685,391,,,2018-08-04 23:02:44.339562,0.984375,0.10850788652896881
13686,392,,,2018-08-04 23:02:45.295909,0.96875,0.09387119859457016
13687,393,,,2018-08-04 23:02:46.283972,0.90625,0.2997446358203888
13688,394,,,2018-08-04 23:02:47.246048,0.953125,0.15580390393733978
13689,395,,,2018-08-04 23:02:48.085203,0.984375,0.06442750990390778
13690,396,,,2018-08-04 23:02:49.023440,0.953125,0.18747371435165405
13691,397,,,2018-08-04 23:02:49.930168,0.984375,0.14053180813789368
13692,398,,,2018-08-04 23:02:50.918885,0.984375,0.11652233451604843
13693,399,,,2018-08-04 23:02:51.784143,0.96875,0.12680253386497498
13694,400,0.6647,1.3909250497817993,2018-08-04 23:02:52.689309,0.96875,0.10653428733348846
13695,401,,,2018-08-04 23:03:45.725193,0.96875,0.15933382511138916
13696,402,,,2018-08-04 23:03:46.670180,0.96875,0.16812041401863098
13697,403,,,2018-08-04 23:03:47.576151,0.984375,0.08074568212032318
13698,404,,,2018-08-04 23:03:48.483486,0.984375,0.1227579191327095
13699,405,,,2018-08-04 23:03:49.361786,0.984375,0.10245288908481598
13700,406,,,2018-08-04 23:03:50.322567,0.953125,0.14455291628837585
13701,407,,,2018-08-04 23:03:51.194099,1.0,0.050038449466228485
13702,408,,,2018-08-04 23:03:52.098277,0.96875,0.2279212325811386
13703,409,,,2018-08-04 23:03:52.995686,0.953125,0.17659206688404083
13704,410,,,2018-08-04 23:03:53.855727,0.984375,0.06453964114189148
13705,411,,,2018-08-04 23:03:54.773368,0.984375,0.12493658065795898
13706,412,,,2018-08-04 23:03:55.682027,0.953125,0.1716764122247696
13707,413,,,2018-08-04 23:03:56.604032,0.984375,0.07197509706020355
13708,414,,,2018-08-04 23:03:57.509309,0.921875,0.1797085702419281
13709,415,,,2018-08-04 23:03:58.417355,0.96875,0.09233347326517105
13710,416,,,2018-08-04 23:03:59.261419,0.984375,0.08306919038295746
13711,417,,,2018-08-04 23:04:00.203753,0.90625,0.2054179161787033
13712,418,,,2018-08-04 23:04:01.053109,0.953125,0.15026552975177765
13713,419,,,2018-08-04 23:04:02.022683,0.953125,0.1579800248146057
13714,420,0.6648,1.3916990756988525,2018-08-04 23:04:02.911681,0.984375,0.07979914546012878
13715,421,,,2018-08-04 23:04:55.225786,0.96875,0.11818913370370865
13716,422,,,2018-08-04 23:04:56.120525,0.96875,0.16767852008342743
13717,423,,,2018-08-04 23:04:57.094430,0.953125,0.1965680718421936
13718,424,,,2018-08-04 23:04:58.098337,0.96875,0.16473041474819183
13719,425,,,2018-08-04 23:04:58.971818,0.953125,0.24869239330291748
13720,426,,,2018-08-04 23:04:59.852247,0.96875,0.14692655205726624
13721,427,,,2018-08-04 23:05:00.718229,0.984375,0.07205542922019958
13722,428,,,2018-08-04 23:05:01.661541,0.96875,0.1102469339966774
13723,429,,,2018-08-04 23:05:02.633678,0.9375,0.16431765258312225
13724,430,,,2018-08-04 23:05:03.641400,0.953125,0.12166570127010345
13725,431,,,2018-08-04 23:05:04.552891,0.921875,0.1815761774778366
13726,432,,,2018-08-04 23:05:05.527040,0.96875,0.11791934072971344
13727,433,,,2018-08-04 23:05:06.524884,0.96875,0.12160190939903259
13728,434,,,2018-08-04 23:05:07.423439,1.0,0.08188348263502121
13729,435,,,2018-08-04 23:05:08.338398,0.984375,0.08309630304574966
13730,436,,,2018-08-04 23:05:09.268972,0.96875,0.1481146216392517
13731,437,,,2018-08-04 23:05:10.231345,0.984375,0.1274213194847107
13732,438,,,2018-08-04 23:05:11.204720,0.953125,0.17162710428237915
13733,439,,,2018-08-04 23:05:12.066227,0.984375,0.06192319467663765
13734,440,0.6646,1.3920878171920776,2018-08-04 23:05:12.992656,0.953125,0.1385270655155182
13735,441,,,2018-08-04 23:06:04.808706,0.984375,0.09725409746170044
13736,442,,,2018-08-04 23:06:05.635970,0.984375,0.06938351690769196
13737,443,,,2018-08-04 23:06:06.603247,0.9375,0.14512571692466736
13738,444,,,2018-08-04 23:06:07.506279,0.984375,0.1178763136267662
13739,445,,,2018-08-04 23:06:08.439812,0.96875,0.12388530373573303
13740,446,,,2018-08-04 23:06:09.397169,0.96875,0.1073041781783104
13741,447,,,2018-08-04 23:06:10.343988,0.984375,0.1668580025434494
13742,448,,,2018-08-04 23:06:11.228736,0.953125,0.13290074467658997
13743,449,,,2018-08-04 23:06:12.088196,0.921875,0.13170225918293
13744,450,,,2018-08-04 23:06:12.988800,0.90625,0.19542916119098663
13745,451,,,2018-08-04 23:06:13.910361,0.921875,0.20680123567581177
13746,452,,,2018-08-04 23:06:14.777159,0.9375,0.1452953815460205
13747,453,,,2018-08-04 23:06:15.658651,0.9375,0.14852210879325867
13748,454,,,2018-08-04 23:06:16.567868,0.984375,0.17951348423957825
13749,455,,,2018-08-04 23:06:17.530098,0.96875,0.10769229382276535
13750,456,,,2018-08-04 23:06:18.449823,0.90625,0.23745444416999817
13751,457,,,2018-08-04 23:06:19.402813,0.984375,0.12076643109321594
13752,458,,,2018-08-04 23:06:20.347988,0.9375,0.2607177197933197
13753,459,,,2018-08-04 23:06:21.250594,0.96875,0.11174449324607849
13754,460,0.6652,1.3930625915527344,2018-08-04 23:06:22.198552,0.921875,0.18936386704444885
13755,461,,,2018-08-04 23:07:15.594931,0.96875,0.13556689023971558
13756,462,,,2018-08-04 23:07:16.548495,0.984375,0.08938141912221909
13757,463,,,2018-08-04 23:07:17.462732,0.96875,0.1245311051607132
13758,464,,,2018-08-04 23:07:18.412057,0.921875,0.13353988528251648
13759,465,,,2018-08-04 23:07:19.314334,0.984375,0.09885989874601364
13760,466,,,2018-08-04 23:07:20.323271,0.984375,0.07552440464496613
13761,467,,,2018-08-04 23:07:21.268909,0.921875,0.24572639167308807
13762,468,,,2018-08-04 23:07:22.292105,0.96875,0.11932793259620667
13763,469,,,2018-08-04 23:07:23.246845,0.984375,0.12660568952560425
13764,470,,,2018-08-04 23:07:24.081706,0.96875,0.16305071115493774
13765,471,,,2018-08-04 23:07:24.913862,0.984375,0.07887279987335205
13766,472,,,2018-08-04 23:07:25.791316,0.9375,0.2046685367822647
13767,473,,,2018-08-04 23:07:26.717263,0.984375,0.15608654916286469
13768,474,,,2018-08-04 23:07:27.594185,0.953125,0.20615416765213013
13769,475,,,2018-08-04 23:07:28.511665,0.953125,0.14410212635993958
13770,476,,,2018-08-04 23:07:29.450602,0.953125,0.13512319326400757
13771,477,,,2018-08-04 23:07:30.418017,0.984375,0.07897244393825531
13772,478,,,2018-08-04 23:07:31.378095,0.921875,0.17156216502189636
13773,479,,,2018-08-04 23:07:32.297823,0.953125,0.23660513758659363
13774,480,0.6647,1.393637776374817,2018-08-04 23:07:33.170753,0.953125,0.1551670879125595
13775,481,,,2018-08-04 23:08:26.108660,0.96875,0.16477717459201813
13776,482,,,2018-08-04 23:08:27.040763,0.9375,0.15244266390800476
13777,483,,,2018-08-04 23:08:27.958081,1.0,0.04810674861073494
13778,484,,,2018-08-04 23:08:28.956520,0.96875,0.126871719956398
13779,485,,,2018-08-04 23:08:29.994689,0.984375,0.12367553263902664
13780,486,,,2018-08-04 23:08:30.934511,0.9375,0.1491767019033432
13781,487,,,2018-08-04 23:08:31.947260,0.90625,0.1944599598646164
13782,488,,,2018-08-04 23:08:32.931094,0.9375,0.17760047316551208
13783,489,,,2018-08-04 23:08:33.858699,0.890625,0.24865704774856567
13784,490,,,2018-08-04 23:08:34.785966,0.984375,0.12103350460529327
13785,491,,,2018-08-04 23:08:35.778035,0.9375,0.21111729741096497
13786,492,,,2018-08-04 23:08:36.797104,0.984375,0.12418704479932785
13787,493,,,2018-08-04 23:08:37.721337,0.984375,0.10398072749376297
13788,494,,,2018-08-04 23:08:38.568812,0.96875,0.12132246792316437
13789,495,,,2018-08-04 23:08:39.469771,0.984375,0.1396457850933075
13790,496,,,2018-08-04 23:08:40.448127,0.984375,0.0882325991988182
13791,497,,,2018-08-04 23:08:41.374758,0.96875,0.13377442955970764
13792,498,,,2018-08-04 23:08:42.290761,0.984375,0.11490350216627121
13793,499,,,2018-08-04 23:08:43.138107,0.984375,0.12104496359825134
13794,500,0.6643,1.3945376873016357,2018-08-04 23:08:44.025666,0.9375,0.16131359338760376
13795,501,,,2018-08-04 23:09:34.969223,0.984375,0.13233715295791626
13796,502,,,2018-08-04 23:09:35.922448,0.96875,0.12636736035346985
13797,503,,,2018-08-04 23:09:36.943272,1.0,0.06890121102333069
13798,504,,,2018-08-04 23:09:37.918221,0.96875,0.11707214266061783
13799,505,,,2018-08-04 23:09:38.788729,0.953125,0.15577362477779388
13800,506,,,2018-08-04 23:09:39.705608,0.96875,0.13087177276611328
13801,507,,,2018-08-04 23:09:40.726368,0.953125,0.13810564577579498
13802,508,,,2018-08-04 23:09:41.732713,1.0,0.11562768369913101
13803,509,,,2018-08-04 23:09:42.709790,0.953125,0.13313645124435425
13804,510,,,2018-08-04 23:09:43.598062,0.953125,0.1763782799243927
13805,511,,,2018-08-04 23:09:44.562500,0.96875,0.16418370604515076
13806,512,,,2018-08-04 23:09:45.512418,1.0,0.07171637564897537
13807,513,,,2018-08-04 23:09:46.379533,0.984375,0.14800284802913666
13808,514,,,2018-08-04 23:09:47.308456,0.953125,0.1364241987466812
13809,515,,,2018-08-04 23:09:48.295741,0.984375,0.07529375702142715
13810,516,,,2018-08-04 23:09:49.277329,0.96875,0.1447104811668396
13811,517,,,2018-08-04 23:09:50.287872,0.984375,0.1762104481458664
13812,518,,,2018-08-04 23:09:51.267462,0.953125,0.1134607344865799
13813,519,,,2018-08-04 23:09:52.191413,0.96875,0.11573884636163712
13814,520,0.6643,1.3951151371002197,2018-08-04 23:09:53.175955,0.953125,0.11824822425842285
13815,521,,,2018-08-04 23:10:44.882668,0.921875,0.19478155672550201
13816,522,,,2018-08-04 23:10:45.792602,0.953125,0.18706154823303223
13817,523,,,2018-08-04 23:10:46.660711,0.96875,0.13723619282245636
13818,524,,,2018-08-04 23:10:47.603212,0.984375,0.08832519501447678
13819,525,,,2018-08-04 23:10:48.526487,0.984375,0.0799371525645256
13820,526,,,2018-08-04 23:10:49.419531,0.96875,0.21507394313812256
13821,527,,,2018-08-04 23:10:50.259850,0.984375,0.09498157352209091
13822,528,,,2018-08-04 23:10:51.146802,0.984375,0.09207556396722794
13823,529,,,2018-08-04 23:10:52.082611,0.984375,0.08432532101869583
13824,530,,,2018-08-04 23:10:53.096294,0.984375,0.11997691541910172
13825,531,,,2018-08-04 23:10:53.992120,0.984375,0.09473967552185059
13826,532,,,2018-08-04 23:10:54.942912,0.984375,0.09959039837121964
13827,533,,,2018-08-04 23:10:55.843582,1.0,0.09179262816905975
13828,534,,,2018-08-04 23:10:56.716103,0.96875,0.14422106742858887
13829,535,,,2018-08-04 23:10:57.655175,0.953125,0.1564563661813736
13830,536,,,2018-08-04 23:10:58.646985,0.984375,0.08217558264732361
13831,537,,,2018-08-04 23:10:59.578332,0.90625,0.17235317826271057
13832,538,,,2018-08-04 23:11:00.571033,0.921875,0.2855270206928253
13833,539,,,2018-08-04 23:11:01.540652,0.984375,0.07586845755577087
13834,540,0.6646,1.3962739706039429,2018-08-04 23:11:02.420436,0.984375,0.11440993845462799
13835,541,,,2018-08-04 23:11:54.649634,0.96875,0.12942290306091309
13836,542,,,2018-08-04 23:11:55.610908,0.984375,0.11713577061891556
13837,543,,,2018-08-04 23:11:56.577781,1.0,0.08772674202919006
13838,544,,,2018-08-04 23:11:57.464509,0.984375,0.07706983387470245
13839,545,,,2018-08-04 23:11:58.390892,1.0,0.10990068316459656
13840,546,,,2018-08-04 23:11:59.337246,0.984375,0.0862189531326294
13841,547,,,2018-08-04 23:12:00.274627,0.984375,0.08160636574029922
13842,548,,,2018-08-04 23:12:01.267807,0.90625,0.412214994430542
13843,549,,,2018-08-04 23:12:02.156957,0.953125,0.14133842289447784
13844,550,,,2018-08-04 23:12:03.103675,0.96875,0.1323123425245285
13845,551,,,2018-08-04 23:12:04.012365,0.96875,0.13087275624275208
13846,552,,,2018-08-04 23:12:04.926814,1.0,0.09416770190000534
13847,553,,,2018-08-04 23:12:05.869367,0.984375,0.07056242972612381
13848,554,,,2018-08-04 23:12:06.742189,0.96875,0.1483335942029953
13849,555,,,2018-08-04 23:12:07.632981,0.953125,0.11593888700008392
13850,556,,,2018-08-04 23:12:08.634091,0.984375,0.08225198090076447
13851,557,,,2018-08-04 23:12:09.546318,0.984375,0.11315254122018814
13852,558,,,2018-08-04 23:12:10.464563,0.9375,0.22186407446861267
13853,559,,,2018-08-04 23:12:11.302740,0.96875,0.10513326525688171
13854,560,0.665,1.3967411518096924,2018-08-04 23:12:12.257069,0.96875,0.12558339536190033
13855,561,,,2018-08-04 23:13:03.766074,0.984375,0.09133924543857574
13856,562,,,2018-08-04 23:13:04.660584,0.96875,0.12094471603631973
13857,563,,,2018-08-04 23:13:05.602093,0.953125,0.13080346584320068
13858,564,,,2018-08-04 23:13:06.514222,0.953125,0.2403600811958313
13859,565,,,2018-08-04 23:13:07.460619,0.953125,0.10974487662315369
13860,566,,,2018-08-04 23:13:08.442637,0.953125,0.08738105744123459
13861,567,,,2018-08-04 23:13:09.430611,0.96875,0.11712469905614853
13862,568,,,2018-08-04 23:13:10.313377,0.953125,0.1438567042350769
13863,569,,,2018-08-04 23:13:11.164455,0.9375,0.21559369564056396
13864,570,,,2018-08-04 23:13:12.158677,0.96875,0.14744944870471954
13865,571,,,2018-08-04 23:13:13.136187,0.96875,0.12355721741914749
13866,572,,,2018-08-04 23:13:14.094550,0.953125,0.18869268894195557
13867,573,,,2018-08-04 23:13:15.097146,0.984375,0.07688654959201813
13868,574,,,2018-08-04 23:13:16.054349,0.9375,0.17641010880470276
13869,575,,,2018-08-04 23:13:16.984866,0.96875,0.11350641399621964
13870,576,,,2018-08-04 23:13:17.921511,0.984375,0.06141272187232971
13871,577,,,2018-08-04 23:13:18.819901,0.984375,0.14568212628364563
13872,578,,,2018-08-04 23:13:19.708522,0.9375,0.2073768526315689
13873,579,,,2018-08-04 23:13:20.572715,0.921875,0.23851938545703888
13874,580,0.6648,1.3965941667556763,2018-08-04 23:13:21.522975,0.984375,0.08527018129825592
13875,581,,,2018-08-04 23:14:11.442919,0.96875,0.14451944828033447
13876,582,,,2018-08-04 23:14:12.312919,0.9375,0.2035266011953354
13877,583,,,2018-08-04 23:14:13.178982,0.96875,0.12567003071308136
13878,584,,,2018-08-04 23:14:14.015024,0.9375,0.32028767466545105
13879,585,,,2018-08-04 23:14:14.915293,0.9375,0.17482227087020874
13880,586,,,2018-08-04 23:14:15.829986,0.984375,0.1338946521282196
13881,587,,,2018-08-04 23:14:16.783894,0.96875,0.13928353786468506
13882,588,,,2018-08-04 23:14:17.703616,0.984375,0.10977067798376083
13883,589,,,2018-08-04 23:14:18.600133,0.96875,0.14180243015289307
13884,590,,,2018-08-04 23:14:19.480943,0.953125,0.17988526821136475
13885,591,,,2018-08-04 23:14:20.413873,0.96875,0.11734737455844879
13886,592,,,2018-08-04 23:14:21.354227,0.96875,0.10945703834295273
13887,593,,,2018-08-04 23:14:22.324320,1.0,0.11177276074886322
13888,594,,,2018-08-04 23:14:23.262067,0.9375,0.17992575466632843
13889,595,,,2018-08-04 23:14:24.202873,0.953125,0.18289631605148315
13890,596,,,2018-08-04 23:14:25.078062,0.953125,0.19884684681892395
13891,597,,,2018-08-04 23:14:26.029830,0.9375,0.15957942605018616
13892,598,,,2018-08-04 23:14:26.931989,0.96875,0.14526067674160004
13893,599,,,2018-08-04 23:14:27.883970,0.921875,0.20352843403816223
13894,600,0.6655,1.3959115743637085,2018-08-04 23:14:28.867231,0.96875,0.1419370472431183
13895,601,,,2018-08-04 23:15:21.782947,0.984375,0.13237276673316956
13896,602,,,2018-08-04 23:15:22.731691,0.96875,0.18106964230537415
13897,603,,,2018-08-04 23:15:23.712779,0.984375,0.07721053063869476
13898,604,,,2018-08-04 23:15:24.634676,0.984375,0.12335551530122757
13899,605,,,2018-08-04 23:15:25.595999,0.9375,0.19490621984004974
13900,606,,,2018-08-04 23:15:26.607692,0.9375,0.16695822775363922
13901,607,,,2018-08-04 23:15:27.560928,0.984375,0.09098047018051147
13902,608,,,2018-08-04 23:15:28.515173,0.953125,0.13330389559268951
13903,609,,,2018-08-04 23:15:29.480378,0.9375,0.17771729826927185
13904,610,,,2018-08-04 23:15:30.385078,0.9375,0.16843564808368683
13905,611,,,2018-08-04 23:15:31.241864,0.9375,0.19266767799854279
13906,612,,,2018-08-04 23:15:32.110647,0.953125,0.18275786936283112
13907,613,,,2018-08-04 23:15:33.030492,0.96875,0.10746996849775314
13908,614,,,2018-08-04 23:15:33.990826,0.96875,0.08800847083330154
13909,615,,,2018-08-04 23:15:34.941124,0.953125,0.1986219733953476
13910,616,,,2018-08-04 23:15:35.844706,0.96875,0.137242391705513
13911,617,,,2018-08-04 23:15:36.691950,0.984375,0.11559699475765228
13912,618,,,2018-08-04 23:15:37.579588,0.953125,0.1434219479560852
13913,619,,,2018-08-04 23:15:38.409753,0.984375,0.05882593244314194
13914,620,0.6649,1.3965598344802856,2018-08-04 23:15:39.281487,0.953125,0.16984745860099792
13915,621,,,2018-08-04 23:16:31.261184,0.984375,0.1315765529870987
13916,622,,,2018-08-04 23:16:32.136016,0.921875,0.2410965859889984
13917,623,,,2018-08-04 23:16:33.011038,0.984375,0.0656527653336525
13918,624,,,2018-08-04 23:16:33.891443,0.96875,0.11224865913391113
13919,625,,,2018-08-04 23:16:34.753470,0.921875,0.25083544850349426
13920,626,,,2018-08-04 23:16:35.701721,0.90625,0.2671656906604767
13921,627,,,2018-08-04 23:16:36.591095,0.9375,0.1626162976026535
13922,628,,,2018-08-04 23:16:37.516513,0.9375,0.15688768029212952
13923,629,,,2018-08-04 23:16:38.404465,0.96875,0.13380195200443268
13924,630,,,2018-08-04 23:16:39.211959,0.953125,0.21621087193489075
13925,631,,,2018-08-04 23:16:40.154008,0.96875,0.18036431074142456
13926,632,,,2018-08-04 23:16:41.145357,0.96875,0.1900223046541214
13927,633,,,2018-08-04 23:16:42.076678,0.96875,0.12951777875423431
13928,634,,,2018-08-04 23:16:42.953914,0.96875,0.08958271890878677
13929,635,,,2018-08-04 23:16:43.880261,0.984375,0.13045428693294525
13930,636,,,2018-08-04 23:16:44.699845,0.921875,0.21355147659778595
13931,637,,,2018-08-04 23:16:45.575638,0.953125,0.15329717099666595
13932,638,,,2018-08-04 23:16:46.500941,0.984375,0.0897141620516777
13933,639,,,2018-08-04 23:16:47.373215,0.96875,0.09935487061738968
13934,640,0.6652,1.396535038948059,2018-08-04 23:16:48.212031,0.96875,0.11940941214561462
13935,641,,,2018-08-04 23:17:40.735225,0.921875,0.15795058012008667
13936,642,,,2018-08-04 23:17:41.650924,0.984375,0.09356734901666641
13937,643,,,2018-08-04 23:17:42.607782,1.0,0.06963161379098892
13938,644,,,2018-08-04 23:17:43.483390,0.96875,0.1198601946234703
13939,645,,,2018-08-04 23:17:44.331948,0.984375,0.09780523926019669
13940,646,,,2018-08-04 23:17:45.234846,0.921875,0.3082335293292999
13941,647,,,2018-08-04 23:17:46.123645,1.0,0.06972754746675491
13942,648,,,2018-08-04 23:17:47.087724,0.96875,0.10786554217338562
13943,649,,,2018-08-04 23:17:48.016825,0.984375,0.06184661388397217
13944,650,,,2018-08-04 23:17:48.874939,0.96875,0.15051153302192688
13945,651,,,2018-08-04 23:17:49.765881,0.96875,0.10966905951499939
13946,652,,,2018-08-04 23:17:50.636483,0.953125,0.09992954134941101
13947,653,,,2018-08-04 23:17:51.534574,0.96875,0.09772377461194992
13948,654,,,2018-08-04 23:17:52.364078,0.984375,0.11611858010292053
13949,655,,,2018-08-04 23:17:53.216060,0.953125,0.19769637286663055
13950,656,,,2018-08-04 23:17:54.096419,0.921875,0.2620113492012024
13951,657,,,2018-08-04 23:17:54.973313,0.953125,0.12185711413621902
13952,658,,,2018-08-04 23:17:55.816301,0.96875,0.1377139687538147
13953,659,,,2018-08-04 23:17:56.727630,0.9375,0.17899101972579956
13954,660,0.6644,1.397348165512085,2018-08-04 23:17:57.580838,0.921875,0.18607869744300842
13955,661,,,2018-08-04 23:18:48.696093,0.96875,0.1329585760831833
13956,662,,,2018-08-04 23:18:49.583627,0.96875,0.13880731165409088
13957,663,,,2018-08-04 23:18:50.486480,1.0,0.08263834565877914
13958,664,,,2018-08-04 23:18:51.445442,0.984375,0.07265686988830566
13959,665,,,2018-08-04 23:18:52.318200,0.96875,0.11422029882669449
13960,666,,,2018-08-04 23:18:53.246241,0.984375,0.07182799279689789
13961,667,,,2018-08-04 23:18:54.060825,0.96875,0.17627321183681488
13962,668,,,2018-08-04 23:18:54.990858,0.9375,0.15457092225551605
13963,669,,,2018-08-04 23:18:55.877758,0.953125,0.11053849011659622
13964,670,,,2018-08-04 23:18:56.856155,0.96875,0.11355026811361313
13965,671,,,2018-08-04 23:18:57.889175,0.96875,0.11883627623319626
13966,672,,,2018-08-04 23:18:58.818500,0.953125,0.13861678540706635
13967,673,,,2018-08-04 23:18:59.726039,0.953125,0.13522794842720032
13968,674,,,2018-08-04 23:19:00.725671,0.953125,0.10611064732074738
13969,675,,,2018-08-04 23:19:01.610749,0.96875,0.1462579220533371
13970,676,,,2018-08-04 23:19:02.577940,0.96875,0.13764047622680664
13971,677,,,2018-08-04 23:19:03.537803,1.0,0.06139320135116577
13972,678,,,2018-08-04 23:19:04.503632,0.9375,0.18238826096057892
13973,679,,,2018-08-04 23:19:05.505567,0.953125,0.26386183500289917
13974,680,0.6641,1.3980244398117065,2018-08-04 23:19:06.575326,0.9375,0.14903739094734192
13975,681,,,2018-08-04 23:19:58.448709,1.0,0.05126075819134712
13976,682,,,2018-08-04 23:19:59.317841,0.984375,0.11731650680303574
13977,683,,,2018-08-04 23:20:00.218132,0.953125,0.12649913132190704
13978,684,,,2018-08-04 23:20:01.131326,1.0,0.12227027863264084
13979,685,,,2018-08-04 23:20:02.119458,1.0,0.053202737122774124
13980,686,,,2018-08-04 23:20:03.071355,0.953125,0.11601509153842926
13981,687,,,2018-08-04 23:20:04.027902,0.953125,0.18133392930030823
13982,688,,,2018-08-04 23:20:04.894538,0.984375,0.11738861352205276
13983,689,,,2018-08-04 23:20:05.773828,0.96875,0.14212854206562042
13984,690,,,2018-08-04 23:20:06.624472,0.9375,0.22315827012062073
13985,691,,,2018-08-04 23:20:07.513196,0.953125,0.10686920583248138
13986,692,,,2018-08-04 23:20:08.430889,0.953125,0.14513029158115387
13987,693,,,2018-08-04 23:20:09.304471,0.96875,0.1516851931810379
13988,694,,,2018-08-04 23:20:10.226013,0.984375,0.09216533601284027
13989,695,,,2018-08-04 23:20:11.159327,0.96875,0.12795622646808624
13990,696,,,2018-08-04 23:20:12.078917,0.953125,0.17060893774032593
13991,697,,,2018-08-04 23:20:12.886602,0.984375,0.1189274936914444
13992,698,,,2018-08-04 23:20:13.810067,0.96875,0.11104273051023483
13993,699,,,2018-08-04 23:20:14.732422,1.0,0.08336978405714035
13994,700,0.6645,1.3981773853302002,2018-08-04 23:20:15.729335,0.96875,0.14408144354820251
13995,701,,,2018-08-04 23:21:07.272923,0.921875,0.18518461287021637
13996,702,,,2018-08-04 23:21:08.137995,0.984375,0.08586178719997406
13997,703,,,2018-08-04 23:21:09.021338,0.96875,0.14848174154758453
13998,704,,,2018-08-04 23:21:09.859135,0.953125,0.12914833426475525
13999,705,,,2018-08-04 23:21:10.708210,0.96875,0.12417757511138916
14000,706,,,2018-08-04 23:21:11.649986,0.953125,0.17576293647289276
14001,707,,,2018-08-04 23:21:12.654372,0.953125,0.12873686850070953
14002,708,,,2018-08-04 23:21:13.547017,0.96875,0.1452716886997223
14003,709,,,2018-08-04 23:21:14.450929,1.0,0.052350543439388275
14004,710,,,2018-08-04 23:21:15.412633,0.9375,0.22610019147396088
14005,711,,,2018-08-04 23:21:16.362086,0.953125,0.18204915523529053
14006,712,,,2018-08-04 23:21:17.274892,1.0,0.08358486741781235
14007,713,,,2018-08-04 23:21:18.191964,0.890625,0.29128241539001465
14008,714,,,2018-08-04 23:21:19.090107,0.96875,0.17810291051864624
14009,715,,,2018-08-04 23:21:19.982981,0.984375,0.07452509552240372
14010,716,,,2018-08-04 23:21:20.922684,0.984375,0.10160822421312332
14011,717,,,2018-08-04 23:21:21.821496,0.9375,0.19556942582130432
14012,718,,,2018-08-04 23:21:22.764502,0.96875,0.1378214955329895
14013,719,,,2018-08-04 23:21:23.739503,1.0,0.05126875638961792
14014,720,0.6641,1.3995976448059082,2018-08-04 23:21:24.604582,0.96875,0.12020080536603928
14015,721,,,2018-08-04 23:22:16.916246,0.984375,0.07450663298368454
14016,722,,,2018-08-04 23:22:17.846498,0.96875,0.10203833878040314
14017,723,,,2018-08-04 23:22:18.688542,0.96875,0.1016392856836319
14018,724,,,2018-08-04 23:22:19.610551,0.953125,0.1450764387845993
14019,725,,,2018-08-04 23:22:20.575825,0.9375,0.17297551035881042
14020,726,,,2018-08-04 23:22:21.504172,0.984375,0.08787621557712555
14021,727,,,2018-08-04 23:22:22.543045,0.90625,0.2613806426525116
14022,728,,,2018-08-04 23:22:23.547460,0.953125,0.14277106523513794
14023,729,,,2018-08-04 23:22:24.496693,0.96875,0.11113389581441879
14024,730,,,2018-08-04 23:22:25.479117,0.921875,0.21448321640491486
14025,731,,,2018-08-04 23:22:26.363613,0.984375,0.07777388393878937
14026,732,,,2018-08-04 23:22:27.247724,0.953125,0.09855890274047852
14027,733,,,2018-08-04 23:22:28.131074,0.953125,0.180024191737175
14028,734,,,2018-08-04 23:22:29.103966,0.875,0.19355760514736176
14029,735,,,2018-08-04 23:22:29.995258,0.96875,0.11468253284692764
14030,736,,,2018-08-04 23:22:30.855408,0.984375,0.13366827368736267
14031,737,,,2018-08-04 23:22:31.776862,0.96875,0.16144947707653046
14032,738,,,2018-08-04 23:22:32.647906,1.0,0.07701316475868225
14033,739,,,2018-08-04 23:22:33.520588,0.984375,0.0860779881477356
14034,740,0.664,1.399827480316162,2018-08-04 23:22:34.525742,0.9375,0.1497919112443924
14035,741,,,2018-08-04 23:23:25.400559,0.96875,0.1161172017455101
14036,742,,,2018-08-04 23:23:26.303710,0.96875,0.12388663738965988
14037,743,,,2018-08-04 23:23:27.249782,0.984375,0.08069485425949097
14038,744,,,2018-08-04 23:23:28.192722,0.953125,0.0889892652630806
14039,745,,,2018-08-04 23:23:29.153936,0.9375,0.14566457271575928
14040,746,,,2018-08-04 23:23:30.114839,0.984375,0.08205912262201309
14041,747,,,2018-08-04 23:23:31.115472,0.96875,0.17001749575138092
14042,748,,,2018-08-04 23:23:32.019727,0.984375,0.08604650944471359
14043,749,,,2018-08-04 23:23:32.912026,0.953125,0.14440341293811798
14044,750,,,2018-08-04 23:23:33.803726,0.953125,0.11894384771585464
14045,751,,,2018-08-04 23:23:34.734123,0.96875,0.07886666804552078
14046,752,,,2018-08-04 23:23:35.657198,0.9375,0.1727389097213745
14047,753,,,2018-08-04 23:23:36.537878,0.953125,0.14053840935230255
14048,754,,,2018-08-04 23:23:37.462341,1.0,0.06256103515625
14049,755,,,2018-08-04 23:23:38.420458,0.96875,0.11545082181692123
14050,756,,,2018-08-04 23:23:39.397006,0.953125,0.11583678424358368
14051,757,,,2018-08-04 23:23:40.354315,0.9375,0.2155287265777588
14052,758,,,2018-08-04 23:23:41.404161,0.953125,0.1414526253938675
14053,759,,,2018-08-04 23:23:42.386373,0.9375,0.16439591348171234
14054,760,0.6641,1.3997480869293213,2018-08-04 23:23:43.240807,0.921875,0.19359739124774933
14055,761,,,2018-08-04 23:24:36.056962,0.984375,0.09130784869194031
14056,762,,,2018-08-04 23:24:36.974029,0.984375,0.08861728012561798
14057,763,,,2018-08-04 23:24:37.902493,0.96875,0.09665738791227341
14058,764,,,2018-08-04 23:24:38.835619,1.0,0.06635405868291855
14059,765,,,2018-08-04 23:24:39.696982,0.953125,0.19769731163978577
14060,766,,,2018-08-04 23:24:40.622328,0.984375,0.07936558872461319
14061,767,,,2018-08-04 23:24:41.549135,0.953125,0.1717921644449234
14062,768,,,2018-08-04 23:24:42.371133,0.953125,0.10359811037778854
14063,769,,,2018-08-04 23:24:43.328852,0.953125,0.21239520609378815
14064,770,,,2018-08-04 23:24:44.195335,0.984375,0.13273343443870544
14065,771,,,2018-08-04 23:24:45.052205,0.921875,0.11653703451156616
14066,772,,,2018-08-04 23:24:45.893117,0.96875,0.12141170352697372
14067,773,,,2018-08-04 23:24:46.857613,0.96875,0.14179979264736176
14068,774,,,2018-08-04 23:24:47.802250,0.953125,0.16699080169200897
14069,775,,,2018-08-04 23:24:48.746218,0.96875,0.1760500967502594
14070,776,,,2018-08-04 23:24:49.630813,0.9375,0.1927773654460907
14071,777,,,2018-08-04 23:24:50.539633,0.984375,0.09358925372362137
14072,778,,,2018-08-04 23:24:51.527079,0.984375,0.05930931866168976
14073,779,,,2018-08-04 23:24:52.447836,0.984375,0.08132936805486679
14074,780,0.6635,1.40006422996521,2018-08-04 23:24:53.362961,0.90625,0.19543364644050598
14075,781,,,2018-08-04 23:25:44.483779,1.0,0.038805123418569565
14076,0,,,2018-08-04 23:26:37.238253,0.984375,0.11803459376096725
14077,1,,,2018-08-04 23:26:38.187146,0.96875,0.08729510009288788
14078,2,,,2018-08-04 23:26:39.129797,0.96875,0.11154864728450775
14079,3,,,2018-08-04 23:26:40.114691,0.953125,0.18327638506889343
14080,4,,,2018-08-04 23:26:41.061765,0.984375,0.10918406397104263
14081,5,,,2018-08-04 23:26:42.070319,0.984375,0.06914057582616806
14082,6,,,2018-08-04 23:26:43.021074,0.9375,0.19660139083862305
14083,7,,,2018-08-04 23:26:43.974858,0.953125,0.12627263367176056
14084,8,,,2018-08-04 23:26:44.860770,1.0,0.05493083968758583
14085,9,,,2018-08-04 23:26:45.780392,0.953125,0.11271858960390091
14086,10,,,2018-08-04 23:26:46.712847,1.0,0.06573319435119629
14087,11,,,2018-08-04 23:26:47.654824,0.96875,0.11195516586303711
14088,12,,,2018-08-04 23:26:48.560640,1.0,0.055559396743774414
14089,13,,,2018-08-04 23:26:49.428126,0.953125,0.14860783517360687
14090,14,,,2018-08-04 23:26:50.337687,0.984375,0.0767645537853241
14091,15,,,2018-08-04 23:26:51.187818,0.984375,0.11588046699762344
14092,16,,,2018-08-04 23:26:52.025320,0.8125,0.38929110765457153
14093,17,,,2018-08-04 23:26:52.926666,0.96875,0.1838943064212799
14094,18,,,2018-08-04 23:26:53.812808,0.96875,0.20553317666053772
14095,19,,,2018-08-04 23:26:54.745849,0.984375,0.07202421873807907
14096,20,0.6647,1.3998879194259644,2018-08-04 23:26:55.720426,1.0,0.07909548282623291
14097,21,,,2018-08-04 23:27:47.714627,0.9375,0.29443055391311646
14098,22,,,2018-08-04 23:27:48.658720,0.953125,0.1577615588903427
14099,23,,,2018-08-04 23:27:49.584766,0.96875,0.12215573340654373
14100,24,,,2018-08-04 23:27:50.491307,0.953125,0.1898939162492752
14101,25,,,2018-08-04 23:27:51.448453,0.9375,0.1198718473315239
14102,26,,,2018-08-04 23:27:52.397626,0.953125,0.13188587129116058
14103,27,,,2018-08-04 23:27:53.346344,0.984375,0.1169738695025444
14104,28,,,2018-08-04 23:27:54.277363,0.890625,0.19708704948425293
14105,29,,,2018-08-04 23:27:55.153839,0.984375,0.11869072914123535
14106,30,,,2018-08-04 23:27:56.041734,0.953125,0.12103977054357529
14107,31,,,2018-08-04 23:27:56.979287,0.984375,0.041881971061229706
14108,32,,,2018-08-04 23:27:57.888679,0.984375,0.13236133754253387
14109,33,,,2018-08-04 23:27:58.852775,0.96875,0.10969658195972443
14110,34,,,2018-08-04 23:27:59.822133,0.96875,0.13046571612358093
14111,35,,,2018-08-04 23:28:00.728734,0.96875,0.11675108969211578
14112,36,,,2018-08-04 23:28:01.651487,1.0,0.06273100525140762
14113,37,,,2018-08-04 23:28:02.562242,0.9375,0.21694448590278625
14114,38,,,2018-08-04 23:28:03.520887,0.96875,0.1068739965558052
14115,39,,,2018-08-04 23:28:04.425210,0.921875,0.19531315565109253
14116,40,0.6648,1.4001542329788208,2018-08-04 23:28:05.374988,0.984375,0.09175217896699905
14117,41,,,2018-08-04 23:28:57.045856,0.953125,0.14391487836837769
14118,42,,,2018-08-04 23:28:57.944716,0.984375,0.07278192043304443
14119,43,,,2018-08-04 23:28:58.939954,0.984375,0.07558050006628036
14120,44,,,2018-08-04 23:28:59.815389,0.984375,0.06863189488649368
14121,45,,,2018-08-04 23:29:00.702644,0.984375,0.08655748516321182
14122,46,,,2018-08-04 23:29:01.578855,0.984375,0.0693250223994255
14123,47,,,2018-08-04 23:29:02.458244,0.984375,0.08182063698768616
14124,48,,,2018-08-04 23:29:03.380693,0.96875,0.12211865186691284
14125,49,,,2018-08-04 23:29:04.305680,0.96875,0.1154734194278717
14126,50,,,2018-08-04 23:29:05.302835,0.96875,0.07986505329608917
14127,51,,,2018-08-04 23:29:06.310150,0.96875,0.10604915767908096
14128,52,,,2018-08-04 23:29:07.316573,1.0,0.08335898816585541
14129,53,,,2018-08-04 23:29:08.362421,0.96875,0.09335046261548996
14130,54,,,2018-08-04 23:29:09.393395,0.953125,0.13755054771900177
14131,55,,,2018-08-04 23:29:10.340039,0.984375,0.11464660614728928
14132,56,,,2018-08-04 23:29:11.249436,0.9375,0.1249842643737793
14133,57,,,2018-08-04 23:29:12.146467,0.96875,0.14050741493701935
14134,58,,,2018-08-04 23:29:13.027498,0.953125,0.12960055470466614
14135,59,,,2018-08-04 23:29:13.949797,0.9375,0.24142207205295563
14136,60,0.6641,1.4007182121276855,2018-08-04 23:29:14.788897,0.921875,0.16000500321388245
14137,61,,,2018-08-04 23:30:05.385115,0.9375,0.21120072901248932
14138,62,,,2018-08-04 23:30:06.296021,0.9375,0.16727349162101746
14139,63,,,2018-08-04 23:30:07.187400,0.984375,0.07152629643678665
14140,64,,,2018-08-04 23:30:08.121697,0.9375,0.2143603265285492
14141,65,,,2018-08-04 23:30:09.009186,0.96875,0.12277881056070328
14142,66,,,2018-08-04 23:30:09.873557,0.9375,0.1652611643075943
14143,67,,,2018-08-04 23:30:10.766552,0.953125,0.13091500103473663
14144,68,,,2018-08-04 23:30:11.653365,0.953125,0.15775558352470398
14145,69,,,2018-08-04 23:30:12.569492,0.96875,0.13030162453651428
14146,70,,,2018-08-04 23:30:13.470522,0.9375,0.1497248411178589
14147,71,,,2018-08-04 23:30:14.428849,0.953125,0.14508937299251556
14148,72,,,2018-08-04 23:30:15.389661,0.953125,0.15904657542705536
14149,73,,,2018-08-04 23:30:16.356026,0.96875,0.0977979451417923
14150,74,,,2018-08-04 23:30:17.235346,0.984375,0.11408045887947083
14151,75,,,2018-08-04 23:30:18.080778,0.953125,0.13874438405036926
14152,76,,,2018-08-04 23:30:18.980660,0.9375,0.26302286982536316
14153,77,,,2018-08-04 23:30:19.884240,0.921875,0.3062283992767334
14154,78,,,2018-08-04 23:30:20.843579,1.0,0.05865448713302612
14155,79,,,2018-08-04 23:30:21.809502,0.953125,0.18316411972045898
14156,80,0.6636,1.4012314081192017,2018-08-04 23:30:22.741937,0.953125,0.21934707462787628
14157,81,,,2018-08-04 23:31:15.039414,0.9375,0.22059395909309387
14158,82,,,2018-08-04 23:31:15.947222,0.953125,0.11430250853300095
14159,83,,,2018-08-04 23:31:16.822269,0.984375,0.08679041266441345
14160,84,,,2018-08-04 23:31:17.770295,0.984375,0.0994451642036438
14161,85,,,2018-08-04 23:31:18.686521,0.96875,0.09438822418451309
14162,86,,,2018-08-04 23:31:19.556885,0.984375,0.09009017795324326
14163,87,,,2018-08-04 23:31:20.447136,0.953125,0.2244674265384674
14164,88,,,2018-08-04 23:31:21.329320,0.9375,0.17021127045154572
14165,89,,,2018-08-04 23:31:22.234349,0.9375,0.18189606070518494
14166,90,,,2018-08-04 23:31:23.161567,0.953125,0.27818262577056885
14167,91,,,2018-08-04 23:31:24.070021,0.921875,0.18360905349254608
14168,92,,,2018-08-04 23:31:24.903249,0.984375,0.09615875780582428
14169,93,,,2018-08-04 23:31:25.785890,0.984375,0.12553057074546814
14170,94,,,2018-08-04 23:31:26.772548,1.0,0.0751887857913971
14171,95,,,2018-08-04 23:31:27.717843,1.0,0.06840191036462784
14172,96,,,2018-08-04 23:31:28.704919,0.9375,0.2596023678779602
14173,97,,,2018-08-04 23:31:29.594366,0.984375,0.07525742053985596
14174,98,,,2018-08-04 23:31:30.525940,0.984375,0.08082669228315353
14175,99,,,2018-08-04 23:31:31.522658,0.953125,0.11697831749916077
14176,100,0.664,1.4021435976028442,2018-08-04 23:31:32.459412,0.953125,0.14766569435596466
14177,101,,,2018-08-04 23:32:24.787038,0.9375,0.15052026510238647
14178,102,,,2018-08-04 23:32:25.695567,0.96875,0.1228071004152298
14179,103,,,2018-08-04 23:32:26.598136,0.921875,0.21437539160251617
14180,104,,,2018-08-04 23:32:27.501862,0.984375,0.12526676058769226
14181,105,,,2018-08-04 23:32:28.456470,0.984375,0.10833162814378738
14182,106,,,2018-08-04 23:32:29.387031,0.96875,0.14865458011627197
14183,107,,,2018-08-04 23:32:30.220510,0.953125,0.22130095958709717
14184,108,,,2018-08-04 23:32:31.134269,0.9375,0.15069563686847687
14185,109,,,2018-08-04 23:32:32.048082,0.953125,0.2000175565481186
14186,110,,,2018-08-04 23:32:32.936425,0.953125,0.1990499496459961
14187,111,,,2018-08-04 23:32:33.853762,0.953125,0.2209014892578125
14188,112,,,2018-08-04 23:32:34.806831,0.984375,0.0810028687119484
14189,113,,,2018-08-04 23:32:35.738154,0.96875,0.0899113193154335
14190,114,,,2018-08-04 23:32:36.713103,0.984375,0.11033007502555847
14191,115,,,2018-08-04 23:32:37.626377,0.96875,0.12579938769340515
14192,116,,,2018-08-04 23:32:38.492949,0.984375,0.1309640109539032
14193,117,,,2018-08-04 23:32:39.368848,0.984375,0.07221121340990067
14194,118,,,2018-08-04 23:32:40.186492,0.96875,0.10635963082313538
14195,119,,,2018-08-04 23:32:41.058898,0.921875,0.17864246666431427
14196,120,0.6634,1.402803659439087,2018-08-04 23:32:42.047673,0.96875,0.11680492758750916
14197,121,,,2018-08-04 23:33:33.667194,0.9375,0.21407613158226013
14198,122,,,2018-08-04 23:33:34.610167,0.984375,0.11072804033756256
14199,123,,,2018-08-04 23:33:35.521577,0.984375,0.11706309020519257
14200,124,,,2018-08-04 23:33:36.457942,0.96875,0.08065151423215866
14201,125,,,2018-08-04 23:33:37.384816,1.0,0.07932450622320175
14202,126,,,2018-08-04 23:33:38.272253,0.984375,0.15182673931121826
14203,127,,,2018-08-04 23:33:39.198924,0.984375,0.0826048031449318
14204,128,,,2018-08-04 23:33:40.069413,0.953125,0.13025875389575958
14205,129,,,2018-08-04 23:33:41.023728,0.96875,0.1866048127412796
14206,130,,,2018-08-04 23:33:41.960410,0.984375,0.07406813651323318
14207,131,,,2018-08-04 23:33:42.903117,0.953125,0.17639316618442535
14208,132,,,2018-08-04 23:33:43.934418,0.9375,0.14812573790550232
14209,133,,,2018-08-04 23:33:44.866686,0.953125,0.1885668933391571
14210,134,,,2018-08-04 23:33:45.880788,0.984375,0.061409737914800644
14211,135,,,2018-08-04 23:33:46.726283,0.984375,0.10521511733531952
14212,136,,,2018-08-04 23:33:47.705037,0.96875,0.13540907204151154
14213,137,,,2018-08-04 23:33:48.527108,0.921875,0.17625407874584198
14214,138,,,2018-08-04 23:33:49.457903,0.96875,0.15316142141819
14215,139,,,2018-08-04 23:33:50.399559,0.953125,0.13494254648685455
14216,140,0.6633,1.403244972229004,2018-08-04 23:33:51.231972,0.953125,0.15409152209758759
14217,141,,,2018-08-04 23:34:37.888330,1.0,0.11746922880411148
14218,142,,,2018-08-04 23:34:38.842282,0.984375,0.11363264918327332
14219,143,,,2018-08-04 23:34:39.792789,0.96875,0.08178906887769699
14220,144,,,2018-08-04 23:34:40.709463,0.984375,0.09931052476167679
14221,145,,,2018-08-04 23:34:41.603268,0.953125,0.12121284008026123
14222,146,,,2018-08-04 23:34:42.496736,0.96875,0.13044586777687073
14223,147,,,2018-08-04 23:34:43.437373,0.953125,0.16842854022979736
14224,148,,,2018-08-04 23:34:44.342028,0.953125,0.1402282863855362
14225,149,,,2018-08-04 23:34:45.247634,1.0,0.08164738118648529
14226,150,,,2018-08-04 23:34:46.138969,0.953125,0.1490444540977478
14227,151,,,2018-08-04 23:34:47.048581,0.984375,0.11908973008394241
14228,152,,,2018-08-04 23:34:47.945119,0.9375,0.2652723789215088
14229,153,,,2018-08-04 23:34:48.882074,0.953125,0.11940151453018188
14230,154,,,2018-08-04 23:34:49.834354,0.96875,0.14059722423553467
14231,155,,,2018-08-04 23:34:50.843734,0.984375,0.11155089735984802
14232,156,,,2018-08-04 23:34:51.841097,0.921875,0.17504362761974335
14233,157,,,2018-08-04 23:34:52.784486,0.96875,0.09820212423801422
14234,158,,,2018-08-04 23:34:53.646296,0.96875,0.14705246686935425
14235,159,,,2018-08-04 23:34:54.477975,1.0,0.07690773159265518
14236,160,0.664,1.4032701253890991,2018-08-04 23:34:55.467397,0.953125,0.181098073720932
14237,161,,,2018-08-04 23:35:48.127313,0.9375,0.1991977095603943
14238,162,,,2018-08-04 23:35:49.026912,0.953125,0.1954270303249359
14239,163,,,2018-08-04 23:35:49.926451,0.96875,0.0877593383193016
14240,164,,,2018-08-04 23:35:50.817119,0.9375,0.15532158315181732
14241,165,,,2018-08-04 23:35:51.695980,0.984375,0.14855316281318665
14242,166,,,2018-08-04 23:35:52.605226,0.9375,0.15877342224121094
14243,167,,,2018-08-04 23:35:53.542459,1.0,0.08153132349252701
14244,168,,,2018-08-04 23:35:54.412893,0.953125,0.1803635209798813
14245,169,,,2018-08-04 23:35:55.263920,0.953125,0.1510489135980606
14246,170,,,2018-08-04 23:35:56.167561,0.953125,0.10272301733493805
14247,171,,,2018-08-04 23:35:57.068505,0.9375,0.12748676538467407
14248,172,,,2018-08-04 23:35:57.929584,0.90625,0.28850311040878296
14249,173,,,2018-08-04 23:35:58.823621,0.984375,0.1160348579287529
14250,174,,,2018-08-04 23:35:59.741699,0.953125,0.11455491185188293
14251,175,,,2018-08-04 23:36:00.632891,0.953125,0.15511129796504974
14252,176,,,2018-08-04 23:36:01.651788,0.953125,0.17997942864894867
14253,177,,,2018-08-04 23:36:02.483149,0.96875,0.10995756834745407
14254,178,,,2018-08-04 23:36:03.391024,0.96875,0.11338312923908234
14255,179,,,2018-08-04 23:36:04.384667,0.96875,0.16150064766407013
14256,180,0.6643,1.4039413928985596,2018-08-04 23:36:05.356232,0.96875,0.13294680416584015
14257,181,,,2018-08-04 23:36:56.773404,0.96875,0.10772917419672012
14258,182,,,2018-08-04 23:36:57.634858,0.96875,0.11387748271226883
14259,183,,,2018-08-04 23:36:58.672098,0.953125,0.2294076532125473
14260,184,,,2018-08-04 23:36:59.684025,0.96875,0.1501433253288269
14261,185,,,2018-08-04 23:37:00.598629,0.984375,0.1193651482462883
14262,186,,,2018-08-04 23:37:01.501681,0.984375,0.08757409453392029
14263,187,,,2018-08-04 23:37:02.386041,0.953125,0.10874062776565552
14264,188,,,2018-08-04 23:37:03.298285,0.953125,0.1502244472503662
14265,189,,,2018-08-04 23:37:04.251923,0.984375,0.10393580794334412
14266,190,,,2018-08-04 23:37:05.223551,0.90625,0.20670324563980103
14267,191,,,2018-08-04 23:37:06.150398,0.953125,0.15176621079444885
14268,192,,,2018-08-04 23:37:07.094557,0.953125,0.1695747673511505
14269,193,,,2018-08-04 23:37:07.985500,0.890625,0.2921881675720215
14270,194,,,2018-08-04 23:37:08.889936,0.921875,0.15806859731674194
14271,195,,,2018-08-04 23:37:09.825881,0.953125,0.16833052039146423
14272,196,,,2018-08-04 23:37:10.593037,0.984375,0.09105842560529709
14273,197,,,2018-08-04 23:37:11.623897,0.953125,0.15364216268062592
14274,198,,,2018-08-04 23:37:12.529754,0.96875,0.2027738094329834
14275,199,,,2018-08-04 23:37:13.410490,0.921875,0.22494426369667053
14276,200,0.6643,1.4045817852020264,2018-08-04 23:37:14.325316,0.984375,0.08329851925373077
14277,201,,,2018-08-04 23:38:06.172495,0.953125,0.17407648265361786
14278,202,,,2018-08-04 23:38:07.077183,1.0,0.08206955343484879
14279,203,,,2018-08-04 23:38:08.032981,1.0,0.0836590901017189
14280,204,,,2018-08-04 23:38:08.931487,0.96875,0.16421692073345184
14281,205,,,2018-08-04 23:38:09.851571,0.984375,0.11733289062976837
14282,206,,,2018-08-04 23:38:10.746199,0.9375,0.27896419167518616
14283,207,,,2018-08-04 23:38:11.652558,0.953125,0.09940791130065918
14284,208,,,2018-08-04 23:38:12.559105,0.96875,0.1443788856267929
14285,209,,,2018-08-04 23:38:13.459387,0.96875,0.1218317374587059
14286,210,,,2018-08-04 23:38:14.380901,0.953125,0.15113577246665955
14287,211,,,2018-08-04 23:38:15.322381,0.9375,0.14479462802410126
14288,212,,,2018-08-04 23:38:16.240128,0.96875,0.08342983573675156
14289,213,,,2018-08-04 23:38:17.123524,0.96875,0.16110046207904816
14290,214,,,2018-08-04 23:38:18.034189,0.984375,0.11100488156080246
14291,215,,,2018-08-04 23:38:18.932441,0.96875,0.16522881388664246
14292,216,,,2018-08-04 23:38:19.819570,0.96875,0.13757841289043427
14293,217,,,2018-08-04 23:38:20.735810,0.96875,0.10365689545869827
14294,218,,,2018-08-04 23:38:21.643618,0.984375,0.11709839850664139
14295,219,,,2018-08-04 23:38:22.548737,0.96875,0.11148392409086227
14296,220,0.6643,1.4049482345581055,2018-08-04 23:38:23.499693,0.921875,0.2604663074016571
14297,221,,,2018-08-04 23:39:15.670085,0.96875,0.15970264375209808
14298,222,,,2018-08-04 23:39:16.612424,0.96875,0.1282452642917633
14299,223,,,2018-08-04 23:39:17.571835,0.953125,0.10961728543043137
14300,224,,,2018-08-04 23:39:18.565736,0.921875,0.1644965261220932
14301,225,,,2018-08-04 23:39:19.510790,0.9375,0.18701118230819702
14302,226,,,2018-08-04 23:39:20.436428,0.9375,0.20682556927204132
14303,227,,,2018-08-04 23:39:21.312060,1.0,0.062347374856472015
14304,228,,,2018-08-04 23:39:22.224908,0.9375,0.18812516331672668
14305,229,,,2018-08-04 23:39:23.170357,0.953125,0.15595349669456482
14306,230,,,2018-08-04 23:39:24.077111,0.96875,0.09945757687091827
14307,231,,,2018-08-04 23:39:24.985671,0.96875,0.1084027886390686
14308,232,,,2018-08-04 23:39:25.872268,0.9375,0.23136581480503082
14309,233,,,2018-08-04 23:39:26.778853,0.984375,0.08860576152801514
14310,234,,,2018-08-04 23:39:27.669384,0.96875,0.09684069454669952
14311,235,,,2018-08-04 23:39:28.518147,0.953125,0.1155986413359642
14312,236,,,2018-08-04 23:39:29.448515,0.984375,0.07640352100133896
14313,237,,,2018-08-04 23:39:30.440308,0.96875,0.12626002728939056
14314,238,,,2018-08-04 23:39:31.466088,0.96875,0.1080329641699791
14315,239,,,2018-08-04 23:39:32.410075,0.921875,0.1642453968524933
14316,240,0.6642,1.4054794311523438,2018-08-04 23:39:33.365280,0.984375,0.08790746331214905
14317,241,,,2018-08-04 23:40:25.116458,0.96875,0.09438534080982208
14318,242,,,2018-08-04 23:40:26.015899,0.984375,0.11028207093477249
14319,243,,,2018-08-04 23:40:26.927673,0.96875,0.13883428275585175
14320,244,,,2018-08-04 23:40:27.902457,0.953125,0.14941756427288055
14321,245,,,2018-08-04 23:40:28.808174,0.953125,0.13303661346435547
14322,246,,,2018-08-04 23:40:29.720165,0.953125,0.14069078862667084
14323,247,,,2018-08-04 23:40:30.678171,0.953125,0.17112959921360016
14324,248,,,2018-08-04 23:40:31.622990,0.9375,0.18360163271427155
14325,249,,,2018-08-04 23:40:32.530343,1.0,0.07572285085916519
14326,250,,,2018-08-04 23:40:33.541902,0.96875,0.11513637751340866
14327,251,,,2018-08-04 23:40:34.481222,0.96875,0.09778307378292084
14328,252,,,2018-08-04 23:40:35.357551,0.984375,0.16686265170574188
14329,253,,,2018-08-04 23:40:36.296904,0.953125,0.11490731686353683
14330,254,,,2018-08-04 23:40:37.258368,0.953125,0.16103805601596832
14331,255,,,2018-08-04 23:40:38.179336,0.9375,0.18169304728507996
14332,256,,,2018-08-04 23:40:39.175795,0.96875,0.09801468253135681
14333,257,,,2018-08-04 23:40:40.096699,1.0,0.08846848458051682
14334,258,,,2018-08-04 23:40:41.101182,0.984375,0.10792062431573868
14335,259,,,2018-08-04 23:40:42.058372,0.984375,0.09605707228183746
14336,260,0.6643,1.405242919921875,2018-08-04 23:40:42.969284,0.9375,0.14888377487659454
14337,261,,,2018-08-04 23:41:35.853519,0.9375,0.15311403572559357
14338,262,,,2018-08-04 23:41:36.811980,0.984375,0.09731423109769821
14339,263,,,2018-08-04 23:41:37.750168,0.953125,0.14369294047355652
14340,264,,,2018-08-04 23:41:38.683009,0.90625,0.18956781923770905
14341,265,,,2018-08-04 23:41:39.610335,0.953125,0.14613410830497742
14342,266,,,2018-08-04 23:41:40.516574,0.984375,0.12467481195926666
14343,267,,,2018-08-04 23:41:41.411148,0.9375,0.19928351044654846
14344,268,,,2018-08-04 23:41:42.314813,0.984375,0.1285730004310608
14345,269,,,2018-08-04 23:41:43.243745,0.984375,0.0918530598282814
14346,270,,,2018-08-04 23:41:44.160016,0.921875,0.15867047011852264
14347,271,,,2018-08-04 23:41:45.117474,0.96875,0.10163718461990356
14348,272,,,2018-08-04 23:41:46.032260,0.90625,0.21292199194431305
14349,273,,,2018-08-04 23:41:46.918033,0.96875,0.1408076137304306
14350,274,,,2018-08-04 23:41:47.895911,0.96875,0.1565207988023758
14351,275,,,2018-08-04 23:41:48.898013,0.96875,0.09104032069444656
14352,276,,,2018-08-04 23:41:49.766026,0.953125,0.09976807236671448
14353,277,,,2018-08-04 23:41:50.629039,0.953125,0.18446888029575348
14354,278,,,2018-08-04 23:41:51.489262,0.96875,0.10590647906064987
14355,279,,,2018-08-04 23:41:52.400764,0.984375,0.09666629135608673
14356,280,0.6638,1.4054614305496216,2018-08-04 23:41:53.288499,1.0,0.07537255436182022
14357,281,,,2018-08-04 23:42:45.738937,1.0,0.06128476932644844
14358,282,,,2018-08-04 23:42:46.699622,0.96875,0.1376962810754776
14359,283,,,2018-08-04 23:42:47.639505,1.0,0.05488137900829315
14360,284,,,2018-08-04 23:42:48.601268,0.984375,0.11130493134260178
14361,285,,,2018-08-04 23:42:49.557027,0.984375,0.1283765584230423
14362,286,,,2018-08-04 23:42:50.421513,0.984375,0.09863930195569992
14363,287,,,2018-08-04 23:42:51.428538,0.953125,0.1419820487499237
14364,288,,,2018-08-04 23:42:52.403654,1.0,0.07080446928739548
14365,289,,,2018-08-04 23:42:53.367692,1.0,0.046794451773166656
14366,290,,,2018-08-04 23:42:54.332934,0.984375,0.06167791038751602
14367,291,,,2018-08-04 23:42:55.301924,0.96875,0.16227330267429352
14368,292,,,2018-08-04 23:42:56.277544,0.984375,0.06861191987991333
14369,293,,,2018-08-04 23:42:57.228152,0.96875,0.11590579152107239
14370,294,,,2018-08-04 23:42:58.119415,0.9375,0.2007366418838501
14371,295,,,2018-08-04 23:42:59.012700,0.96875,0.14267560839653015
14372,296,,,2018-08-04 23:42:59.895171,0.984375,0.08169888705015182
14373,297,,,2018-08-04 23:43:00.841505,0.984375,0.08156662434339523
14374,298,,,2018-08-04 23:43:01.724600,1.0,0.08241290599107742
14375,299,,,2018-08-04 23:43:02.569622,0.953125,0.15421707928180695
14376,300,0.6635,1.4061003923416138,2018-08-04 23:43:03.530706,0.96875,0.09155743569135666
14377,301,,,2018-08-04 23:43:57.854746,0.953125,0.13786663115024567
14378,302,,,2018-08-04 23:43:58.847515,0.90625,0.2663743197917938
14379,303,,,2018-08-04 23:43:59.767214,0.9375,0.14959444105625153
14380,304,,,2018-08-04 23:44:00.681190,0.953125,0.11818375438451767
14381,305,,,2018-08-04 23:44:01.645255,0.9375,0.22680994868278503
14382,306,,,2018-08-04 23:44:02.602819,0.953125,0.17197611927986145
14383,307,,,2018-08-04 23:44:03.503994,0.9375,0.16626761853694916
14384,308,,,2018-08-04 23:44:04.462917,0.921875,0.1963830441236496
14385,309,,,2018-08-04 23:44:05.353130,0.96875,0.10882086306810379
14386,310,,,2018-08-04 23:44:06.314858,0.921875,0.18248394131660461
14387,311,,,2018-08-04 23:44:07.240239,0.96875,0.10622712969779968
14388,312,,,2018-08-04 23:44:08.184218,0.921875,0.31519436836242676
14389,313,,,2018-08-04 23:44:09.070382,0.96875,0.16754759848117828
14390,314,,,2018-08-04 23:44:10.003340,0.96875,0.10573732852935791
14391,315,,,2018-08-04 23:44:10.971608,0.96875,0.11324727535247803
14392,316,,,2018-08-04 23:44:11.990390,0.96875,0.14451785385608673
14393,317,,,2018-08-04 23:44:12.943585,0.921875,0.1723146289587021
14394,318,,,2018-08-04 23:44:13.899396,0.96875,0.1573074460029602
14395,319,,,2018-08-04 23:44:14.812962,0.96875,0.12081681936979294
14396,320,0.6634,1.4061552286148071,2018-08-04 23:44:15.733531,0.984375,0.12583523988723755
14397,321,,,2018-08-04 23:45:07.061983,1.0,0.07581368833780289
14398,322,,,2018-08-04 23:45:08.044885,0.984375,0.0890134871006012
14399,323,,,2018-08-04 23:45:08.959425,0.96875,0.13780207931995392
14400,324,,,2018-08-04 23:45:09.893269,1.0,0.08982163667678833
14401,325,,,2018-08-04 23:45:10.854226,0.953125,0.1407404989004135
14402,326,,,2018-08-04 23:45:11.806766,0.953125,0.11975856870412827
14403,327,,,2018-08-04 23:45:12.754125,0.96875,0.12942755222320557
14404,328,,,2018-08-04 23:45:13.683940,0.96875,0.14777937531471252
14405,329,,,2018-08-04 23:45:14.615901,0.984375,0.16702383756637573
14406,330,,,2018-08-04 23:45:15.500059,0.984375,0.10264390707015991
14407,331,,,2018-08-04 23:45:16.423142,0.984375,0.09890119731426239
14408,332,,,2018-08-04 23:45:17.420698,0.96875,0.1412273645401001
14409,333,,,2018-08-04 23:45:18.319115,0.953125,0.1465308517217636
14410,334,,,2018-08-04 23:45:19.233024,0.984375,0.16575373709201813
14411,335,,,2018-08-04 23:45:20.237820,0.953125,0.1720196008682251
14412,336,,,2018-08-04 23:45:21.144594,0.9375,0.2109152227640152
14413,337,,,2018-08-04 23:45:22.114741,0.890625,0.34300071001052856
14414,338,,,2018-08-04 23:45:23.117400,0.96875,0.15300698578357697
14415,339,,,2018-08-04 23:45:24.105211,0.9375,0.2180330753326416
14416,340,0.6634,1.4057961702346802,2018-08-04 23:45:25.070045,0.953125,0.11909181624650955
14417,341,,,2018-08-04 23:46:18.670031,1.0,0.06290615350008011
14418,342,,,2018-08-04 23:46:19.624461,0.984375,0.10566232353448868
14419,343,,,2018-08-04 23:46:20.556593,0.96875,0.13345350325107574
14420,344,,,2018-08-04 23:46:21.500708,0.953125,0.16096927225589752
14421,345,,,2018-08-04 23:46:22.434946,0.953125,0.12311302125453949
14422,346,,,2018-08-04 23:46:23.382776,1.0,0.07969669997692108
14423,347,,,2018-08-04 23:46:24.388451,0.96875,0.07204153388738632
14424,348,,,2018-08-04 23:46:25.394974,0.96875,0.10604003071784973
14425,349,,,2018-08-04 23:46:26.364805,0.96875,0.1255578100681305
14426,350,,,2018-08-04 23:46:27.364744,0.984375,0.11878938972949982
14427,351,,,2018-08-04 23:46:28.368284,1.0,0.0915442407131195
14428,352,,,2018-08-04 23:46:29.295149,0.96875,0.13957412540912628
14429,353,,,2018-08-04 23:46:30.190038,0.953125,0.12135051935911179
14430,354,,,2018-08-04 23:46:31.062123,0.96875,0.11697197705507278
14431,355,,,2018-08-04 23:46:31.963890,0.96875,0.10765223205089569
14432,356,,,2018-08-04 23:46:32.926555,0.96875,0.10789445787668228
14433,357,,,2018-08-04 23:46:33.868866,0.984375,0.12875016033649445
14434,358,,,2018-08-04 23:46:34.793005,0.96875,0.1490616500377655
14435,359,,,2018-08-04 23:46:35.666572,0.953125,0.16392312943935394
14436,360,0.6639,1.4065303802490234,2018-08-04 23:46:36.517110,0.984375,0.13041211664676666
14437,361,,,2018-08-04 23:47:28.739037,0.9375,0.17409640550613403
14438,362,,,2018-08-04 23:47:29.683197,0.984375,0.15448501706123352
14439,363,,,2018-08-04 23:47:30.551974,0.96875,0.1594405174255371
14440,364,,,2018-08-04 23:47:31.435256,0.9375,0.18567459285259247
14441,365,,,2018-08-04 23:47:32.417091,0.90625,0.25048595666885376
14442,366,,,2018-08-04 23:47:33.385648,1.0,0.09205054491758347
14443,367,,,2018-08-04 23:47:34.271899,0.96875,0.14108118414878845
14444,368,,,2018-08-04 23:47:35.147611,0.96875,0.09975028783082962
14445,369,,,2018-08-04 23:47:36.025088,0.953125,0.1628873646259308
14446,370,,,2018-08-04 23:47:36.986010,0.9375,0.16097985208034515
14447,371,,,2018-08-04 23:47:37.935547,0.984375,0.05184610188007355
14448,372,,,2018-08-04 23:47:38.826012,0.984375,0.08763308823108673
14449,373,,,2018-08-04 23:47:39.814282,0.921875,0.2900262176990509
14450,374,,,2018-08-04 23:47:40.793567,0.984375,0.08504375070333481
14451,375,,,2018-08-04 23:47:41.788804,1.0,0.07472106069326401
14452,376,,,2018-08-04 23:47:42.707534,0.96875,0.22802312672138214
14453,377,,,2018-08-04 23:47:43.581717,0.9375,0.1191755160689354
14454,378,,,2018-08-04 23:47:44.557067,0.953125,0.14293032884597778
14455,379,,,2018-08-04 23:47:45.503582,0.921875,0.21935875713825226
14456,380,0.664,1.4063528776168823,2018-08-04 23:47:46.486184,0.984375,0.13520623743534088
14457,381,,,2018-08-04 23:48:37.801987,0.96875,0.1553238332271576
14458,382,,,2018-08-04 23:48:38.746731,0.96875,0.14397887885570526
14459,383,,,2018-08-04 23:48:39.648104,0.953125,0.20992693305015564
14460,384,,,2018-08-04 23:48:40.552217,0.984375,0.10379774123430252
14461,385,,,2018-08-04 23:48:41.420007,0.96875,0.1169763132929802
14462,386,,,2018-08-04 23:48:42.294727,0.96875,0.152257040143013
14463,387,,,2018-08-04 23:48:43.194081,0.953125,0.12482727319002151
14464,388,,,2018-08-04 23:48:44.088609,0.921875,0.21600927412509918
14465,389,,,2018-08-04 23:48:45.005518,0.953125,0.22443921864032745
14466,390,,,2018-08-04 23:48:45.861385,0.953125,0.14026081562042236
14467,391,,,2018-08-04 23:48:46.786160,0.96875,0.11971074342727661
14468,392,,,2018-08-04 23:48:47.780367,0.984375,0.09368567913770676
14469,393,,,2018-08-04 23:48:48.766633,0.984375,0.08939683437347412
14470,394,,,2018-08-04 23:48:49.714713,1.0,0.09753599762916565
14471,395,,,2018-08-04 23:48:50.589674,0.984375,0.07083160430192947
14472,396,,,2018-08-04 23:48:51.525231,0.96875,0.0807352215051651
14473,397,,,2018-08-04 23:48:52.437902,0.921875,0.21378399431705475
14474,398,,,2018-08-04 23:48:53.446616,0.984375,0.18248684704303741
14475,399,,,2018-08-04 23:48:54.428830,0.9375,0.16434596478939056
14476,400,0.6641,1.4069563150405884,2018-08-04 23:48:55.335119,0.984375,0.0997919961810112
14477,401,,,2018-08-04 23:49:48.172656,0.984375,0.09066779911518097
14478,402,,,2018-08-04 23:49:49.113767,0.953125,0.14905168116092682
14479,403,,,2018-08-04 23:49:50.072236,0.96875,0.11412703990936279
14480,404,,,2018-08-04 23:49:50.988239,0.984375,0.1055971086025238
14481,405,,,2018-08-04 23:49:51.925360,0.953125,0.13858208060264587
14482,406,,,2018-08-04 23:49:52.900182,0.96875,0.16138319671154022
14483,407,,,2018-08-04 23:49:53.802342,0.9375,0.19399495422840118
14484,408,,,2018-08-04 23:49:54.735042,0.984375,0.09759679436683655
14485,409,,,2018-08-04 23:49:55.592208,0.953125,0.17001032829284668
14486,410,,,2018-08-04 23:49:56.463132,0.984375,0.1207495927810669
14487,411,,,2018-08-04 23:49:57.398774,0.984375,0.10457246750593185
14488,412,,,2018-08-04 23:49:58.365232,0.953125,0.163676917552948
14489,413,,,2018-08-04 23:49:59.339342,0.96875,0.1815151572227478
14490,414,,,2018-08-04 23:50:00.238066,1.0,0.07311124354600906
14491,415,,,2018-08-04 23:50:01.180029,1.0,0.08227790147066116
14492,416,,,2018-08-04 23:50:02.122714,0.984375,0.07078250497579575
14493,417,,,2018-08-04 23:50:03.079017,0.984375,0.07496841251850128
14494,418,,,2018-08-04 23:50:04.015596,0.9375,0.2115965187549591
14495,419,,,2018-08-04 23:50:05.000848,0.96875,0.1359487622976303
14496,420,0.6638,1.4073408842086792,2018-08-04 23:50:05.861135,0.984375,0.060485705733299255
14497,421,,,2018-08-04 23:50:56.576915,0.984375,0.08244698494672775
14498,422,,,2018-08-04 23:50:57.459573,1.0,0.054544683545827866
14499,423,,,2018-08-04 23:50:58.324296,0.984375,0.07964396476745605
14500,424,,,2018-08-04 23:50:59.259764,0.921875,0.2181026190519333
14501,425,,,2018-08-04 23:51:00.209550,0.96875,0.14039915800094604
14502,426,,,2018-08-04 23:51:01.210475,0.96875,0.15273278951644897
14503,427,,,2018-08-04 23:51:02.103792,0.984375,0.12954768538475037
14504,428,,,2018-08-04 23:51:03.061574,0.953125,0.17035147547721863
14505,429,,,2018-08-04 23:51:03.976708,0.9375,0.17271044850349426
14506,430,,,2018-08-04 23:51:04.839547,0.984375,0.07462802529335022
14507,431,,,2018-08-04 23:51:05.711867,0.984375,0.10813966393470764
14508,432,,,2018-08-04 23:51:06.596817,0.984375,0.1018936038017273
14509,433,,,2018-08-04 23:51:07.540779,0.984375,0.06628257036209106
14510,434,,,2018-08-04 23:51:08.416726,0.953125,0.16785553097724915
14511,435,,,2018-08-04 23:51:09.362387,0.984375,0.10753514617681503
14512,436,,,2018-08-04 23:51:10.240671,0.984375,0.1056094840168953
14513,437,,,2018-08-04 23:51:11.164517,0.984375,0.09837941825389862
14514,438,,,2018-08-04 23:51:12.166880,0.953125,0.12649333477020264
14515,439,,,2018-08-04 23:51:13.123624,1.0,0.0877314954996109
14516,440,0.6641,1.4080193042755127,2018-08-04 23:51:14.092329,0.9375,0.13870280981063843
14517,441,,,2018-08-04 23:52:06.878840,0.984375,0.11925309151411057
14518,442,,,2018-08-04 23:52:07.798397,0.96875,0.21895428001880646
14519,443,,,2018-08-04 23:52:08.729353,0.953125,0.12270001322031021
14520,444,,,2018-08-04 23:52:09.661370,0.96875,0.12241315841674805
14521,445,,,2018-08-04 23:52:10.513413,0.96875,0.12325739860534668
14522,446,,,2018-08-04 23:52:11.282447,0.984375,0.11213552206754684
14523,447,,,2018-08-04 23:52:12.304039,0.984375,0.1104893907904625
14524,448,,,2018-08-04 23:52:13.238870,0.96875,0.1673429012298584
14525,449,,,2018-08-04 23:52:14.151809,0.96875,0.09788735955953598
14526,450,,,2018-08-04 23:52:15.037652,0.984375,0.11504006385803223
14527,451,,,2018-08-04 23:52:15.945846,0.96875,0.11413083225488663
14528,452,,,2018-08-04 23:52:16.845001,0.984375,0.08221133053302765
14529,453,,,2018-08-04 23:52:17.705879,0.984375,0.08580660820007324
14530,454,,,2018-08-04 23:52:18.607288,0.96875,0.09488148987293243
14531,455,,,2018-08-04 23:52:19.584610,0.90625,0.2484695017337799
14532,456,,,2018-08-04 23:52:20.473193,0.984375,0.14515887200832367
14533,457,,,2018-08-04 23:52:21.259444,0.96875,0.07834804058074951
14534,458,,,2018-08-04 23:52:22.084954,0.9375,0.22831445932388306
14535,459,,,2018-08-04 23:52:22.982050,0.921875,0.19296832382678986
14536,460,0.6644,1.4086477756500244,2018-08-04 23:52:23.961116,0.921875,0.18427029252052307
14537,461,,,2018-08-04 23:53:15.150007,0.9375,0.16890949010849
14538,462,,,2018-08-04 23:53:16.072695,0.984375,0.1034107431769371
14539,463,,,2018-08-04 23:53:16.983633,0.9375,0.19727998971939087
14540,464,,,2018-08-04 23:53:17.908826,0.984375,0.10740960389375687
14541,465,,,2018-08-04 23:53:18.826334,0.984375,0.10974310338497162
14542,466,,,2018-08-04 23:53:19.734069,0.953125,0.19321557879447937
14543,467,,,2018-08-04 23:53:20.673358,1.0,0.07487441599369049
14544,468,,,2018-08-04 23:53:21.616734,0.953125,0.22029471397399902
14545,469,,,2018-08-04 23:53:22.535652,0.984375,0.050258319824934006
14546,470,,,2018-08-04 23:53:23.408384,0.96875,0.19812960922718048
14547,471,,,2018-08-04 23:53:24.299087,0.96875,0.17496636509895325
14548,472,,,2018-08-04 23:53:25.210451,1.0,0.10196191072463989
14549,473,,,2018-08-04 23:53:26.190531,0.953125,0.20610733330249786
14550,474,,,2018-08-04 23:53:27.113469,0.875,0.2511461675167084
14551,475,,,2018-08-04 23:53:28.109640,0.96875,0.13165703415870667
14552,476,,,2018-08-04 23:53:29.036790,0.9375,0.1519497036933899
14553,477,,,2018-08-04 23:53:29.954617,0.96875,0.15028537809848785
14554,478,,,2018-08-04 23:53:30.837661,0.953125,0.14011038839817047
14555,479,,,2018-08-04 23:53:31.815256,0.953125,0.17898139357566833
14556,480,0.6643,1.4086929559707642,2018-08-04 23:53:32.783349,0.984375,0.08199257403612137
14557,481,,,2018-08-04 23:54:25.198101,0.96875,0.09295309334993362
14558,482,,,2018-08-04 23:54:26.128944,0.953125,0.13156744837760925
14559,483,,,2018-08-04 23:54:27.034057,0.96875,0.1654321849346161
14560,484,,,2018-08-04 23:54:27.986977,0.9375,0.2306215912103653
14561,485,,,2018-08-04 23:54:28.872777,0.984375,0.090569406747818
14562,486,,,2018-08-04 23:54:29.790886,0.953125,0.19729377329349518
14563,487,,,2018-08-04 23:54:30.696877,0.984375,0.06662383675575256
14564,488,,,2018-08-04 23:54:31.592105,0.921875,0.18395429849624634
14565,489,,,2018-08-04 23:54:32.441412,0.953125,0.135307177901268
14566,490,,,2018-08-04 23:54:33.366265,0.984375,0.11831524968147278
14567,491,,,2018-08-04 23:54:34.324752,0.9375,0.16066311299800873
14568,492,,,2018-08-04 23:54:35.242894,0.96875,0.09576823562383652
14569,493,,,2018-08-04 23:54:36.228405,0.921875,0.22998298704624176
14570,494,,,2018-08-04 23:54:37.152166,0.96875,0.12427923083305359
14571,495,,,2018-08-04 23:54:38.101008,0.984375,0.10099642723798752
14572,496,,,2018-08-04 23:54:39.064981,0.953125,0.1638515144586563
14573,497,,,2018-08-04 23:54:40.093823,0.9375,0.18271814286708832
14574,498,,,2018-08-04 23:54:40.964322,0.984375,0.07577960938215256
14575,499,,,2018-08-04 23:54:41.887918,0.890625,0.24719177186489105
14576,500,0.6642,1.4091492891311646,2018-08-04 23:54:42.805239,0.96875,0.11286162585020065
14577,501,,,2018-08-04 23:55:34.139863,0.890625,0.22885553538799286
14578,502,,,2018-08-04 23:55:35.063201,0.9375,0.16034185886383057
14579,503,,,2018-08-04 23:55:35.968337,0.921875,0.16259844601154327
14580,504,,,2018-08-04 23:55:36.928339,0.96875,0.12521052360534668
14581,505,,,2018-08-04 23:55:37.827858,0.953125,0.21843357384204865
14582,506,,,2018-08-04 23:55:38.759169,0.96875,0.1307372897863388
14583,507,,,2018-08-04 23:55:39.737182,0.953125,0.13584180176258087
14584,508,,,2018-08-04 23:55:40.618342,0.984375,0.08993528038263321
14585,509,,,2018-08-04 23:55:41.489500,1.0,0.07334649562835693
14586,510,,,2018-08-04 23:55:42.346215,0.984375,0.12617942690849304
14587,511,,,2018-08-04 23:55:43.266258,0.96875,0.11801869422197342
14588,512,,,2018-08-04 23:55:44.187414,0.9375,0.19166336953639984
14589,513,,,2018-08-04 23:55:45.074777,0.9375,0.16549935936927795
14590,514,,,2018-08-04 23:55:46.024151,0.984375,0.09963417053222656
14591,515,,,2018-08-04 23:55:46.965817,1.0,0.04965474456548691
14592,516,,,2018-08-04 23:55:47.870238,0.984375,0.10603141784667969
14593,517,,,2018-08-04 23:55:48.883736,0.953125,0.2127753347158432
14594,518,,,2018-08-04 23:55:49.831173,1.0,0.0625889003276825
14595,519,,,2018-08-04 23:55:50.743908,0.96875,0.10429780185222626
14596,520,0.664,1.4093239307403564,2018-08-04 23:55:51.668687,0.953125,0.16139838099479675
14597,521,,,2018-08-04 23:56:41.727020,0.96875,0.11137773096561432
14598,522,,,2018-08-04 23:56:42.589900,0.984375,0.156580850481987
14599,523,,,2018-08-04 23:56:43.493222,0.984375,0.09492410719394684
14600,524,,,2018-08-04 23:56:44.434243,0.953125,0.13392238318920135
14601,525,,,2018-08-04 23:56:45.343558,0.953125,0.14584627747535706
14602,526,,,2018-08-04 23:56:46.252996,0.921875,0.23885518312454224
14603,527,,,2018-08-04 23:56:47.194937,1.0,0.06618750840425491
14604,528,,,2018-08-04 23:56:48.170233,0.984375,0.08821085840463638
14605,529,,,2018-08-04 23:56:49.149375,0.953125,0.17344306409358978
14606,530,,,2018-08-04 23:56:50.184009,0.96875,0.19476088881492615
14607,531,,,2018-08-04 23:56:51.110464,1.0,0.05495871603488922
14608,532,,,2018-08-04 23:56:52.054448,1.0,0.07427739351987839
14609,533,,,2018-08-04 23:56:53.025023,0.9375,0.1794910877943039
14610,534,,,2018-08-04 23:56:53.935382,0.984375,0.1132456362247467
14611,535,,,2018-08-04 23:56:54.825516,0.96875,0.12954920530319214
14612,536,,,2018-08-04 23:56:55.752131,0.96875,0.09472986310720444
14613,537,,,2018-08-04 23:56:56.628289,0.984375,0.09549739956855774
14614,538,,,2018-08-04 23:56:57.558237,0.96875,0.08445247262716293
14615,539,,,2018-08-04 23:56:58.463640,0.953125,0.14146842062473297
14616,540,0.6643,1.4101319313049316,2018-08-04 23:56:59.356264,0.96875,0.1517244577407837
14617,541,,,2018-08-04 23:57:52.307244,0.984375,0.12121216207742691
14618,542,,,2018-08-04 23:57:53.276717,0.96875,0.13617484271526337
14619,543,,,2018-08-04 23:57:54.209858,0.984375,0.09601316601037979
14620,544,,,2018-08-04 23:57:55.127211,0.96875,0.1411205232143402
14621,545,,,2018-08-04 23:57:56.028236,0.953125,0.12306578457355499
14622,546,,,2018-08-04 23:57:56.943071,0.96875,0.14125151932239532
14623,547,,,2018-08-04 23:57:57.904674,0.984375,0.13193005323410034
14624,548,,,2018-08-04 23:57:58.842463,0.9375,0.1224038302898407
14625,549,,,2018-08-04 23:57:59.797207,0.953125,0.20358267426490784
14626,550,,,2018-08-04 23:58:00.702056,1.0,0.04947057366371155
14627,551,,,2018-08-04 23:58:01.608928,0.96875,0.08005882799625397
14628,552,,,2018-08-04 23:58:02.499039,0.9375,0.2412428855895996
14629,553,,,2018-08-04 23:58:03.409189,0.984375,0.09818870574235916
14630,554,,,2018-08-04 23:58:04.358720,0.953125,0.2750400900840759
14631,555,,,2018-08-04 23:58:05.273923,0.921875,0.16233399510383606
14632,556,,,2018-08-04 23:58:06.132551,0.96875,0.12681563198566437
14633,557,,,2018-08-04 23:58:07.000632,1.0,0.07959680259227753
14634,558,,,2018-08-04 23:58:07.861692,0.984375,0.13760380446910858
14635,559,,,2018-08-04 23:58:08.736758,0.9375,0.23629169166088104
14636,560,0.6642,1.410906195640564,2018-08-04 23:58:09.625460,0.96875,0.14726988971233368
14637,561,,,2018-08-04 23:59:02.195317,0.96875,0.14073294401168823
14638,562,,,2018-08-04 23:59:03.145642,0.921875,0.17709867656230927
14639,563,,,2018-08-04 23:59:04.110560,0.921875,0.24147087335586548
14640,564,,,2018-08-04 23:59:05.058392,0.984375,0.09518289566040039
14641,565,,,2018-08-04 23:59:06.012811,0.984375,0.11021385341882706
14642,566,,,2018-08-04 23:59:06.971640,1.0,0.1009964644908905
14643,567,,,2018-08-04 23:59:08.000874,1.0,0.06511867046356201
14644,568,,,2018-08-04 23:59:09.009091,0.921875,0.17555083334445953
14645,569,,,2018-08-04 23:59:09.979461,0.96875,0.08783023804426193
14646,570,,,2018-08-04 23:59:10.893050,0.953125,0.1200316920876503
14647,571,,,2018-08-04 23:59:11.800575,0.953125,0.11089646816253662
14648,572,,,2018-08-04 23:59:12.689486,0.9375,0.2383122742176056
14649,573,,,2018-08-04 23:59:13.599322,0.90625,0.238493874669075
14650,574,,,2018-08-04 23:59:14.468693,0.984375,0.15220122039318085
14651,575,,,2018-08-04 23:59:15.438307,0.9375,0.1420532464981079
14652,576,,,2018-08-04 23:59:16.340695,0.96875,0.12144595384597778
14653,577,,,2018-08-04 23:59:17.344224,0.90625,0.32999569177627563
14654,578,,,2018-08-04 23:59:18.215367,0.96875,0.12567238509655
14655,579,,,2018-08-04 23:59:19.067605,0.96875,0.10379421710968018
14656,580,0.6642,1.4110232591629028,2018-08-04 23:59:19.937439,0.9375,0.16621270775794983
14657,581,,,2018-08-05 00:00:13.444358,0.96875,0.14537149667739868
14658,582,,,2018-08-05 00:00:14.454375,0.953125,0.1684883087873459
14659,583,,,2018-08-05 00:00:15.381992,0.9375,0.1449238657951355
14660,584,,,2018-08-05 00:00:16.294785,0.984375,0.08316817879676819
14661,585,,,2018-08-05 00:00:17.153905,0.953125,0.14912797510623932
14662,586,,,2018-08-05 00:00:18.099643,0.9375,0.17343467473983765
14663,587,,,2018-08-05 00:00:19.075506,0.953125,0.21411094069480896
14664,588,,,2018-08-05 00:00:20.025994,1.0,0.07597921788692474
14665,589,,,2018-08-05 00:00:21.029574,0.9375,0.16821572184562683
14666,590,,,2018-08-05 00:00:22.017283,0.9375,0.13096322119235992
14667,591,,,2018-08-05 00:00:22.878487,0.984375,0.09948235005140305
14668,592,,,2018-08-05 00:00:23.843654,0.96875,0.08926462382078171
14669,593,,,2018-08-05 00:00:24.766176,0.984375,0.08657655864953995
14670,594,,,2018-08-05 00:00:25.695493,1.0,0.05494924262166023
14671,595,,,2018-08-05 00:00:26.544866,1.0,0.08561577647924423
14672,596,,,2018-08-05 00:00:27.461597,0.96875,0.10913442820310593
14673,597,,,2018-08-05 00:00:28.328518,0.953125,0.12911736965179443
14674,598,,,2018-08-05 00:00:29.197091,0.953125,0.16599467396736145
14675,599,,,2018-08-05 00:00:30.204381,0.953125,0.14840379357337952
14676,600,0.6645,1.4115874767303467,2018-08-05 00:00:31.181295,1.0,0.06612610816955566
14677,601,,,2018-08-05 00:01:24.687534,0.953125,0.11019933223724365
14678,602,,,2018-08-05 00:01:25.642058,0.96875,0.15391042828559875
14679,603,,,2018-08-05 00:01:26.530949,1.0,0.07710600644350052
14680,604,,,2018-08-05 00:01:27.449100,0.96875,0.0984044075012207
14681,605,,,2018-08-05 00:01:28.258237,0.96875,0.14603817462921143
14682,606,,,2018-08-05 00:01:29.145583,1.0,0.06304535269737244
14683,607,,,2018-08-05 00:01:30.066096,1.0,0.0873359739780426
14684,608,,,2018-08-05 00:01:31.049732,0.96875,0.08147177845239639
14685,609,,,2018-08-05 00:01:31.903964,0.984375,0.10827244818210602
14686,610,,,2018-08-05 00:01:32.820153,0.984375,0.12195222079753876
14687,611,,,2018-08-05 00:01:33.662058,0.96875,0.1826227903366089
14688,612,,,2018-08-05 00:01:34.541838,0.984375,0.085834801197052
14689,613,,,2018-08-05 00:01:35.407430,0.953125,0.17225901782512665
14690,614,,,2018-08-05 00:01:36.256517,0.96875,0.08454381674528122
14691,615,,,2018-08-05 00:01:37.152073,0.9375,0.1600608229637146
14692,616,,,2018-08-05 00:01:37.985417,0.921875,0.18877185881137848
14693,617,,,2018-08-05 00:01:38.914402,0.984375,0.06421194970607758
14694,618,,,2018-08-05 00:01:39.830888,0.953125,0.12005426734685898
14695,619,,,2018-08-05 00:01:40.793604,0.984375,0.0995819941163063
14696,620,0.665,1.4127671718597412,2018-08-05 00:01:41.819545,1.0,0.05761124938726425
14697,621,,,2018-08-05 00:02:33.881780,0.921875,0.16454261541366577
14698,622,,,2018-08-05 00:02:34.794794,0.984375,0.1459747552871704
14699,623,,,2018-08-05 00:02:35.661578,0.984375,0.12274175882339478
14700,624,,,2018-08-05 00:02:36.551151,0.9375,0.20828008651733398
14701,625,,,2018-08-05 00:02:37.465549,0.984375,0.06683143228292465
14702,626,,,2018-08-05 00:02:38.376283,0.984375,0.09752241522073746
14703,627,,,2018-08-05 00:02:39.311119,0.984375,0.14705850183963776
14704,628,,,2018-08-05 00:02:40.213646,0.96875,0.14586584270000458
14705,629,,,2018-08-05 00:02:41.036462,0.953125,0.09479101002216339
14706,630,,,2018-08-05 00:02:41.909681,0.96875,0.13729505240917206
14707,631,,,2018-08-05 00:02:42.768798,0.96875,0.11703942716121674
14708,632,,,2018-08-05 00:02:43.687780,0.953125,0.15893253684043884
14709,633,,,2018-08-05 00:02:44.544858,0.96875,0.17389437556266785
14710,634,,,2018-08-05 00:02:45.467882,0.921875,0.17460185289382935
14711,635,,,2018-08-05 00:02:46.368734,0.96875,0.10994670540094376
14712,636,,,2018-08-05 00:02:47.253347,0.921875,0.1475401520729065
14713,637,,,2018-08-05 00:02:48.122600,0.984375,0.11342228204011917
14714,638,,,2018-08-05 00:02:49.133718,1.0,0.11834482103586197
14715,639,,,2018-08-05 00:02:50.144539,0.953125,0.1660768985748291
14716,640,0.6644,1.412782073020935,2018-08-05 00:02:51.093618,0.9375,0.18431676924228668
14717,641,,,2018-08-05 00:03:44.137121,0.9375,0.17665894329547882
14718,642,,,2018-08-05 00:03:45.121813,0.984375,0.06634894758462906
14719,643,,,2018-08-05 00:03:46.027726,0.96875,0.08772661536931992
14720,644,,,2018-08-05 00:03:46.920878,0.921875,0.2655714452266693
14721,645,,,2018-08-05 00:03:47.832977,1.0,0.11525730043649673
14722,646,,,2018-08-05 00:03:48.764648,0.953125,0.10787751525640488
14723,647,,,2018-08-05 00:03:49.638027,0.953125,0.1932949721813202
14724,648,,,2018-08-05 00:03:50.579510,0.953125,0.1520896852016449
14725,649,,,2018-08-05 00:03:51.505100,0.984375,0.08186770230531693
14726,650,,,2018-08-05 00:03:52.448271,0.9375,0.19135735929012299
14727,651,,,2018-08-05 00:03:53.314603,0.984375,0.08672545105218887
14728,652,,,2018-08-05 00:03:54.270671,0.984375,0.12412643432617188
14729,653,,,2018-08-05 00:03:55.227287,0.953125,0.17686818540096283
14730,654,,,2018-08-05 00:03:56.178518,0.96875,0.11725884675979614
14731,655,,,2018-08-05 00:03:57.077326,0.953125,0.19151806831359863
14732,656,,,2018-08-05 00:03:57.971324,0.984375,0.09257612377405167
14733,657,,,2018-08-05 00:03:58.882678,0.96875,0.10851848125457764
14734,658,,,2018-08-05 00:03:59.768252,0.9375,0.22896309196949005
14735,659,,,2018-08-05 00:04:00.633771,1.0,0.056644875556230545
14736,660,0.6647,1.4133697748184204,2018-08-05 00:04:01.497221,0.984375,0.07835184782743454
14737,661,,,2018-08-05 00:04:50.842053,0.96875,0.10251256823539734
14738,662,,,2018-08-05 00:04:51.762306,0.9375,0.15588515996932983
14739,663,,,2018-08-05 00:04:52.744013,0.953125,0.21834303438663483
14740,664,,,2018-08-05 00:04:53.684368,0.984375,0.1353689432144165
14741,665,,,2018-08-05 00:04:54.622729,0.984375,0.130754292011261
14742,666,,,2018-08-05 00:04:55.570028,0.984375,0.0927046686410904
14743,667,,,2018-08-05 00:04:56.506416,0.96875,0.1719423234462738
14744,668,,,2018-08-05 00:04:57.447514,0.953125,0.18326237797737122
14745,669,,,2018-08-05 00:04:58.342674,1.0,0.05777093023061752
14746,670,,,2018-08-05 00:04:59.207230,0.96875,0.2039586901664734
14747,671,,,2018-08-05 00:05:00.210230,1.0,0.058129411190748215
14748,672,,,2018-08-05 00:05:01.115644,0.921875,0.20086506009101868
14749,673,,,2018-08-05 00:05:02.044503,1.0,0.06412708759307861
14750,674,,,2018-08-05 00:05:02.997964,0.953125,0.1296372413635254
14751,675,,,2018-08-05 00:05:03.903085,0.9375,0.2142154723405838
14752,676,,,2018-08-05 00:05:04.841236,0.96875,0.0863056555390358
14753,677,,,2018-08-05 00:05:05.788820,0.953125,0.10878399759531021
14754,678,,,2018-08-05 00:05:06.682252,0.953125,0.18719330430030823
14755,679,,,2018-08-05 00:05:07.606776,0.984375,0.1121433675289154
14756,680,0.6642,1.413784384727478,2018-08-05 00:05:08.552215,0.953125,0.13203507661819458
14757,681,,,2018-08-05 00:06:03.006989,0.953125,0.1651240438222885
14758,682,,,2018-08-05 00:06:03.965901,1.0,0.068550243973732
14759,683,,,2018-08-05 00:06:04.892702,0.96875,0.0860910415649414
14760,684,,,2018-08-05 00:06:05.875928,0.984375,0.10531146079301834
14761,685,,,2018-08-05 00:06:06.805961,0.984375,0.10579022020101547
14762,686,,,2018-08-05 00:06:07.725469,0.921875,0.281197190284729
14763,687,,,2018-08-05 00:06:08.649022,0.984375,0.1319231390953064
14764,688,,,2018-08-05 00:06:09.593941,1.0,0.0882866159081459
14765,689,,,2018-08-05 00:06:10.585106,0.984375,0.10325407236814499
14766,690,,,2018-08-05 00:06:11.518724,0.953125,0.11607121676206589
14767,691,,,2018-08-05 00:06:12.459786,0.96875,0.13994519412517548
14768,692,,,2018-08-05 00:06:13.404376,0.96875,0.09672481566667557
14769,693,,,2018-08-05 00:06:14.337784,0.984375,0.07793456315994263
14770,694,,,2018-08-05 00:06:15.246159,0.984375,0.09717404842376709
14771,695,,,2018-08-05 00:06:16.244498,0.953125,0.13748925924301147
14772,696,,,2018-08-05 00:06:17.180233,0.9375,0.11254659295082092
14773,697,,,2018-08-05 00:06:18.148578,0.984375,0.08230015635490417
14774,698,,,2018-08-05 00:06:19.169381,0.984375,0.07151908427476883
14775,699,,,2018-08-05 00:06:20.138882,0.984375,0.08679360151290894
14776,700,0.6649,1.4148772954940796,2018-08-05 00:06:21.066023,0.90625,0.20314078032970428
14777,701,,,2018-08-05 00:07:11.973675,0.96875,0.07565176486968994
14778,702,,,2018-08-05 00:07:12.933431,0.96875,0.11984223872423172
14779,703,,,2018-08-05 00:07:13.807048,0.96875,0.1943492442369461
14780,704,,,2018-08-05 00:07:14.721139,0.953125,0.16280797123908997
14781,705,,,2018-08-05 00:07:15.628954,0.96875,0.116785928606987
14782,706,,,2018-08-05 00:07:16.538129,1.0,0.057952914386987686
14783,707,,,2018-08-05 00:07:17.522798,0.953125,0.17057165503501892
14784,708,,,2018-08-05 00:07:18.475703,1.0,0.09496046602725983
14785,709,,,2018-08-05 00:07:19.417357,0.984375,0.09077853709459305
14786,710,,,2018-08-05 00:07:20.334223,0.953125,0.12568271160125732
14787,711,,,2018-08-05 00:07:21.310789,0.984375,0.041691526770591736
14788,712,,,2018-08-05 00:07:22.278095,0.984375,0.09890536963939667
14789,713,,,2018-08-05 00:07:23.243820,0.984375,0.1258947253227234
14790,714,,,2018-08-05 00:07:24.180758,0.984375,0.1313331574201584
14791,715,,,2018-08-05 00:07:25.115400,0.953125,0.1247830018401146
14792,716,,,2018-08-05 00:07:26.110748,0.953125,0.20195306837558746
14793,717,,,2018-08-05 00:07:27.031276,0.9375,0.14010609686374664
14794,718,,,2018-08-05 00:07:27.883843,0.984375,0.12043479830026627
14795,719,,,2018-08-05 00:07:28.743950,1.0,0.0423041395843029
14796,720,0.6646,1.4151904582977295,2018-08-05 00:07:29.749678,0.953125,0.11875389516353607
14797,721,,,2018-08-05 00:08:21.490172,0.921875,0.1885189712047577
14798,722,,,2018-08-05 00:08:22.438125,0.953125,0.18597839772701263
14799,723,,,2018-08-05 00:08:23.365558,0.921875,0.19544948637485504
14800,724,,,2018-08-05 00:08:24.283569,0.953125,0.3106189966201782
14801,725,,,2018-08-05 00:08:25.154969,0.9375,0.1625397801399231
14802,726,,,2018-08-05 00:08:26.064427,0.953125,0.14640146493911743
14803,727,,,2018-08-05 00:08:26.894382,1.0,0.08248776942491531
14804,728,,,2018-08-05 00:08:27.750327,0.921875,0.20898772776126862
14805,729,,,2018-08-05 00:08:28.672083,0.984375,0.11129569262266159
14806,730,,,2018-08-05 00:08:29.645294,0.984375,0.052045874297618866
14807,731,,,2018-08-05 00:08:30.623151,0.96875,0.11422319710254669
14808,732,,,2018-08-05 00:08:31.575519,0.96875,0.1697627753019333
14809,733,,,2018-08-05 00:08:32.563676,0.984375,0.18835903704166412
14810,734,,,2018-08-05 00:08:33.450358,0.953125,0.12933260202407837
14811,735,,,2018-08-05 00:08:34.422536,1.0,0.09871524572372437
14812,736,,,2018-08-05 00:08:35.454704,0.984375,0.11763609945774078
14813,737,,,2018-08-05 00:08:36.380704,0.953125,0.12970322370529175
14814,738,,,2018-08-05 00:08:37.281867,0.984375,0.11062578856945038
14815,739,,,2018-08-05 00:08:38.273649,0.953125,0.1761254519224167
14816,740,0.6641,1.4157681465148926,2018-08-05 00:08:39.171444,0.953125,0.15014052391052246
14817,741,,,2018-08-05 00:09:31.529673,0.953125,0.1562999188899994
14818,742,,,2018-08-05 00:09:32.444661,0.96875,0.08998455107212067
14819,743,,,2018-08-05 00:09:33.455083,0.96875,0.11312203854322433
14820,744,,,2018-08-05 00:09:34.431498,0.96875,0.1065647155046463
14821,745,,,2018-08-05 00:09:35.361451,0.96875,0.07972888648509979
14822,746,,,2018-08-05 00:09:36.371272,0.9375,0.2122436761856079
14823,747,,,2018-08-05 00:09:37.291224,0.9375,0.23767155408859253
14824,748,,,2018-08-05 00:09:38.177875,0.9375,0.17026172578334808
14825,749,,,2018-08-05 00:09:39.103954,1.0,0.06272191554307938
14826,750,,,2018-08-05 00:09:39.964506,0.9375,0.157247856259346
14827,751,,,2018-08-05 00:09:40.982653,0.921875,0.1556469053030014
14828,752,,,2018-08-05 00:09:41.963955,0.984375,0.06626566499471664
14829,753,,,2018-08-05 00:09:42.925885,0.953125,0.16469676792621613
14830,754,,,2018-08-05 00:09:43.846210,0.953125,0.19708091020584106
14831,755,,,2018-08-05 00:09:44.832051,0.9375,0.20631174743175507
14832,756,,,2018-08-05 00:09:45.756902,0.984375,0.13356079161167145
14833,757,,,2018-08-05 00:09:46.622693,0.953125,0.11331241577863693
14834,758,,,2018-08-05 00:09:47.473504,0.953125,0.12253429740667343
14835,759,,,2018-08-05 00:09:48.355441,0.96875,0.07516805827617645
14836,760,0.6639,1.4164279699325562,2018-08-05 00:09:49.248493,0.96875,0.08703412860631943
14837,761,,,2018-08-05 00:10:41.595192,0.984375,0.0686536505818367
14838,762,,,2018-08-05 00:10:42.482439,0.984375,0.0932089313864708
14839,763,,,2018-08-05 00:10:43.422072,0.921875,0.326375812292099
14840,764,,,2018-08-05 00:10:44.319630,1.0,0.09653855115175247
14841,765,,,2018-08-05 00:10:45.248108,0.9375,0.17345093190670013
14842,766,,,2018-08-05 00:10:46.197984,0.90625,0.2724945545196533
14843,767,,,2018-08-05 00:10:47.080337,0.96875,0.11300179362297058
14844,768,,,2018-08-05 00:10:47.980788,0.96875,0.12996657192707062
14845,769,,,2018-08-05 00:10:48.848403,0.953125,0.11189820617437363
14846,770,,,2018-08-05 00:10:49.729230,0.953125,0.10872349143028259
14847,771,,,2018-08-05 00:10:50.620184,0.90625,0.3040532171726227
14848,772,,,2018-08-05 00:10:51.535686,1.0,0.10504914075136185
14849,773,,,2018-08-05 00:10:52.445729,0.96875,0.12347366660833359
14850,774,,,2018-08-05 00:10:53.352734,0.984375,0.09621523320674896
14851,775,,,2018-08-05 00:10:54.211852,0.984375,0.11789340525865555
14852,776,,,2018-08-05 00:10:55.137826,1.0,0.0486941821873188
14853,777,,,2018-08-05 00:10:56.005814,0.96875,0.08115464448928833
14854,778,,,2018-08-05 00:10:56.857713,1.0,0.07358819246292114
14855,779,,,2018-08-05 00:10:57.766299,0.953125,0.1599152833223343
14856,780,0.6641,1.4165198802947998,2018-08-05 00:10:58.700773,0.984375,0.09900974482297897
14857,781,,,2018-08-05 00:11:51.307869,1.0,0.05510497838258743
14858,0,,,2018-08-05 00:12:44.073979,0.953125,0.1196105107665062
14859,1,,,2018-08-05 00:12:44.976715,0.984375,0.10421095043420792
14860,2,,,2018-08-05 00:12:45.884406,0.984375,0.11220492422580719
14861,3,,,2018-08-05 00:12:46.766552,1.0,0.0540207177400589
14862,4,,,2018-08-05 00:12:47.709001,0.984375,0.19651706516742706
14863,5,,,2018-08-05 00:12:48.593069,1.0,0.06487385928630829
14864,6,,,2018-08-05 00:12:49.578933,0.96875,0.13190920650959015
14865,7,,,2018-08-05 00:12:50.557514,0.984375,0.06818369030952454
14866,8,,,2018-08-05 00:12:51.562878,0.984375,0.13277944922447205
14867,9,,,2018-08-05 00:12:52.423653,0.96875,0.1043122336268425
14868,10,,,2018-08-05 00:12:53.412065,0.953125,0.14724422991275787
14869,11,,,2018-08-05 00:12:54.427455,0.96875,0.12602344155311584
14870,12,,,2018-08-05 00:12:55.412023,0.953125,0.1253214329481125
14871,13,,,2018-08-05 00:12:56.416304,0.953125,0.13220570981502533
14872,14,,,2018-08-05 00:12:57.369257,0.984375,0.13869759440422058
14873,15,,,2018-08-05 00:12:58.355726,1.0,0.06749246269464493
14874,16,,,2018-08-05 00:12:59.328922,0.984375,0.10728923231363297
14875,17,,,2018-08-05 00:13:00.222611,1.0,0.06204899027943611
14876,18,,,2018-08-05 00:13:01.166358,1.0,0.08797228336334229
14877,19,,,2018-08-05 00:13:02.043928,0.96875,0.10500125586986542
14878,20,0.6638,1.4167060852050781,2018-08-05 00:13:02.912727,0.984375,0.13415420055389404
14879,21,,,2018-08-05 00:13:52.665936,0.984375,0.1076715812087059
14880,22,,,2018-08-05 00:13:53.648561,0.96875,0.1773233860731125
14881,23,,,2018-08-05 00:13:54.640279,0.96875,0.1155630573630333
14882,24,,,2018-08-05 00:13:55.553623,0.953125,0.15843257308006287
14883,25,,,2018-08-05 00:13:56.447276,1.0,0.03573272377252579
14884,26,,,2018-08-05 00:13:57.343135,0.953125,0.16703978180885315
14885,27,,,2018-08-05 00:13:58.242493,1.0,0.06970122456550598
14886,28,,,2018-08-05 00:13:59.280367,0.9375,0.17672623693943024
14887,29,,,2018-08-05 00:14:00.235864,0.984375,0.11524786800146103
14888,30,,,2018-08-05 00:14:01.201731,0.96875,0.10388871282339096
14889,31,,,2018-08-05 00:14:02.093032,0.953125,0.17087526619434357
14890,32,,,2018-08-05 00:14:03.012948,1.0,0.09884167462587357
14891,33,,,2018-08-05 00:14:03.943920,0.96875,0.09045770019292831
14892,34,,,2018-08-05 00:14:04.886603,1.0,0.09182145446538925
14893,35,,,2018-08-05 00:14:05.935501,0.984375,0.07977911084890366
14894,36,,,2018-08-05 00:14:06.860599,0.96875,0.11428982019424438
14895,37,,,2018-08-05 00:14:07.833893,0.984375,0.16545136272907257
14896,38,,,2018-08-05 00:14:08.819242,0.9375,0.11898444592952728
14897,39,,,2018-08-05 00:14:09.778592,0.953125,0.10379641503095627
14898,40,0.6649,1.4180113077163696,2018-08-05 00:14:10.750438,0.953125,0.12653422355651855
14899,41,,,2018-08-05 00:15:03.106510,0.96875,0.14765669405460358
14900,42,,,2018-08-05 00:15:04.026294,0.9375,0.21931958198547363
14901,43,,,2018-08-05 00:15:04.895920,0.953125,0.18191058933734894
14902,44,,,2018-08-05 00:15:05.770342,0.9375,0.2013135403394699
14903,45,,,2018-08-05 00:15:06.709399,0.984375,0.07723765820264816
14904,46,,,2018-08-05 00:15:07.646874,0.953125,0.12621907889842987
14905,47,,,2018-08-05 00:15:08.641949,0.96875,0.1180357038974762
14906,48,,,2018-08-05 00:15:09.652770,0.9375,0.11346385627985
14907,49,,,2018-08-05 00:15:10.607239,0.953125,0.17515502870082855
14908,50,,,2018-08-05 00:15:11.571999,0.9375,0.16872288286685944
14909,51,,,2018-08-05 00:15:12.471392,0.96875,0.15565913915634155
14910,52,,,2018-08-05 00:15:13.428072,1.0,0.08594929426908493
14911,53,,,2018-08-05 00:15:14.329220,0.984375,0.09457297623157501
14912,54,,,2018-08-05 00:15:15.214191,0.96875,0.10574252903461456
14913,55,,,2018-08-05 00:15:16.133369,1.0,0.06075283885002136
14914,56,,,2018-08-05 00:15:17.015720,0.953125,0.196642205119133
14915,57,,,2018-08-05 00:15:17.936850,0.953125,0.18786384165287018
14916,58,,,2018-08-05 00:15:18.847781,0.984375,0.10718194395303726
14917,59,,,2018-08-05 00:15:19.845394,0.984375,0.0905691385269165
14918,60,0.6651,1.4180105924606323,2018-08-05 00:15:20.861900,1.0,0.0763503834605217
14919,61,,,2018-08-05 00:16:12.444845,0.96875,0.15258513391017914
14920,62,,,2018-08-05 00:16:13.404478,1.0,0.06608565151691437
14921,63,,,2018-08-05 00:16:14.321250,1.0,0.08192663639783859
14922,64,,,2018-08-05 00:16:15.201453,0.984375,0.09205148369073868
14923,65,,,2018-08-05 00:16:16.118320,0.953125,0.13447514176368713
14924,66,,,2018-08-05 00:16:17.055610,0.953125,0.1406625360250473
14925,67,,,2018-08-05 00:16:18.040539,0.9375,0.1484157294034958
14926,68,,,2018-08-05 00:16:18.988887,0.953125,0.14403396844863892
14927,69,,,2018-08-05 00:16:19.946628,0.953125,0.09936206042766571
14928,70,,,2018-08-05 00:16:20.913976,0.96875,0.18360988795757294
14929,71,,,2018-08-05 00:16:21.845588,0.96875,0.12553496658802032
14930,72,,,2018-08-05 00:16:22.746570,0.96875,0.11555609852075577
14931,73,,,2018-08-05 00:16:23.688342,0.9375,0.18806192278862
14932,74,,,2018-08-05 00:16:24.625697,0.9375,0.18591253459453583
14933,75,,,2018-08-05 00:16:25.542793,0.96875,0.14543241262435913
14934,76,,,2018-08-05 00:16:26.460710,0.96875,0.11727777868509293
14935,77,,,2018-08-05 00:16:27.306291,0.90625,0.22457203269004822
14936,78,,,2018-08-05 00:16:28.202813,0.984375,0.08959883451461792
14937,79,,,2018-08-05 00:16:29.101802,1.0,0.08117736130952835
14938,80,0.6648,1.4184080362319946,2018-08-05 00:16:30.075654,1.0,0.03129849210381508
14939,81,,,2018-08-05 00:17:22.987840,0.984375,0.11892829835414886
14940,82,,,2018-08-05 00:17:23.967760,0.984375,0.1240362673997879
14941,83,,,2018-08-05 00:17:24.927133,0.984375,0.08850114047527313
14942,84,,,2018-08-05 00:17:25.885346,1.0,0.05579336732625961
14943,85,,,2018-08-05 00:17:26.787430,1.0,0.07405811548233032
14944,86,,,2018-08-05 00:17:27.658269,0.9375,0.16349993646144867
14945,87,,,2018-08-05 00:17:28.589262,0.9375,0.13855959475040436
14946,88,,,2018-08-05 00:17:29.554114,0.984375,0.08446076512336731
14947,89,,,2018-08-05 00:17:30.470247,0.984375,0.08914235234260559
14948,90,,,2018-08-05 00:17:31.443601,1.0,0.07493755966424942
14949,91,,,2018-08-05 00:17:32.391857,0.953125,0.1449303776025772
14950,92,,,2018-08-05 00:17:33.358883,0.984375,0.11453806608915329
14951,93,,,2018-08-05 00:17:34.276762,0.9375,0.14062394201755524
14952,94,,,2018-08-05 00:17:35.188134,0.953125,0.31005048751831055
14953,95,,,2018-08-05 00:17:36.085160,0.96875,0.13231731951236725
14954,96,,,2018-08-05 00:17:36.946751,0.96875,0.11460815370082855
14955,97,,,2018-08-05 00:17:37.882017,1.0,0.06196971982717514
14956,98,,,2018-08-05 00:17:38.800873,0.96875,0.08922866731882095
14957,99,,,2018-08-05 00:17:39.728362,0.984375,0.07955752313137054
14958,100,0.6645,1.4194722175598145,2018-08-05 00:17:40.636142,0.96875,0.0915236622095108
14959,101,,,2018-08-05 00:18:33.472699,0.984375,0.07385954260826111
14960,102,,,2018-08-05 00:18:34.405546,0.984375,0.1519787758588791
14961,103,,,2018-08-05 00:18:35.356731,0.984375,0.12830892205238342
14962,104,,,2018-08-05 00:18:36.345002,0.984375,0.12924082577228546
14963,105,,,2018-08-05 00:18:37.245772,0.984375,0.04839658737182617
14964,106,,,2018-08-05 00:18:38.164656,0.984375,0.11208982765674591
14965,107,,,2018-08-05 00:18:39.065825,0.96875,0.10286863148212433
14966,108,,,2018-08-05 00:18:39.953156,1.0,0.09451940655708313
14967,109,,,2018-08-05 00:18:40.830455,0.96875,0.10636229068040848
14968,110,,,2018-08-05 00:18:41.794245,0.984375,0.12139201909303665
14969,111,,,2018-08-05 00:18:42.711233,0.9375,0.1203598827123642
14970,112,,,2018-08-05 00:18:43.646405,0.953125,0.1231515035033226
14971,113,,,2018-08-05 00:18:44.544760,0.96875,0.17880390584468842
14972,114,,,2018-08-05 00:18:45.476420,0.96875,0.07940898090600967
14973,115,,,2018-08-05 00:18:46.399150,0.984375,0.0954786092042923
14974,116,,,2018-08-05 00:18:47.315349,0.953125,0.1363537758588791
14975,117,,,2018-08-05 00:18:48.234520,0.984375,0.08180027455091476
14976,118,,,2018-08-05 00:18:49.145120,0.9375,0.15347108244895935
14977,119,,,2018-08-05 00:18:50.092131,0.953125,0.12016668170690536
14978,120,0.6649,1.4199113845825195,2018-08-05 00:18:50.982026,0.953125,0.09571533650159836
14979,121,,,2018-08-05 00:19:41.385013,0.9375,0.1565069556236267
14980,122,,,2018-08-05 00:19:42.374222,0.96875,0.10606943070888519
14981,123,,,2018-08-05 00:19:43.283490,0.9375,0.18224000930786133
14982,124,,,2018-08-05 00:19:44.204023,0.984375,0.1041644811630249
14983,125,,,2018-08-05 00:19:45.144614,1.0,0.03766677901148796
14984,126,,,2018-08-05 00:19:46.047406,0.953125,0.18480393290519714
14985,127,,,2018-08-05 00:19:46.900248,0.984375,0.0875559151172638
14986,128,,,2018-08-05 00:19:47.767378,0.96875,0.1386958509683609
14987,129,,,2018-08-05 00:19:48.666397,1.0,0.07458819448947906
14988,130,,,2018-08-05 00:19:49.590294,0.96875,0.22223490476608276
14989,131,,,2018-08-05 00:19:50.505108,0.953125,0.11246178299188614
14990,132,,,2018-08-05 00:19:51.410061,0.96875,0.12771162390708923
14991,133,,,2018-08-05 00:19:52.331107,1.0,0.06062229722738266
14992,134,,,2018-08-05 00:19:53.307885,0.96875,0.10043652355670929
14993,135,,,2018-08-05 00:19:54.203174,0.953125,0.1798829734325409
14994,136,,,2018-08-05 00:19:55.091789,0.953125,0.1382366120815277
14995,137,,,2018-08-05 00:19:55.996847,0.984375,0.10573511570692062
14996,138,,,2018-08-05 00:19:56.851204,0.984375,0.07999356836080551
14997,139,,,2018-08-05 00:19:57.706315,0.96875,0.1353832483291626
14998,140,0.6646,1.420093059539795,2018-08-05 00:19:58.591882,1.0,0.04953324422240257
14999,141,,,2018-08-05 00:20:50.012245,0.96875,0.1530977189540863
15000,142,,,2018-08-05 00:20:50.901788,0.984375,0.08421925455331802
15001,143,,,2018-08-05 00:20:51.819328,0.90625,0.3300202786922455
15002,144,,,2018-08-05 00:20:52.705101,0.90625,0.2580063045024872
15003,145,,,2018-08-05 00:20:53.588115,0.96875,0.10035467147827148
15004,146,,,2018-08-05 00:20:54.493560,0.984375,0.07756796479225159
15005,147,,,2018-08-05 00:20:55.446683,0.96875,0.07376354932785034
15006,148,,,2018-08-05 00:20:56.431734,0.953125,0.13920623064041138
15007,149,,,2018-08-05 00:20:57.291184,1.0,0.10518623143434525
15008,150,,,2018-08-05 00:20:58.224589,0.96875,0.1067318543791771
15009,151,,,2018-08-05 00:20:59.125512,1.0,0.06211894378066063
15010,152,,,2018-08-05 00:21:00.070996,0.9375,0.2014744132757187
15011,153,,,2018-08-05 00:21:00.984563,0.953125,0.1542859822511673
15012,154,,,2018-08-05 00:21:01.835814,0.984375,0.14612212777137756
15013,155,,,2018-08-05 00:21:02.660455,1.0,0.04832443594932556
15014,156,,,2018-08-05 00:21:03.558849,0.96875,0.10904548317193985
15015,157,,,2018-08-05 00:21:04.514644,0.984375,0.09746842831373215
15016,158,,,2018-08-05 00:21:05.387079,0.90625,0.24041599035263062
15017,159,,,2018-08-05 00:21:06.354574,0.921875,0.14751026034355164
15018,160,0.664,1.4202419519424438,2018-08-05 00:21:07.252307,0.984375,0.05832866206765175
15019,161,,,2018-08-05 00:21:58.423854,0.984375,0.15133407711982727
15020,162,,,2018-08-05 00:21:59.434069,0.96875,0.17908701300621033
15021,163,,,2018-08-05 00:22:00.416039,0.9375,0.18868057429790497
15022,164,,,2018-08-05 00:22:01.400820,0.9375,0.13545867800712585
15023,165,,,2018-08-05 00:22:02.376062,0.96875,0.12198210507631302
15024,166,,,2018-08-05 00:22:03.307463,1.0,0.08426802605390549
15025,167,,,2018-08-05 00:22:04.209764,0.96875,0.19686630368232727
15026,168,,,2018-08-05 00:22:05.129514,0.96875,0.12314631044864655
15027,169,,,2018-08-05 00:22:06.006249,0.96875,0.1088797003030777
15028,170,,,2018-08-05 00:22:06.871688,1.0,0.08136915415525436
15029,171,,,2018-08-05 00:22:07.785214,0.953125,0.10630582273006439
15030,172,,,2018-08-05 00:22:08.685759,0.96875,0.0707257017493248
15031,173,,,2018-08-05 00:22:09.541287,0.96875,0.1405598670244217
15032,174,,,2018-08-05 00:22:10.417555,0.96875,0.1699749380350113
15033,175,,,2018-08-05 00:22:11.345842,0.96875,0.1011291965842247
15034,176,,,2018-08-05 00:22:12.193764,0.9375,0.13514523208141327
15035,177,,,2018-08-05 00:22:13.059493,0.984375,0.05480806156992912
15036,178,,,2018-08-05 00:22:13.997594,0.96875,0.1145111545920372
15037,179,,,2018-08-05 00:22:14.958965,0.96875,0.10913366079330444
15038,180,0.6639,1.4203637838363647,2018-08-05 00:22:15.949112,0.984375,0.08877909183502197
15039,181,,,2018-08-05 00:23:08.725667,0.984375,0.1482110619544983
15040,182,,,2018-08-05 00:23:09.663805,0.984375,0.06397222727537155
15041,183,,,2018-08-05 00:23:10.558496,0.953125,0.168560191988945
15042,184,,,2018-08-05 00:23:11.483021,0.984375,0.09374254196882248
15043,185,,,2018-08-05 00:23:12.356066,0.9375,0.12662869691848755
15044,186,,,2018-08-05 00:23:13.283414,0.953125,0.12283200025558472
15045,187,,,2018-08-05 00:23:14.207708,0.96875,0.09608998894691467
15046,188,,,2018-08-05 00:23:15.136224,0.984375,0.13955803215503693
15047,189,,,2018-08-05 00:23:16.034863,1.0,0.04003520682454109
15048,190,,,2018-08-05 00:23:16.954641,0.921875,0.18928365409374237
15049,191,,,2018-08-05 00:23:17.854871,0.921875,0.19510044157505035
15050,192,,,2018-08-05 00:23:18.768370,0.921875,0.15212564170360565
15051,193,,,2018-08-05 00:23:19.657755,0.9375,0.12188553810119629
15052,194,,,2018-08-05 00:23:20.531513,0.984375,0.07813332974910736
15053,195,,,2018-08-05 00:23:21.523861,0.96875,0.08639801293611526
15054,196,,,2018-08-05 00:23:22.415246,0.953125,0.20785821974277496
15055,197,,,2018-08-05 00:23:23.370549,0.953125,0.13336947560310364
15056,198,,,2018-08-05 00:23:24.406363,0.984375,0.0788680762052536
15057,199,,,2018-08-05 00:23:25.446243,0.984375,0.08182300627231598
15058,200,0.6642,1.4210755825042725,2018-08-05 00:23:26.383847,0.9375,0.13942593336105347
15059,201,,,2018-08-05 00:24:20.517445,0.96875,0.13362832367420197
15060,202,,,2018-08-05 00:24:21.462702,0.9375,0.1932915896177292
15061,203,,,2018-08-05 00:24:22.366211,0.953125,0.19186168909072876
15062,204,,,2018-08-05 00:24:23.254828,0.96875,0.16854466497898102
15063,205,,,2018-08-05 00:24:24.152515,0.984375,0.09265350550413132
15064,206,,,2018-08-05 00:24:25.042233,0.90625,0.19704657793045044
15065,207,,,2018-08-05 00:24:26.024176,1.0,0.04786354675889015
15066,208,,,2018-08-05 00:24:26.908685,0.953125,0.1349370777606964
15067,209,,,2018-08-05 00:24:27.775947,0.984375,0.10412933677434921
15068,210,,,2018-08-05 00:24:28.734491,0.96875,0.13703708350658417
15069,211,,,2018-08-05 00:24:29.665220,0.953125,0.14537039399147034
15070,212,,,2018-08-05 00:24:30.556976,0.921875,0.258190393447876
15071,213,,,2018-08-05 00:24:31.439526,0.953125,0.11287979036569595
15072,214,,,2018-08-05 00:24:32.297555,0.984375,0.08383610099554062
15073,215,,,2018-08-05 00:24:33.277419,0.984375,0.09549722075462341
15074,216,,,2018-08-05 00:24:34.209989,0.953125,0.16756987571716309
15075,217,,,2018-08-05 00:24:35.130044,0.984375,0.08620457351207733
15076,218,,,2018-08-05 00:24:36.113790,0.96875,0.14058169722557068
15077,219,,,2018-08-05 00:24:36.992431,0.984375,0.07341853529214859
15078,220,0.6638,1.4216700792312622,2018-08-05 00:24:37.899118,0.984375,0.10169859975576401
15079,221,,,2018-08-05 00:25:31.789555,1.0,0.03428340703248978
15080,222,,,2018-08-05 00:25:32.644107,0.984375,0.10647305101156235
15081,223,,,2018-08-05 00:25:33.550948,0.984375,0.08887068927288055
15082,224,,,2018-08-05 00:25:34.457024,0.984375,0.10374447703361511
15083,225,,,2018-08-05 00:25:35.381043,1.0,0.055046528577804565
15084,226,,,2018-08-05 00:25:36.289543,1.0,0.09035321325063705
15085,227,,,2018-08-05 00:25:37.201933,0.984375,0.06959500163793564
15086,228,,,2018-08-05 00:25:38.064232,0.984375,0.1120029017329216
15087,229,,,2018-08-05 00:25:38.936068,0.953125,0.13200198113918304
15088,230,,,2018-08-05 00:25:39.830660,0.96875,0.1676436811685562
15089,231,,,2018-08-05 00:25:40.714318,0.953125,0.14493004977703094
15090,232,,,2018-08-05 00:25:41.638261,0.90625,0.36201295256614685
15091,233,,,2018-08-05 00:25:42.541615,0.921875,0.37165939807891846
15092,234,,,2018-08-05 00:25:43.483433,0.90625,0.22087764739990234
15093,235,,,2018-08-05 00:25:44.488018,0.921875,0.1711587905883789
15094,236,,,2018-08-05 00:25:45.387220,0.96875,0.11525928229093552
15095,237,,,2018-08-05 00:25:46.365579,0.953125,0.12882447242736816
15096,238,,,2018-08-05 00:25:47.243513,0.96875,0.12788376212120056
15097,239,,,2018-08-05 00:25:48.117267,0.984375,0.08983656018972397
15098,240,0.6641,1.4216358661651611,2018-08-05 00:25:49.056508,0.953125,0.2075897753238678
15099,241,,,2018-08-05 00:26:38.739619,0.984375,0.11114148795604706
15100,242,,,2018-08-05 00:26:39.722050,0.96875,0.09793316572904587
15101,243,,,2018-08-05 00:26:40.723632,0.953125,0.127257838845253
15102,244,,,2018-08-05 00:26:41.633830,0.9375,0.17106790840625763
15103,245,,,2018-08-05 00:26:42.598492,0.953125,0.11568506807088852
15104,246,,,2018-08-05 00:26:43.550766,0.9375,0.19272716343402863
15105,247,,,2018-08-05 00:26:44.500829,0.953125,0.15112510323524475
15106,248,,,2018-08-05 00:26:45.394391,0.953125,0.13847047090530396
15107,249,,,2018-08-05 00:26:46.313969,0.96875,0.11279648542404175
15108,250,,,2018-08-05 00:26:47.198220,0.953125,0.18347498774528503
15109,251,,,2018-08-05 00:26:48.089885,0.984375,0.10046228021383286
15110,252,,,2018-08-05 00:26:48.934465,1.0,0.06835335493087769
15111,253,,,2018-08-05 00:26:49.881832,0.9375,0.2434927076101303
15112,254,,,2018-08-05 00:26:50.833740,0.96875,0.10664058476686478
15113,255,,,2018-08-05 00:26:51.782420,0.96875,0.10671558231115341
15114,256,,,2018-08-05 00:26:52.658872,1.0,0.05738503113389015
15115,257,,,2018-08-05 00:26:53.612137,1.0,0.08337506651878357
15116,258,,,2018-08-05 00:26:54.476185,0.984375,0.07790745794773102
15117,259,,,2018-08-05 00:26:55.384784,0.953125,0.10838165879249573
15118,260,0.664,1.421960473060608,2018-08-05 00:26:56.312246,0.96875,0.15665893256664276
15119,261,,,2018-08-05 00:27:45.144778,0.96875,0.09080820530653
15120,262,,,2018-08-05 00:27:46.114918,0.984375,0.10706228762865067
15121,263,,,2018-08-05 00:27:47.025879,0.953125,0.16303427517414093
15122,264,,,2018-08-05 00:27:47.890658,1.0,0.08350478857755661
15123,265,,,2018-08-05 00:27:48.813728,0.921875,0.20477834343910217
15124,266,,,2018-08-05 00:27:49.764545,0.953125,0.15280099213123322
15125,267,,,2018-08-05 00:27:50.700371,0.96875,0.1260472536087036
15126,268,,,2018-08-05 00:27:51.640476,0.984375,0.09319914877414703
15127,269,,,2018-08-05 00:27:52.574662,0.96875,0.11308684945106506
15128,270,,,2018-08-05 00:27:53.466994,1.0,0.07293186336755753
15129,271,,,2018-08-05 00:27:54.407291,0.984375,0.09653899073600769
15130,272,,,2018-08-05 00:27:55.349577,0.9375,0.13406381011009216
15131,273,,,2018-08-05 00:27:56.256658,0.96875,0.1481264978647232
15132,274,,,2018-08-05 00:27:57.216598,0.953125,0.13521520793437958
15133,275,,,2018-08-05 00:27:58.163593,0.96875,0.10937222093343735
15134,276,,,2018-08-05 00:27:59.167527,0.9375,0.15203575789928436
15135,277,,,2018-08-05 00:28:00.067140,0.96875,0.15442553162574768
15136,278,,,2018-08-05 00:28:00.984572,0.96875,0.12380506098270416
15137,279,,,2018-08-05 00:28:01.905888,0.9375,0.15151481330394745
15138,280,0.6651,1.422439455986023,2018-08-05 00:28:02.868531,0.953125,0.09504009783267975
15139,281,,,2018-08-05 00:28:55.168620,0.953125,0.1557607352733612
15140,282,,,2018-08-05 00:28:56.068106,0.953125,0.17233531177043915
15141,283,,,2018-08-05 00:28:57.027474,0.953125,0.15638889372348785
15142,284,,,2018-08-05 00:28:57.929895,0.984375,0.07348290085792542
15143,285,,,2018-08-05 00:28:58.861362,0.96875,0.14023907482624054
15144,286,,,2018-08-05 00:28:59.816277,0.984375,0.10968319326639175
15145,287,,,2018-08-05 00:29:00.739509,0.96875,0.1297273188829422
15146,288,,,2018-08-05 00:29:01.646434,0.953125,0.19297172129154205
15147,289,,,2018-08-05 00:29:02.565817,0.984375,0.09914449602365494
15148,290,,,2018-08-05 00:29:03.479510,0.984375,0.08791966736316681
15149,291,,,2018-08-05 00:29:04.391579,0.921875,0.24767164885997772
15150,292,,,2018-08-05 00:29:05.312667,0.9375,0.15793031454086304
15151,293,,,2018-08-05 00:29:06.220761,0.984375,0.0917913168668747
15152,294,,,2018-08-05 00:29:07.136901,0.96875,0.11989671736955643
15153,295,,,2018-08-05 00:29:08.037766,0.984375,0.10071863234043121
15154,296,,,2018-08-05 00:29:08.959458,0.953125,0.167104110121727
15155,297,,,2018-08-05 00:29:09.909008,0.96875,0.09583396464586258
15156,298,,,2018-08-05 00:29:10.815329,0.96875,0.15703225135803223
15157,299,,,2018-08-05 00:29:11.638301,0.96875,0.13586212694644928
15158,300,0.6651,1.4235669374465942,2018-08-05 00:29:12.585087,0.953125,0.17429625988006592
15159,301,,,2018-08-05 00:30:03.751678,0.984375,0.10045935213565826
15160,302,,,2018-08-05 00:30:04.692314,0.921875,0.20062512159347534
15161,303,,,2018-08-05 00:30:05.566597,1.0,0.07482980936765671
15162,304,,,2018-08-05 00:30:06.501238,0.9375,0.18947571516036987
15163,305,,,2018-08-05 00:30:07.490375,0.984375,0.10252629220485687
15164,306,,,2018-08-05 00:30:08.440502,0.984375,0.10602007806301117
15165,307,,,2018-08-05 00:30:09.416125,0.953125,0.09319870918989182
15166,308,,,2018-08-05 00:30:10.305332,0.953125,0.13335445523262024
15167,309,,,2018-08-05 00:30:11.218502,0.96875,0.09015574306249619
15168,310,,,2018-08-05 00:30:12.236651,0.9375,0.15419164299964905
15169,311,,,2018-08-05 00:30:13.171113,0.984375,0.11357757449150085
15170,312,,,2018-08-05 00:30:14.129192,0.984375,0.0812925323843956
15171,313,,,2018-08-05 00:30:15.060140,0.96875,0.09509123861789703
15172,314,,,2018-08-05 00:30:15.971827,0.984375,0.08766695857048035
15173,315,,,2018-08-05 00:30:16.869234,0.984375,0.07703511416912079
15174,316,,,2018-08-05 00:30:17.743857,0.953125,0.17002743482589722
15175,317,,,2018-08-05 00:30:18.660617,0.984375,0.13193285465240479
15176,318,,,2018-08-05 00:30:19.544331,0.953125,0.2081620693206787
15177,319,,,2018-08-05 00:30:20.433197,0.984375,0.10941221565008163
15178,320,0.6648,1.4237431287765503,2018-08-05 00:30:21.371426,1.0,0.06536377221345901
15179,321,,,2018-08-05 00:31:14.044443,0.9375,0.17814965546131134
15180,322,,,2018-08-05 00:31:14.998365,0.9375,0.23879671096801758
15181,323,,,2018-08-05 00:31:15.978066,0.96875,0.19265681505203247
15182,324,,,2018-08-05 00:31:16.919037,0.953125,0.11364411562681198
15183,325,,,2018-08-05 00:31:17.799354,1.0,0.10689627379179001
15184,326,,,2018-08-05 00:31:18.709469,0.96875,0.12582118809223175
15185,327,,,2018-08-05 00:31:19.622216,0.953125,0.16390223801136017
15186,328,,,2018-08-05 00:31:20.550170,1.0,0.0863567441701889
15187,329,,,2018-08-05 00:31:21.469887,0.953125,0.16783559322357178
15188,330,,,2018-08-05 00:31:22.416225,0.953125,0.19387775659561157
15189,331,,,2018-08-05 00:31:23.256374,0.921875,0.17444881796836853
15190,332,,,2018-08-05 00:31:24.145153,0.953125,0.1814829707145691
15191,333,,,2018-08-05 00:31:25.126161,0.953125,0.15013417601585388
15192,334,,,2018-08-05 00:31:26.080405,0.96875,0.09202186018228531
15193,335,,,2018-08-05 00:31:27.009600,0.96875,0.14929282665252686
15194,336,,,2018-08-05 00:31:27.892588,0.953125,0.1824253499507904
15195,337,,,2018-08-05 00:31:28.788572,1.0,0.10973826795816422
15196,338,,,2018-08-05 00:31:29.817266,0.96875,0.10028693825006485
15197,339,,,2018-08-05 00:31:30.730084,0.921875,0.14695103466510773
15198,340,0.6646,1.4241876602172852,2018-08-05 00:31:31.615455,0.96875,0.21988974511623383
15199,341,,,2018-08-05 00:32:23.624196,0.96875,0.10100997239351273
15200,342,,,2018-08-05 00:32:24.609014,1.0,0.0711018368601799
15201,343,,,2018-08-05 00:32:25.576601,0.953125,0.16055859625339508
15202,344,,,2018-08-05 00:32:26.433894,0.953125,0.13698191940784454
15203,345,,,2018-08-05 00:32:27.325335,0.96875,0.13311265408992767
15204,346,,,2018-08-05 00:32:28.214723,0.96875,0.09851840883493423
15205,347,,,2018-08-05 00:32:29.123324,0.984375,0.09584204852581024
15206,348,,,2018-08-05 00:32:30.113603,0.9375,0.26069530844688416
15207,349,,,2018-08-05 00:32:31.017432,0.984375,0.10196740180253983
15208,350,,,2018-08-05 00:32:31.892967,0.96875,0.09758739173412323
15209,351,,,2018-08-05 00:32:32.811370,0.953125,0.1413935422897339
15210,352,,,2018-08-05 00:32:33.751080,1.0,0.05997609719634056
15211,353,,,2018-08-05 00:32:34.730699,0.96875,0.1448732614517212
15212,354,,,2018-08-05 00:32:35.649484,0.953125,0.12231668829917908
15213,355,,,2018-08-05 00:32:36.554288,1.0,0.08617975562810898
15214,356,,,2018-08-05 00:32:37.487905,1.0,0.10814309865236282
15215,357,,,2018-08-05 00:32:38.397120,0.921875,0.1579287201166153
15216,358,,,2018-08-05 00:32:39.434076,0.9375,0.20225436985492706
15217,359,,,2018-08-05 00:32:40.358958,0.984375,0.10389996320009232
15218,360,0.664,1.4247103929519653,2018-08-05 00:32:41.247086,0.984375,0.09731410443782806
15219,361,,,2018-08-05 00:33:33.635936,0.96875,0.12104813754558563
15220,362,,,2018-08-05 00:33:34.550064,0.984375,0.0792231336236
15221,363,,,2018-08-05 00:33:35.496506,0.90625,0.2374727725982666
15222,364,,,2018-08-05 00:33:36.396272,0.984375,0.08544366806745529
15223,365,,,2018-08-05 00:33:37.317467,0.96875,0.12717117369174957
15224,366,,,2018-08-05 00:33:38.299135,0.96875,0.09624216705560684
15225,367,,,2018-08-05 00:33:39.240996,0.9375,0.23332710564136505
15226,368,,,2018-08-05 00:33:40.165349,0.953125,0.20969870686531067
15227,369,,,2018-08-05 00:33:41.102123,0.96875,0.10217205435037613
15228,370,,,2018-08-05 00:33:42.016642,0.96875,0.11929002404212952
15229,371,,,2018-08-05 00:33:42.928149,1.0,0.08524058014154434
15230,372,,,2018-08-05 00:33:43.864701,0.953125,0.13179759681224823
15231,373,,,2018-08-05 00:33:44.789639,0.953125,0.13893558084964752
15232,374,,,2018-08-05 00:33:45.663306,0.984375,0.09081587940454483
15233,375,,,2018-08-05 00:33:46.591213,0.953125,0.1136569008231163
15234,376,,,2018-08-05 00:33:47.540206,0.953125,0.10486306995153427
15235,377,,,2018-08-05 00:33:48.399935,0.96875,0.11603342741727829
15236,378,,,2018-08-05 00:33:49.303238,0.9375,0.20058564841747284
15237,379,,,2018-08-05 00:33:50.193048,0.96875,0.1189202219247818
15238,380,0.6653,1.4246478080749512,2018-08-05 00:33:51.123055,0.96875,0.09320320934057236
15239,381,,,2018-08-05 00:34:38.071056,0.984375,0.10204444080591202
15240,382,,,2018-08-05 00:34:39.060691,0.953125,0.21145573258399963
15241,383,,,2018-08-05 00:34:40.009789,0.96875,0.10495518893003464
15242,384,,,2018-08-05 00:34:40.903847,0.96875,0.10109423100948334
15243,385,,,2018-08-05 00:34:41.798375,0.9375,0.1483423262834549
15244,386,,,2018-08-05 00:34:42.708236,0.96875,0.11817853897809982
15245,387,,,2018-08-05 00:34:43.623662,0.96875,0.18591636419296265
15246,388,,,2018-08-05 00:34:44.571304,0.921875,0.16275177896022797
15247,389,,,2018-08-05 00:34:45.476529,0.984375,0.08227771520614624
15248,390,,,2018-08-05 00:34:46.435598,0.9375,0.24368204176425934
15249,391,,,2018-08-05 00:34:47.422295,0.984375,0.0830625668168068
15250,392,,,2018-08-05 00:34:48.392794,0.9375,0.1491519659757614
15251,393,,,2018-08-05 00:34:49.344297,0.96875,0.1327732652425766
15252,394,,,2018-08-05 00:34:50.311088,1.0,0.082119882106781
15253,395,,,2018-08-05 00:34:51.244864,0.953125,0.10876999795436859
15254,396,,,2018-08-05 00:34:52.145396,0.9375,0.1946214735507965
15255,397,,,2018-08-05 00:34:53.046786,0.984375,0.0865088403224945
15256,398,,,2018-08-05 00:34:54.011716,0.9375,0.13818804919719696
15257,399,,,2018-08-05 00:34:54.994091,0.96875,0.1237395703792572
15258,400,0.6652,1.4251545667648315,2018-08-05 00:34:55.973560,0.953125,0.12474172562360764
15259,401,,,2018-08-05 00:35:45.623677,0.96875,0.18290609121322632
15260,402,,,2018-08-05 00:35:46.543485,0.953125,0.135983407497406
15261,403,,,2018-08-05 00:35:47.503710,0.96875,0.14030015468597412
15262,404,,,2018-08-05 00:35:48.428552,0.953125,0.3098204433917999
15263,405,,,2018-08-05 00:35:49.353921,0.96875,0.10030204057693481
15264,406,,,2018-08-05 00:35:50.223757,0.96875,0.11623284965753555
15265,407,,,2018-08-05 00:35:51.189347,0.96875,0.1081705316901207
15266,408,,,2018-08-05 00:35:52.102612,0.984375,0.11814223229885101
15267,409,,,2018-08-05 00:35:53.054316,0.96875,0.12255241721868515
15268,410,,,2018-08-05 00:35:53.994372,0.984375,0.1462855190038681
15269,411,,,2018-08-05 00:35:54.890277,0.96875,0.12235358357429504
15270,412,,,2018-08-05 00:35:55.799307,0.984375,0.06643114238977432
15271,413,,,2018-08-05 00:35:56.733589,0.9375,0.1821104735136032
15272,414,,,2018-08-05 00:35:57.715181,0.953125,0.13502579927444458
15273,415,,,2018-08-05 00:35:58.564252,0.953125,0.1315086930990219
15274,416,,,2018-08-05 00:35:59.497472,0.953125,0.194253072142601
15275,417,,,2018-08-05 00:36:00.442736,0.96875,0.11403200030326843
15276,418,,,2018-08-05 00:36:01.338794,0.875,0.27478739619255066
15277,419,,,2018-08-05 00:36:02.323679,0.984375,0.08026410639286041
15278,420,0.665,1.425157070159912,2018-08-05 00:36:03.206904,0.953125,0.12978240847587585
15279,421,,,2018-08-05 00:36:53.557334,0.90625,0.23201636970043182
15280,422,,,2018-08-05 00:36:54.571173,0.921875,0.21501944959163666
15281,423,,,2018-08-05 00:36:55.501842,0.96875,0.08349880576133728
15282,424,,,2018-08-05 00:36:56.467854,0.953125,0.13126860558986664
15283,425,,,2018-08-05 00:36:57.432501,0.9375,0.17324766516685486
15284,426,,,2018-08-05 00:36:58.316772,0.9375,0.19107221066951752
15285,427,,,2018-08-05 00:36:59.244323,0.96875,0.1313062459230423
15286,428,,,2018-08-05 00:37:00.122892,0.984375,0.06402956694364548
15287,429,,,2018-08-05 00:37:01.056448,1.0,0.07474739104509354
15288,430,,,2018-08-05 00:37:01.947957,0.984375,0.12122707068920135
15289,431,,,2018-08-05 00:37:02.880539,0.90625,0.27144262194633484
15290,432,,,2018-08-05 00:37:03.814630,1.0,0.06994040310382843
15291,433,,,2018-08-05 00:37:04.829566,0.96875,0.09318625926971436
15292,434,,,2018-08-05 00:37:05.736697,1.0,0.06797727942466736
15293,435,,,2018-08-05 00:37:06.621213,0.96875,0.09876379370689392
15294,436,,,2018-08-05 00:37:07.532044,0.96875,0.08845537155866623
15295,437,,,2018-08-05 00:37:08.389418,0.953125,0.20838621258735657
15296,438,,,2018-08-05 00:37:09.312531,0.984375,0.10152791440486908
15297,439,,,2018-08-05 00:37:10.272753,0.984375,0.09572987258434296
15298,440,0.6648,1.4252700805664062,2018-08-05 00:37:11.192860,0.953125,0.11605539172887802
15299,441,,,2018-08-05 00:37:58.270195,0.96875,0.12923042476177216
15300,442,,,2018-08-05 00:37:59.203061,0.96875,0.1334490180015564
15301,443,,,2018-08-05 00:38:00.147335,0.984375,0.10985920578241348
15302,444,,,2018-08-05 00:38:01.065687,0.96875,0.12194936722517014
15303,445,,,2018-08-05 00:38:01.995274,0.96875,0.12126672267913818
15304,446,,,2018-08-05 00:38:02.916641,0.96875,0.1389138549566269
15305,447,,,2018-08-05 00:38:03.868676,1.0,0.07814960181713104
15306,448,,,2018-08-05 00:38:04.767294,0.96875,0.1247531920671463
15307,449,,,2018-08-05 00:38:05.709813,0.90625,0.19019871950149536
15308,450,,,2018-08-05 00:38:06.622231,0.984375,0.12764455378055573
15309,451,,,2018-08-05 00:38:07.605861,0.921875,0.208265021443367
15310,452,,,2018-08-05 00:38:08.498661,0.984375,0.08567263931035995
15311,453,,,2018-08-05 00:38:09.391280,0.953125,0.14407548308372498
15312,454,,,2018-08-05 00:38:10.317687,1.0,0.10582410544157028
15313,455,,,2018-08-05 00:38:11.225789,0.984375,0.08774185180664062
15314,456,,,2018-08-05 00:38:12.183445,0.9375,0.15645165741443634
15315,457,,,2018-08-05 00:38:13.096865,0.953125,0.14587967097759247
15316,458,,,2018-08-05 00:38:13.991261,0.953125,0.16281963884830475
15317,459,,,2018-08-05 00:38:14.837759,0.96875,0.13405297696590424
15318,460,0.6643,1.4264988899230957,2018-08-05 00:38:15.755247,0.984375,0.10929948091506958
15319,461,,,2018-08-05 00:39:05.687505,0.96875,0.11172956228256226
15320,462,,,2018-08-05 00:39:06.668260,0.984375,0.08618446439504623
15321,463,,,2018-08-05 00:39:07.583387,0.9375,0.15364335477352142
15322,464,,,2018-08-05 00:39:08.457338,0.96875,0.1553884744644165
15323,465,,,2018-08-05 00:39:09.404208,0.9375,0.0941019058227539
15324,466,,,2018-08-05 00:39:10.327794,0.96875,0.107362762093544
15325,467,,,2018-08-05 00:39:11.232611,1.0,0.0781598761677742
15326,468,,,2018-08-05 00:39:12.148089,0.96875,0.09049903601408005
15327,469,,,2018-08-05 00:39:13.045438,0.921875,0.21126611530780792
15328,470,,,2018-08-05 00:39:13.967502,0.9375,0.2462727427482605
15329,471,,,2018-08-05 00:39:14.846434,1.0,0.054086942225694656
15330,472,,,2018-08-05 00:39:15.738465,0.984375,0.12262069433927536
15331,473,,,2018-08-05 00:39:16.644617,0.953125,0.12986481189727783
15332,474,,,2018-08-05 00:39:17.534149,0.96875,0.14241893589496613
15333,475,,,2018-08-05 00:39:18.438329,0.984375,0.1004258394241333
15334,476,,,2018-08-05 00:39:19.349674,0.96875,0.09720110148191452
15335,477,,,2018-08-05 00:39:20.274445,1.0,0.049446024000644684
15336,478,,,2018-08-05 00:39:21.180234,0.984375,0.11667043715715408
15337,479,,,2018-08-05 00:39:22.106181,0.984375,0.07783523201942444
15338,480,0.6634,1.4267810583114624,2018-08-05 00:39:22.973877,0.984375,0.09157593548297882
15339,481,,,2018-08-05 00:40:09.618832,0.9375,0.15435947477817535
15340,482,,,2018-08-05 00:40:10.648652,0.953125,0.1053275614976883
15341,483,,,2018-08-05 00:40:11.590200,0.984375,0.10668570548295975
15342,484,,,2018-08-05 00:40:12.488860,1.0,0.09525568783283234
15343,485,,,2018-08-05 00:40:13.343963,0.953125,0.220106303691864
15344,486,,,2018-08-05 00:40:14.195594,0.9375,0.15012800693511963
15345,487,,,2018-08-05 00:40:15.133308,0.984375,0.10336965322494507
15346,488,,,2018-08-05 00:40:16.091366,0.96875,0.11661545932292938
15347,489,,,2018-08-05 00:40:17.020144,0.984375,0.12579651176929474
15348,490,,,2018-08-05 00:40:17.937186,0.953125,0.13494472205638885
15349,491,,,2018-08-05 00:40:18.843643,1.0,0.0827941969037056
15350,492,,,2018-08-05 00:40:19.757393,0.984375,0.0926598310470581
15351,493,,,2018-08-05 00:40:20.708182,0.984375,0.15396159887313843
15352,494,,,2018-08-05 00:40:21.641800,0.984375,0.0742064118385315
15353,495,,,2018-08-05 00:40:22.575554,0.921875,0.15373356640338898
15354,496,,,2018-08-05 00:40:23.477862,0.984375,0.06823575496673584
15355,497,,,2018-08-05 00:40:24.364458,0.96875,0.19682584702968597
15356,498,,,2018-08-05 00:40:25.362314,0.984375,0.09971200674772263
15357,499,,,2018-08-05 00:40:26.291512,0.984375,0.1415516883134842
15358,500,0.6629,1.42738938331604,2018-08-05 00:40:27.179643,0.984375,0.07503838837146759
15359,501,,,2018-08-05 00:41:18.419685,0.984375,0.08249392360448837
15360,502,,,2018-08-05 00:41:19.334546,0.9375,0.1425345242023468
15361,503,,,2018-08-05 00:41:20.234986,1.0,0.09368840605020523
15362,504,,,2018-08-05 00:41:21.185378,0.90625,0.2786072790622711
15363,505,,,2018-08-05 00:41:22.129134,0.953125,0.13195054233074188
15364,506,,,2018-08-05 00:41:23.012987,0.984375,0.07178249210119247
15365,507,,,2018-08-05 00:41:23.914347,0.96875,0.14076219499111176
15366,508,,,2018-08-05 00:41:24.868552,0.96875,0.12576234340667725
15367,509,,,2018-08-05 00:41:25.756725,0.96875,0.1290423572063446
15368,510,,,2018-08-05 00:41:26.658393,0.984375,0.10202208906412125
15369,511,,,2018-08-05 00:41:27.550021,0.953125,0.18858221173286438
15370,512,,,2018-08-05 00:41:28.372967,0.96875,0.1925278604030609
15371,513,,,2018-08-05 00:41:29.291006,0.953125,0.16746695339679718
15372,514,,,2018-08-05 00:41:30.259819,0.953125,0.22291679680347443
15373,515,,,2018-08-05 00:41:31.182469,0.9375,0.17100495100021362
15374,516,,,2018-08-05 00:41:32.122371,0.953125,0.20212578773498535
15375,517,,,2018-08-05 00:41:33.073393,0.96875,0.105336494743824
15376,518,,,2018-08-05 00:41:33.928593,0.953125,0.1580241322517395
15377,519,,,2018-08-05 00:41:34.842153,0.96875,0.15012943744659424
15378,520,0.6627,1.4283379316329956,2018-08-05 00:41:35.739948,1.0,0.07285809516906738
15379,521,,,2018-08-05 00:42:26.204348,0.953125,0.18690919876098633
15380,522,,,2018-08-05 00:42:27.150923,1.0,0.04309520497918129
15381,523,,,2018-08-05 00:42:28.078415,0.9375,0.17537052929401398
15382,524,,,2018-08-05 00:42:28.927135,0.9375,0.17225299775600433
15383,525,,,2018-08-05 00:42:29.860202,1.0,0.046532947570085526
15384,526,,,2018-08-05 00:42:30.776162,0.953125,0.1403229981660843
15385,527,,,2018-08-05 00:42:31.756939,0.984375,0.06964530050754547
15386,528,,,2018-08-05 00:42:32.715045,1.0,0.10386740416288376
15387,529,,,2018-08-05 00:42:33.575481,1.0,0.052396222949028015
15388,530,,,2018-08-05 00:42:34.458541,0.96875,0.11371605843305588
15389,531,,,2018-08-05 00:42:35.366165,0.96875,0.12754110991954803
15390,532,,,2018-08-05 00:42:36.288486,0.96875,0.14713402092456818
15391,533,,,2018-08-05 00:42:37.219018,0.953125,0.11981996893882751
15392,534,,,2018-08-05 00:42:38.090183,0.984375,0.10327202826738358
15393,535,,,2018-08-05 00:42:39.063547,0.90625,0.19198065996170044
15394,536,,,2018-08-05 00:42:40.058110,0.984375,0.08252124488353729
15395,537,,,2018-08-05 00:42:41.008703,0.984375,0.09050633758306503
15396,538,,,2018-08-05 00:42:41.973037,0.953125,0.1619482785463333
15397,539,,,2018-08-05 00:42:42.892104,0.9375,0.1758962869644165
15398,540,0.6637,1.4281151294708252,2018-08-05 00:42:43.731865,0.984375,0.09647969156503677
15399,541,,,2018-08-05 00:43:35.699055,0.9375,0.22515496611595154
15400,542,,,2018-08-05 00:43:36.700239,1.0,0.0613529235124588
15401,543,,,2018-08-05 00:43:37.731573,0.953125,0.0908992663025856
15402,544,,,2018-08-05 00:43:38.638060,1.0,0.060158368200063705
15403,545,,,2018-08-05 00:43:39.626512,1.0,0.053473301231861115
15404,546,,,2018-08-05 00:43:40.567107,0.984375,0.1280798316001892
15405,547,,,2018-08-05 00:43:41.417674,1.0,0.09209802001714706
15406,548,,,2018-08-05 00:43:42.309539,0.9375,0.13576346635818481
15407,549,,,2018-08-05 00:43:43.196015,0.921875,0.2093697339296341
15408,550,,,2018-08-05 00:43:44.111986,0.96875,0.14761382341384888
15409,551,,,2018-08-05 00:43:44.994164,0.96875,0.10112786293029785
15410,552,,,2018-08-05 00:43:45.903283,0.984375,0.11397649347782135
15411,553,,,2018-08-05 00:43:46.861856,0.9375,0.2062850147485733
15412,554,,,2018-08-05 00:43:47.787032,0.96875,0.11561185121536255
15413,555,,,2018-08-05 00:43:48.717168,0.96875,0.1296074539422989
15414,556,,,2018-08-05 00:43:49.652130,1.0,0.06452178210020065
15415,557,,,2018-08-05 00:43:50.538657,0.953125,0.16974547505378723
15416,558,,,2018-08-05 00:43:51.469317,0.953125,0.14775411784648895
15417,559,,,2018-08-05 00:43:52.377140,0.9375,0.14865931868553162
15418,560,0.6644,1.4283639192581177,2018-08-05 00:43:53.251557,0.984375,0.12270873039960861
15419,561,,,2018-08-05 00:44:44.657874,0.953125,0.18217353522777557
15420,562,,,2018-08-05 00:44:45.618891,0.96875,0.0901731550693512
15421,563,,,2018-08-05 00:44:46.523538,1.0,0.07289692759513855
15422,564,,,2018-08-05 00:44:47.427334,0.96875,0.1149025708436966
15423,565,,,2018-08-05 00:44:48.307535,0.96875,0.12834013998508453
15424,566,,,2018-08-05 00:44:49.218549,0.953125,0.14761768281459808
15425,567,,,2018-08-05 00:44:50.149108,0.984375,0.0631089061498642
15426,568,,,2018-08-05 00:44:51.047316,0.953125,0.1949341893196106
15427,569,,,2018-08-05 00:44:51.910990,0.96875,0.16416315734386444
15428,570,,,2018-08-05 00:44:52.829443,0.953125,0.14359721541404724
15429,571,,,2018-08-05 00:44:53.795214,0.921875,0.21963420510292053
15430,572,,,2018-08-05 00:44:54.737875,0.96875,0.13548675179481506
15431,573,,,2018-08-05 00:44:55.678342,0.984375,0.10475629568099976
15432,574,,,2018-08-05 00:44:56.599426,0.984375,0.13503527641296387
15433,575,,,2018-08-05 00:44:57.550062,1.0,0.059440385550260544
15434,576,,,2018-08-05 00:44:58.449522,0.96875,0.1537468284368515
15435,577,,,2018-08-05 00:44:59.371004,0.984375,0.14293700456619263
15436,578,,,2018-08-05 00:45:00.260013,0.96875,0.10086534917354584
15437,579,,,2018-08-05 00:45:01.124643,0.96875,0.09524541348218918
15438,580,0.6636,1.4296786785125732,2018-08-05 00:45:02.028016,0.96875,0.16848522424697876
15439,581,,,2018-08-05 00:45:54.791190,0.953125,0.23117342591285706
15440,582,,,2018-08-05 00:45:55.761724,0.96875,0.09904272109270096
15441,583,,,2018-08-05 00:45:56.682731,0.984375,0.1491590440273285
15442,584,,,2018-08-05 00:45:57.621257,0.921875,0.21856804192066193
15443,585,,,2018-08-05 00:45:58.510737,0.96875,0.1998341977596283
15444,586,,,2018-08-05 00:45:59.420561,0.984375,0.08659333735704422
15445,587,,,2018-08-05 00:46:00.337799,0.953125,0.13944391906261444
15446,588,,,2018-08-05 00:46:01.277203,0.9375,0.1846008151769638
15447,589,,,2018-08-05 00:46:02.238338,0.984375,0.06346844881772995
15448,590,,,2018-08-05 00:46:03.183948,0.96875,0.13063327968120575
15449,591,,,2018-08-05 00:46:04.017521,0.953125,0.10466662794351578
15450,592,,,2018-08-05 00:46:04.903034,1.0,0.06680291891098022
15451,593,,,2018-08-05 00:46:05.804075,1.0,0.06256464868783951
15452,594,,,2018-08-05 00:46:06.679017,0.984375,0.11031731963157654
15453,595,,,2018-08-05 00:46:07.579127,0.921875,0.17558592557907104
15454,596,,,2018-08-05 00:46:08.474473,0.96875,0.12537337839603424
15455,597,,,2018-08-05 00:46:09.367730,0.953125,0.1714329570531845
15456,598,,,2018-08-05 00:46:10.316607,0.9375,0.18681588768959045
15457,599,,,2018-08-05 00:46:11.258091,0.96875,0.14675182104110718
15458,600,0.6634,1.430176019668579,2018-08-05 00:46:12.158103,0.984375,0.08184536546468735
15459,601,,,2018-08-05 00:47:03.577510,0.921875,0.1773536205291748
15460,602,,,2018-08-05 00:47:04.491999,0.984375,0.11395686119794846
15461,603,,,2018-08-05 00:47:05.451753,0.9375,0.19986939430236816
15462,604,,,2018-08-05 00:47:06.379612,0.96875,0.19168329238891602
15463,605,,,2018-08-05 00:47:07.289732,0.96875,0.12262827157974243
15464,606,,,2018-08-05 00:47:08.213130,0.984375,0.08322620391845703
15465,607,,,2018-08-05 00:47:09.072486,0.953125,0.11881399154663086
15466,608,,,2018-08-05 00:47:09.989217,0.953125,0.1323956847190857
15467,609,,,2018-08-05 00:47:10.900046,0.921875,0.1880766898393631
15468,610,,,2018-08-05 00:47:11.836655,0.953125,0.1598673164844513
15469,611,,,2018-08-05 00:47:12.720652,0.953125,0.1279560923576355
15470,612,,,2018-08-05 00:47:13.603793,0.953125,0.10660186409950256
15471,613,,,2018-08-05 00:47:14.547428,0.953125,0.11972834914922714
15472,614,,,2018-08-05 00:47:15.498789,0.984375,0.09736502170562744
15473,615,,,2018-08-05 00:47:16.466187,0.984375,0.1472429633140564
15474,616,,,2018-08-05 00:47:17.453106,0.953125,0.13312594592571259
15475,617,,,2018-08-05 00:47:18.390874,0.953125,0.17854684591293335
15476,618,,,2018-08-05 00:47:19.338840,0.953125,0.1154806911945343
15477,619,,,2018-08-05 00:47:20.233015,0.96875,0.15030911564826965
15478,620,0.6634,1.4299472570419312,2018-08-05 00:47:21.166314,1.0,0.0632132813334465
15479,621,,,2018-08-05 00:48:11.771710,0.984375,0.09961210936307907
15480,622,,,2018-08-05 00:48:12.784375,0.984375,0.07968214154243469
15481,623,,,2018-08-05 00:48:13.768425,0.9375,0.15666969120502472
15482,624,,,2018-08-05 00:48:14.777833,0.984375,0.12578138709068298
15483,625,,,2018-08-05 00:48:15.727045,0.984375,0.11963103711605072
15484,626,,,2018-08-05 00:48:16.696859,0.9375,0.3034549951553345
15485,627,,,2018-08-05 00:48:17.671130,0.984375,0.09325499832630157
15486,628,,,2018-08-05 00:48:18.583367,0.984375,0.13334329426288605
15487,629,,,2018-08-05 00:48:19.526943,0.96875,0.10858967155218124
15488,630,,,2018-08-05 00:48:20.451532,0.953125,0.15533754229545593
15489,631,,,2018-08-05 00:48:21.355320,0.953125,0.14300216734409332
15490,632,,,2018-08-05 00:48:22.366622,0.921875,0.23202544450759888
15491,633,,,2018-08-05 00:48:23.358014,0.984375,0.09328965097665787
15492,634,,,2018-08-05 00:48:24.296269,1.0,0.06710520386695862
15493,635,,,2018-08-05 00:48:25.234723,0.96875,0.16770920157432556
15494,636,,,2018-08-05 00:48:26.126881,0.96875,0.11555524915456772
15495,637,,,2018-08-05 00:48:27.059499,0.953125,0.27283889055252075
15496,638,,,2018-08-05 00:48:27.987819,0.96875,0.08343048393726349
15497,639,,,2018-08-05 00:48:28.865039,0.96875,0.14210516214370728
15498,640,0.6639,1.4301429986953735,2018-08-05 00:48:29.808471,0.96875,0.14210517704486847
15499,641,,,2018-08-05 00:49:18.692663,0.984375,0.08128009736537933
15500,642,,,2018-08-05 00:49:19.604805,0.984375,0.0968330055475235
15501,643,,,2018-08-05 00:49:20.533741,0.953125,0.16557517647743225
15502,644,,,2018-08-05 00:49:21.489377,1.0,0.09966479241847992
15503,645,,,2018-08-05 00:49:22.447620,1.0,0.06948951631784439
15504,646,,,2018-08-05 00:49:23.470698,0.90625,0.1950632780790329
15505,647,,,2018-08-05 00:49:24.456561,0.953125,0.17766539752483368
15506,648,,,2018-08-05 00:49:25.455405,0.96875,0.11595556139945984
15507,649,,,2018-08-05 00:49:26.457765,0.953125,0.08479465544223785
15508,650,,,2018-08-05 00:49:27.391169,1.0,0.07624875009059906
15509,651,,,2018-08-05 00:49:28.407776,0.96875,0.12771865725517273
15510,652,,,2018-08-05 00:49:29.413467,0.96875,0.08845258504152298
15511,653,,,2018-08-05 00:49:30.326636,0.96875,0.09208628535270691
15512,654,,,2018-08-05 00:49:31.293404,1.0,0.052396707236766815
15513,655,,,2018-08-05 00:49:32.270827,0.9375,0.2322777956724167
15514,656,,,2018-08-05 00:49:33.224731,1.0,0.0619644857943058
15515,657,,,2018-08-05 00:49:34.115960,0.984375,0.048634082078933716
15516,658,,,2018-08-05 00:49:35.032743,1.0,0.0634288340806961
15517,659,,,2018-08-05 00:49:35.974896,0.953125,0.20712986588478088
15518,660,0.6652,1.4300447702407837,2018-08-05 00:49:36.945797,0.984375,0.10567466169595718
15519,661,,,2018-08-05 00:50:30.102447,0.953125,0.11187421530485153
15520,662,,,2018-08-05 00:50:30.983933,0.9375,0.18873685598373413
15521,663,,,2018-08-05 00:50:31.911096,1.0,0.05333445221185684
15522,664,,,2018-08-05 00:50:32.886762,0.96875,0.13332344591617584
15523,665,,,2018-08-05 00:50:33.765321,0.953125,0.15710248053073883
15524,666,,,2018-08-05 00:50:34.670948,0.953125,0.251752644777298
15525,667,,,2018-08-05 00:50:35.552261,0.921875,0.23192991316318512
15526,668,,,2018-08-05 00:50:36.463089,0.96875,0.1318940967321396
15527,669,,,2018-08-05 00:50:37.418861,0.96875,0.17762789130210876
15528,670,,,2018-08-05 00:50:38.292276,0.984375,0.09480645507574081
15529,671,,,2018-08-05 00:50:39.207684,0.96875,0.12284384667873383
15530,672,,,2018-08-05 00:50:40.117389,0.984375,0.10107941180467606
15531,673,,,2018-08-05 00:50:40.975163,0.984375,0.09993859380483627
15532,674,,,2018-08-05 00:50:41.867264,0.9375,0.13320216536521912
15533,675,,,2018-08-05 00:50:42.740643,0.984375,0.1488962471485138
15534,676,,,2018-08-05 00:50:43.641131,0.984375,0.09064416587352753
15535,677,,,2018-08-05 00:50:44.557018,0.953125,0.13944895565509796
15536,678,,,2018-08-05 00:50:45.498784,0.96875,0.11864302307367325
15537,679,,,2018-08-05 00:50:46.484415,0.90625,0.16862255334854126
15538,680,0.6645,1.4299427270889282,2018-08-05 00:50:47.431101,0.9375,0.2198418378829956
15539,681,,,2018-08-05 00:51:39.069636,0.984375,0.12539876997470856
15540,682,,,2018-08-05 00:51:40.068555,0.96875,0.1594688892364502
15541,683,,,2018-08-05 00:51:40.966051,0.96875,0.13385339081287384
15542,684,,,2018-08-05 00:51:41.858748,0.953125,0.14988894760608673
15543,685,,,2018-08-05 00:51:42.731674,0.96875,0.19505836069583893
15544,686,,,2018-08-05 00:51:43.611287,0.984375,0.11750968545675278
15545,687,,,2018-08-05 00:51:44.491602,0.953125,0.24266739189624786
15546,688,,,2018-08-05 00:51:45.401957,0.9375,0.2070503532886505
15547,689,,,2018-08-05 00:51:46.311500,0.953125,0.19821050763130188
15548,690,,,2018-08-05 00:51:47.304659,0.96875,0.08914493769407272
15549,691,,,2018-08-05 00:51:48.288577,0.96875,0.17622065544128418
15550,692,,,2018-08-05 00:51:49.235307,0.96875,0.1918095201253891
15551,693,,,2018-08-05 00:51:50.201149,1.0,0.07054687291383743
15552,694,,,2018-08-05 00:51:51.153590,0.984375,0.09911096841096878
15553,695,,,2018-08-05 00:51:52.066216,0.984375,0.08145572245121002
15554,696,,,2018-08-05 00:51:52.950656,0.953125,0.19735100865364075
15555,697,,,2018-08-05 00:51:53.852112,0.953125,0.16476799547672272
15556,698,,,2018-08-05 00:51:54.717887,0.96875,0.14353418350219727
15557,699,,,2018-08-05 00:51:55.666105,0.953125,0.13785022497177124
15558,700,0.6647,1.4301676750183105,2018-08-05 00:51:56.514298,0.9375,0.12645761668682098
15559,701,,,2018-08-05 00:52:48.769580,0.953125,0.21938055753707886
15560,702,,,2018-08-05 00:52:49.780354,0.984375,0.08241577446460724
15561,703,,,2018-08-05 00:52:50.754661,1.0,0.07441006600856781
15562,704,,,2018-08-05 00:52:51.667529,0.96875,0.11351156234741211
15563,705,,,2018-08-05 00:52:52.607451,0.96875,0.10947143286466599
15564,706,,,2018-08-05 00:52:53.562929,0.921875,0.2460898458957672
15565,707,,,2018-08-05 00:52:54.535069,0.984375,0.08932176232337952
15566,708,,,2018-08-05 00:52:55.469665,0.984375,0.07834076136350632
15567,709,,,2018-08-05 00:52:56.361686,0.984375,0.10527312755584717
15568,710,,,2018-08-05 00:52:57.286663,0.953125,0.1561117023229599
15569,711,,,2018-08-05 00:52:58.148384,0.96875,0.1560635268688202
15570,712,,,2018-08-05 00:52:59.013838,0.921875,0.1799347847700119
15571,713,,,2018-08-05 00:52:59.882278,0.9375,0.139143168926239
15572,714,,,2018-08-05 00:53:00.814306,0.953125,0.15767453610897064
15573,715,,,2018-08-05 00:53:01.673238,0.984375,0.1482294201850891
15574,716,,,2018-08-05 00:53:02.554695,0.96875,0.11777231097221375
15575,717,,,2018-08-05 00:53:03.447398,0.9375,0.10424304753541946
15576,718,,,2018-08-05 00:53:04.412895,0.953125,0.1550658792257309
15577,719,,,2018-08-05 00:53:05.413714,0.984375,0.07700049877166748
15578,720,0.6648,1.4296327829360962,2018-08-05 00:53:06.410624,0.96875,0.14549049735069275
15579,721,,,2018-08-05 00:53:57.427483,1.0,0.05245866999030113
15580,722,,,2018-08-05 00:53:58.381758,0.984375,0.11932041496038437
15581,723,,,2018-08-05 00:53:59.215729,0.953125,0.14571598172187805
15582,724,,,2018-08-05 00:54:00.098085,0.953125,0.089856818318367
15583,725,,,2018-08-05 00:54:01.125877,0.96875,0.08565821498632431
15584,726,,,2018-08-05 00:54:02.158494,0.96875,0.12227549403905869
15585,727,,,2018-08-05 00:54:03.124842,0.984375,0.09954141825437546
15586,728,,,2018-08-05 00:54:04.104510,0.953125,0.12990200519561768
15587,729,,,2018-08-05 00:54:05.043862,0.953125,0.15468303859233856
15588,730,,,2018-08-05 00:54:05.992841,0.9375,0.15432429313659668
15589,731,,,2018-08-05 00:54:06.925495,0.96875,0.12360871583223343
15590,732,,,2018-08-05 00:54:07.884638,1.0,0.10633496195077896
15591,733,,,2018-08-05 00:54:08.724685,1.0,0.08038201183080673
15592,734,,,2018-08-05 00:54:09.572774,0.953125,0.16542094945907593
15593,735,,,2018-08-05 00:54:10.484613,0.96875,0.07507380843162537
15594,736,,,2018-08-05 00:54:11.444800,0.953125,0.17312756180763245
15595,737,,,2018-08-05 00:54:12.377663,0.9375,0.15327227115631104
15596,738,,,2018-08-05 00:54:13.322341,1.0,0.06647935509681702
15597,739,,,2018-08-05 00:54:14.233394,0.921875,0.1813659518957138
15598,740,0.6643,1.4296499490737915,2018-08-05 00:54:15.164951,0.96875,0.103363536298275
15599,741,,,2018-08-05 00:55:06.450909,0.984375,0.09774613380432129
15600,742,,,2018-08-05 00:55:07.367005,0.96875,0.1672467291355133
15601,743,,,2018-08-05 00:55:08.282308,0.96875,0.14948038756847382
15602,744,,,2018-08-05 00:55:09.291512,0.984375,0.10206877440214157
15603,745,,,2018-08-05 00:55:10.280867,0.96875,0.12230446189641953
15604,746,,,2018-08-05 00:55:11.254423,0.96875,0.13267041742801666
15605,747,,,2018-08-05 00:55:12.269471,0.953125,0.1624140739440918
15606,748,,,2018-08-05 00:55:13.232021,0.953125,0.18015733361244202
15607,749,,,2018-08-05 00:55:14.142279,0.9375,0.3096906244754791
15608,750,,,2018-08-05 00:55:14.957454,0.96875,0.11528422683477402
15609,751,,,2018-08-05 00:55:15.821781,0.953125,0.11900723725557327
15610,752,,,2018-08-05 00:55:16.689246,0.953125,0.16265365481376648
15611,753,,,2018-08-05 00:55:17.622851,0.96875,0.11397084593772888
15612,754,,,2018-08-05 00:55:18.516616,0.96875,0.12313693016767502
15613,755,,,2018-08-05 00:55:19.456179,0.96875,0.07008544355630875
15614,756,,,2018-08-05 00:55:20.419569,0.953125,0.15137988328933716
15615,757,,,2018-08-05 00:55:21.343097,0.921875,0.233984112739563
15616,758,,,2018-08-05 00:55:22.199883,1.0,0.06631939113140106
15617,759,,,2018-08-05 00:55:23.053162,0.984375,0.08429889380931854
15618,760,0.6642,1.430756688117981,2018-08-05 00:55:23.943912,0.984375,0.10516248643398285
15619,761,,,2018-08-05 00:56:13.805542,0.953125,0.136863574385643
15620,762,,,2018-08-05 00:56:14.664285,0.984375,0.13151802122592926
15621,763,,,2018-08-05 00:56:15.541995,0.96875,0.15545134246349335
15622,764,,,2018-08-05 00:56:16.439505,0.921875,0.24522027373313904
15623,765,,,2018-08-05 00:56:17.309977,0.9375,0.14603690803050995
15624,766,,,2018-08-05 00:56:18.245122,0.984375,0.09522808343172073
15625,767,,,2018-08-05 00:56:19.154603,0.984375,0.08728422224521637
15626,768,,,2018-08-05 00:56:20.070229,0.921875,0.20768067240715027
15627,769,,,2018-08-05 00:56:20.965032,0.9375,0.26181674003601074
15628,770,,,2018-08-05 00:56:21.884415,0.96875,0.15056705474853516
15629,771,,,2018-08-05 00:56:22.832633,0.9375,0.21155013144016266
15630,772,,,2018-08-05 00:56:23.710539,0.9375,0.1789238452911377
15631,773,,,2018-08-05 00:56:24.596613,0.953125,0.16319841146469116
15632,774,,,2018-08-05 00:56:25.492109,0.96875,0.15930859744548798
15633,775,,,2018-08-05 00:56:26.354585,1.0,0.10152409970760345
15634,776,,,2018-08-05 00:56:27.205193,0.921875,0.13191895186901093
15635,777,,,2018-08-05 00:56:28.113051,0.96875,0.11765111982822418
15636,778,,,2018-08-05 00:56:29.058098,0.9375,0.18254318833351135
15637,779,,,2018-08-05 00:56:29.980542,0.984375,0.0679476261138916
15638,780,0.6635,1.4308823347091675,2018-08-05 00:56:30.926930,0.953125,0.12634989619255066
15639,781,,,2018-08-05 00:57:19.449745,0.9375,0.29305675625801086
